+ CELLSIZE=20.0
+ DOMAINSIZE=12000.0
+ SIMULATION_TSTOP=86400.0
+ NUM_FLOAT_RASTERS=7
+ FLOAT_RASTER[2]=wd
+ FLOAT_VAL[2]=0.0
+ FLOAT_RASTER[3]=m1
+ FLOAT_VAL[3]=3.0
+ FLOAT_RASTER[4]=m10
+ FLOAT_VAL[4]=4.0
+ FLOAT_RASTER[5]=m100
+ FLOAT_VAL[5]=5.0
+ FLOAT_RASTER[6]=adj
+ FLOAT_VAL[6]=1.0
+ FLOAT_RASTER[7]=phi
+ FLOAT_VAL[7]=1.0
+ NUM_INT_RASTERS=8
+ INT_RASTER[1]=slp
+ INT_VAL[1]=0
+ INT_RASTER[2]=asp
+ INT_VAL[2]=0
+ INT_RASTER[3]=dem
+ INT_VAL[3]=0
+ INT_RASTER[4]=fbfm40
+ INT_VAL[4]=91
+ INT_RASTER[5]=cc
+ INT_VAL[5]=0
+ INT_RASTER[6]=ch
+ INT_VAL[6]=0
+ INT_RASTER[7]=cbh
+ INT_VAL[7]=0
+ INT_RASTER[8]=cbd
+ INT_VAL[8]=0
+ LH_MOISTURE_CONTENT=30.0
+ LW_MOISTURE_CONTENT=60.0
+ A_SRS='EPSG: 32610'
+ ELMFIRE_VER=2024.0916
++ echo '0.0 - 0.5 * 12000.0'
++ bc -l
+ XMIN=-6000.00
++ echo '0.0 + 0.5 * 12000.0'
++ bc -l
+ XMAX=6000.00
+ YMIN=-6000.00
+ YMAX=6000.00
+ TR='20.0 20.0'
+ TE='-6000.00 -6000.00 6000.00 6000.00'
+ SCRATCH=./scratch
+ INPUTS=./inputs
+ MISC=./misc
+ rm -f -r ./scratch ./inputs
+ mkdir ./inputs ./scratch
+ cp elmfire.data.in ./inputs/elmfire.data
+ printf 'x,y,z\n-100000,-100000,0\n100000,-100000,0\n-100000,100000,0\n100000,100000,0\n'
+ gdalwarp -tr 200000 200000 -te -100000 -100000 100000 100000 -s_srs 'EPSG: 32610' -t_srs 'EPSG: 32610' ./scratch/dummy.xyz ./scratch/dummy.tif
Creating output file that is 1P x 1L.
Processing ./scratch/dummy.xyz [1/1] : 0...10...20...30...40...50...60...70...80...90...100 - done.
+ gdalwarp -dstnodata -9999 -ot Float32 -tr 20.0 20.0 -te -6000.00 -6000.00 6000.00 6000.00 ./scratch/dummy.tif ./scratch/float.tif
Creating output file that is 600P x 600L.
Processing ./scratch/dummy.tif [1/1] : 0...10...20...30...40...50...60...70...80...90...100 - done.
+ gdalwarp -dstnodata -9999 -ot Int16 -tr 20.0 20.0 -te -6000.00 -6000.00 6000.00 6000.00 ./scratch/dummy.tif ./scratch/int.tif
Creating output file that is 600P x 600L.
Processing ./scratch/dummy.tif [1/1] : 0...10...20...30...40...50...60...70...80...90...100 - done.
++ eval echo '{2..7}'
+++ echo 2 3 4 5 6 7
+ for i in $(eval echo "{2..$NUM_FLOAT_RASTERS}")
+ gdal_calc.py -A ./scratch/float.tif --co=COMPRESS=DEFLATE --co=ZLEVEL=9 --NoDataValue=-9999 --outfile=./inputs/wd.tif '--calc=A + 0.0'
0...10...20...30...40...50...60...70...80...90...100 - done.
+ for i in $(eval echo "{2..$NUM_FLOAT_RASTERS}")
+ gdal_calc.py -A ./scratch/float.tif --co=COMPRESS=DEFLATE --co=ZLEVEL=9 --NoDataValue=-9999 --outfile=./inputs/m1.tif '--calc=A + 3.0'
0...10...20...30...40...50...60...70...80...90...100 - done.
+ for i in $(eval echo "{2..$NUM_FLOAT_RASTERS}")
+ gdal_calc.py -A ./scratch/float.tif --co=COMPRESS=DEFLATE --co=ZLEVEL=9 --NoDataValue=-9999 --outfile=./inputs/m10.tif '--calc=A + 4.0'
0...10...20...30...40...50...60...70...80...90...100 - done.
+ for i in $(eval echo "{2..$NUM_FLOAT_RASTERS}")
+ gdal_calc.py -A ./scratch/float.tif --co=COMPRESS=DEFLATE --co=ZLEVEL=9 --NoDataValue=-9999 --outfile=./inputs/m100.tif '--calc=A + 5.0'
0...10...20...30...40...50...60...70...80...90...100 - done.
+ for i in $(eval echo "{2..$NUM_FLOAT_RASTERS}")
+ gdal_calc.py -A ./scratch/float.tif --co=COMPRESS=DEFLATE --co=ZLEVEL=9 --NoDataValue=-9999 --outfile=./inputs/adj.tif '--calc=A + 1.0'
0...10...20...30...40...50...60...70...80...90...100 - done.
+ for i in $(eval echo "{2..$NUM_FLOAT_RASTERS}")
+ gdal_calc.py -A ./scratch/float.tif --co=COMPRESS=DEFLATE --co=ZLEVEL=9 --NoDataValue=-9999 --outfile=./inputs/phi.tif '--calc=A + 1.0'
0...10...20...30...40...50...60...70...80...90...100 - done.
++ eval echo '{1..8}'
+++ echo 1 2 3 4 5 6 7 8
+ for i in $(eval echo "{1..$NUM_INT_RASTERS}")
+ gdal_calc.py -A ./scratch/int.tif --co=COMPRESS=DEFLATE --co=ZLEVEL=9 --NoDataValue=-9999 --outfile=./inputs/slp.tif '--calc=A + 0'
0...10...20...30...40...50...60...70...80...90...100 - done.
+ for i in $(eval echo "{1..$NUM_INT_RASTERS}")
+ gdal_calc.py -A ./scratch/int.tif --co=COMPRESS=DEFLATE --co=ZLEVEL=9 --NoDataValue=-9999 --outfile=./inputs/asp.tif '--calc=A + 0'
0...10...20...30...40...50...60...70...80...90...100 - done.
+ for i in $(eval echo "{1..$NUM_INT_RASTERS}")
+ gdal_calc.py -A ./scratch/int.tif --co=COMPRESS=DEFLATE --co=ZLEVEL=9 --NoDataValue=-9999 --outfile=./inputs/dem.tif '--calc=A + 0'
0...10...20...30...40...50...60...70...80...90...100 - done.
+ for i in $(eval echo "{1..$NUM_INT_RASTERS}")
+ gdal_calc.py -A ./scratch/int.tif --co=COMPRESS=DEFLATE --co=ZLEVEL=9 --NoDataValue=-9999 --outfile=./inputs/fbfm40.tif '--calc=A + 91'
0...10...20...30...40...50...60...70...80...90...100 - done.
+ for i in $(eval echo "{1..$NUM_INT_RASTERS}")
+ gdal_calc.py -A ./scratch/int.tif --co=COMPRESS=DEFLATE --co=ZLEVEL=9 --NoDataValue=-9999 --outfile=./inputs/cc.tif '--calc=A + 0'
0...10...20...30...40...50...60...70...80...90...100 - done.
+ for i in $(eval echo "{1..$NUM_INT_RASTERS}")
+ gdal_calc.py -A ./scratch/int.tif --co=COMPRESS=DEFLATE --co=ZLEVEL=9 --NoDataValue=-9999 --outfile=./inputs/ch.tif '--calc=A + 0'
0...10...20...30...40...50...60...70...80...90...100 - done.
+ for i in $(eval echo "{1..$NUM_INT_RASTERS}")
+ gdal_calc.py -A ./scratch/int.tif --co=COMPRESS=DEFLATE --co=ZLEVEL=9 --NoDataValue=-9999 --outfile=./inputs/cbh.tif '--calc=A + 0'
0...10...20...30...40...50...60...70...80...90...100 - done.
+ for i in $(eval echo "{1..$NUM_INT_RASTERS}")
+ gdal_calc.py -A ./scratch/int.tif --co=COMPRESS=DEFLATE --co=ZLEVEL=9 --NoDataValue=-9999 --outfile=./inputs/cbd.tif '--calc=A + 0'
0...10...20...30...40...50...60...70...80...90...100 - done.
+ replace_line COMPUTATIONAL_DOMAIN_XLLCORNER -6000.00 no
+ MATCH_PATTERN=COMPUTATIONAL_DOMAIN_XLLCORNER
+ NEW_VALUE=-6000.00
+ IS_STRING=no
++ grep -n COMPUTATIONAL_DOMAIN_XLLCORNER ./inputs/elmfire.data
++ cut -d: -f1
+ LINE=41
+ sed -i '41 d' ./inputs/elmfire.data
+ '[' no = yes ']'
+ sed -i '41 i COMPUTATIONAL_DOMAIN_XLLCORNER = -6000.00' ./inputs/elmfire.data
+ replace_line COMPUTATIONAL_DOMAIN_YLLCORNER -6000.00 no
+ MATCH_PATTERN=COMPUTATIONAL_DOMAIN_YLLCORNER
+ NEW_VALUE=-6000.00
+ IS_STRING=no
++ grep -n COMPUTATIONAL_DOMAIN_YLLCORNER ./inputs/elmfire.data
++ cut -d: -f1
+ LINE=42
+ sed -i '42 d' ./inputs/elmfire.data
+ '[' no = yes ']'
+ sed -i '42 i COMPUTATIONAL_DOMAIN_YLLCORNER = -6000.00' ./inputs/elmfire.data
+ replace_line COMPUTATIONAL_DOMAIN_CELLSIZE 20.0 no
+ MATCH_PATTERN=COMPUTATIONAL_DOMAIN_CELLSIZE
+ NEW_VALUE=20.0
+ IS_STRING=no
++ grep -n COMPUTATIONAL_DOMAIN_CELLSIZE ./inputs/elmfire.data
++ cut -d: -f1
+ LINE=40
+ sed -i '40 d' ./inputs/elmfire.data
+ '[' no = yes ']'
+ sed -i '40 i COMPUTATIONAL_DOMAIN_CELLSIZE = 20.0' ./inputs/elmfire.data
+ replace_line SIMULATION_TSTOP 86400.0 no
+ MATCH_PATTERN=SIMULATION_TSTOP
+ NEW_VALUE=86400.0
+ IS_STRING=no
++ grep -n SIMULATION_TSTOP ./inputs/elmfire.data
++ cut -d: -f1
+ LINE=47
+ sed -i '47 d' ./inputs/elmfire.data
+ '[' no = yes ']'
+ sed -i '47 i SIMULATION_TSTOP = 86400.0' ./inputs/elmfire.data
+ replace_line LH_MOISTURE_CONTENT 30.0 no
+ MATCH_PATTERN=LH_MOISTURE_CONTENT
+ NEW_VALUE=30.0
+ IS_STRING=no
++ grep -n LH_MOISTURE_CONTENT ./inputs/elmfire.data
++ cut -d: -f1
+ LINE=20
+ sed -i '20 d' ./inputs/elmfire.data
+ '[' no = yes ']'
+ sed -i '20 i LH_MOISTURE_CONTENT = 30.0' ./inputs/elmfire.data
+ replace_line LW_MOISTURE_CONTENT 60.0 no
+ MATCH_PATTERN=LW_MOISTURE_CONTENT
+ NEW_VALUE=60.0
+ IS_STRING=no
++ grep -n LW_MOISTURE_CONTENT ./inputs/elmfire.data
++ cut -d: -f1
+ LINE=21
+ sed -i '21 d' ./inputs/elmfire.data
+ '[' no = yes ']'
+ sed -i '21 i LW_MOISTURE_CONTENT = 60.0' ./inputs/elmfire.data
+ replace_line A_SRS 'EPSG: 32610' yes
+ MATCH_PATTERN=A_SRS
+ NEW_VALUE='EPSG: 32610'
+ IS_STRING=yes
++ grep -n A_SRS ./inputs/elmfire.data
++ cut -d: -f1
+ LINE=39
+ sed -i '39 d' ./inputs/elmfire.data
+ '[' yes = yes ']'
+ sed -i '39 i A_SRS = '\''EPSG: 32610'\''' ./inputs/elmfire.data
+ for WIND_SPEED in 0.0 15.0 30.0
+ OUTPUTS_DIR=./outputs_C20.0_W0.0
+ replace_line OUTPUTS_DIRECTORY ./outputs_C20.0_W0.0 yes
+ MATCH_PATTERN=OUTPUTS_DIRECTORY
+ NEW_VALUE=./outputs_C20.0_W0.0
+ IS_STRING=yes
++ grep -n OUTPUTS_DIRECTORY ./inputs/elmfire.data
++ cut -d: -f1
+ LINE=25
+ sed -i '25 d' ./inputs/elmfire.data
+ '[' yes = yes ']'
+ sed -i '25 i OUTPUTS_DIRECTORY = '\''./outputs_C20.0_W0.0'\''' ./inputs/elmfire.data
+ '[' -d ./outputs_C20.0_W0.0 ']'
+ mkdir ./outputs_C20.0_W0.0
+ gdal_calc.py -A ./scratch/float.tif --co=COMPRESS=DEFLATE --co=ZLEVEL=9 --NoDataValue=-9999 --outfile=./inputs/ws.tif '--calc=A + 0.0'
0...10...20...30...40...50...60...70...80...90...100 - done.
+ /home/dwip/binYiren_SU2/elmfire_2024.0916 ./inputs/elmfire.data
 ELMFIRE 2024.0916
 Reading &MISCELLANEOUS namelist group
 Reading &INPUTS namelist group
 Reading &OUTPUTS namelist group
 Reading &COMPUTATIONAL_DOMAIN namelist group
 Reading &TIME_CONTROL namelist group
 Reading &SIMULATOR namelist group
 Reading &WUI namelist group
 Reading &CALIBRATION namelist group
 Reading &SUPPRESSION namelist group
 Reading &SPOTTING namelist group
 Reading &SMOKE namelist group
 Reading &MONTE_CARLO namelist group
 Reading headers for fuels/topography and weather rasters
/usr/bin/gdal_translate -of ENVI -co "INTERLEAVE=BSQ" ./inputs/asp.tif ./scratch/asp.bsq
Input file size is 600, 600
0...10...20...30...40...50...60...70...80...90...100 - done.
/usr/bin/gdal_translate -of ENVI -co "INTERLEAVE=BSQ" ./inputs/ws.tif ./scratch/ws.bsq
Input file size is 600, 600
0...10...20...30...40...50...60...70...80...90...100 - done.
 Setting up shared memory, part 1
 Reading weather, fuel, and topography rasters
/bin/rm -f ./scratch/ws.bsq ./scratch/ws.hdr ./scratch/ws.prj ./scratch/ws.bsq.aux.xml
/usr/bin/gdal_translate -of ENVI -co "INTERLEAVE=BSQ" ./inputs/ws.tif ./scratch/ws.bsq
Input file size is 600, 600
0...10...20...30...40...50...60...70...80...90...100 - done.
/bin/rm -f ./scratch/wd.bsq ./scratch/wd.hdr ./scratch/wd.prj ./scratch/wd.bsq.aux.xml
/usr/bin/gdal_translate -of ENVI -co "INTERLEAVE=BSQ" ./inputs/wd.tif ./scratch/wd.bsq
Input file size is 600, 600
0...10...20...30...40...50...60...70...80...90...100 - done.
/bin/rm -f ./scratch/m1.bsq ./scratch/m1.hdr ./scratch/m1.prj ./scratch/m1.bsq.aux.xml
/usr/bin/gdal_translate -of ENVI -co "INTERLEAVE=BSQ" ./inputs/m1.tif ./scratch/m1.bsq
Input file size is 600, 600
0...10...20...30...40...50...60...70...80...90...100 - done.
/bin/rm -f ./scratch/m10.bsq ./scratch/m10.hdr ./scratch/m10.prj ./scratch/m10.bsq.aux.xml
/usr/bin/gdal_translate -of ENVI -co "INTERLEAVE=BSQ" ./inputs/m10.tif ./scratch/m10.bsq
Input file size is 600, 600
0...10...20...30...40...50...60...70...80...90...100 - done.
/bin/rm -f ./scratch/m100.bsq ./scratch/m100.hdr ./scratch/m100.prj ./scratch/m100.bsq.aux.xml
/usr/bin/gdal_translate -of ENVI -co "INTERLEAVE=BSQ" ./inputs/m100.tif ./scratch/m100.bsq
Input file size is 600, 600
0...10...20...30...40...50...60...70...80...90...100 - done.
 Reading fuel and topography rasters
/bin/rm -f ./scratch/asp.bsq ./scratch/asp.hdr ./scratch/asp.prj ./scratch/asp.bsq.aux.xml
/usr/bin/gdal_translate -of ENVI -co "INTERLEAVE=BSQ" ./inputs/asp.tif ./scratch/asp.bsq
Input file size is 600, 600
0...10...20...30...40...50...60...70...80...90...100 - done.
/bin/rm -f ./scratch/cbh.bsq ./scratch/cbh.hdr ./scratch/cbh.prj ./scratch/cbh.bsq.aux.xml
/usr/bin/gdal_translate -of ENVI -co "INTERLEAVE=BSQ" ./inputs/cbh.tif ./scratch/cbh.bsq
Input file size is 600, 600
0...10...20...30...40...50...60...70...80...90...100 - done.
/bin/rm -f ./scratch/cbd.bsq ./scratch/cbd.hdr ./scratch/cbd.prj ./scratch/cbd.bsq.aux.xml
/usr/bin/gdal_translate -of ENVI -co "INTERLEAVE=BSQ" ./inputs/cbd.tif ./scratch/cbd.bsq
Input file size is 600, 600
0...10...20...30...40...50...60...70...80...90...100 - done.
/bin/rm -f ./scratch/cc.bsq ./scratch/cc.hdr ./scratch/cc.prj ./scratch/cc.bsq.aux.xml
/usr/bin/gdal_translate -of ENVI -co "INTERLEAVE=BSQ" ./inputs/cc.tif ./scratch/cc.bsq
Input file size is 600, 600
0...10...20...30...40...50...60...70...80...90...100 - done.
/bin/rm -f ./scratch/ch.bsq ./scratch/ch.hdr ./scratch/ch.prj ./scratch/ch.bsq.aux.xml
/usr/bin/gdal_translate -of ENVI -co "INTERLEAVE=BSQ" ./inputs/ch.tif ./scratch/ch.bsq
Input file size is 600, 600
0...10...20...30...40...50...60...70...80...90...100 - done.
/bin/rm -f ./scratch/dem.bsq ./scratch/dem.hdr ./scratch/dem.prj ./scratch/dem.bsq.aux.xml
/usr/bin/gdal_translate -of ENVI -co "INTERLEAVE=BSQ" ./inputs/dem.tif ./scratch/dem.bsq
Input file size is 600, 600
0...10...20...30...40...50...60...70...80...90...100 - done.
/bin/rm -f ./scratch/fbfm40.bsq ./scratch/fbfm40.hdr ./scratch/fbfm40.prj ./scratch/fbfm40.bsq.aux.xml
/usr/bin/gdal_translate -of ENVI -co "INTERLEAVE=BSQ" ./inputs/fbfm40.tif ./scratch/fbfm40.bsq
Input file size is 600, 600
0...10...20...30...40...50...60...70...80...90...100 - done.
/bin/rm -f ./scratch/slp.bsq ./scratch/slp.hdr ./scratch/slp.prj ./scratch/slp.bsq.aux.xml
/usr/bin/gdal_translate -of ENVI -co "INTERLEAVE=BSQ" ./inputs/slp.tif ./scratch/slp.bsq
Input file size is 600, 600
0...10...20...30...40...50...60...70...80...90...100 - done.
/bin/rm -f ./scratch/adj.bsq ./scratch/adj.hdr ./scratch/adj.prj ./scratch/adj.bsq.aux.xml
/usr/bin/gdal_translate -of ENVI -co "INTERLEAVE=BSQ" ./inputs/adj.tif ./scratch/adj.bsq
Input file size is 600, 600
0...10...20...30...40...50...60...70...80...90...100 - done.
/bin/rm -f ./scratch/phi.bsq ./scratch/phi.hdr ./scratch/phi.prj ./scratch/phi.bsq.aux.xml
/usr/bin/gdal_translate -of ENVI -co "INTERLEAVE=BSQ" ./inputs/phi.tif ./scratch/phi.bsq
Input file size is 600, 600
0...10...20...30...40...50...60...70...80...90...100 - done.
 Allocating additional rasters
 Setting up shared memory, part 2
 Setting up statistics arrays
 ELMFIRE is running each ensemble member
Meteorology band      1: Case #       1 complete.  Fire area:    428.6 acres.
 End of simulation reached successfully. Shutting down.
+ for f in $OUTPUTS_DIR/*.bil
++ basename ./outputs_C20.0_W0.0/flin_0000001_0087111.bil
++ cut -d. -f1
+ gdal_translate -a_srs 'EPSG: 32610' -co COMPRESS=DEFLATE -co ZLEVEL=9 ./outputs_C20.0_W0.0/flin_0000001_0087111.bil ./outputs_C20.0_W0.0/flin_0000001_0087111.tif
Input file size is 600, 600
0...10...20...30...40...50...60...70...80...90...100 - done.
+ for f in $OUTPUTS_DIR/*.bil
++ basename ./outputs_C20.0_W0.0/time_of_arrival_0000001_0087111.bil
++ cut -d. -f1
+ gdal_translate -a_srs 'EPSG: 32610' -co COMPRESS=DEFLATE -co ZLEVEL=9 ./outputs_C20.0_W0.0/time_of_arrival_0000001_0087111.bil ./outputs_C20.0_W0.0/time_of_arrival_0000001_0087111.tif
Input file size is 600, 600
0...10...20...30...40...50...60...70...80...90...100 - done.
+ for f in $OUTPUTS_DIR/*.bil
++ basename ./outputs_C20.0_W0.0/vs_0000001_0087111.bil
++ cut -d. -f1
+ gdal_translate -a_srs 'EPSG: 32610' -co COMPRESS=DEFLATE -co ZLEVEL=9 ./outputs_C20.0_W0.0/vs_0000001_0087111.bil ./outputs_C20.0_W0.0/vs_0000001_0087111.tif
Input file size is 600, 600
0...10...20...30...40...50...60...70...80...90...100 - done.
+ rm -f -r ./outputs_C20.0_W0.0/fire_size_stats.csv ./outputs_C20.0_W0.0/timings_firelabserver.csv ./outputs_C20.0_W0.0/flin_0000001_0087111.bil ./outputs_C20.0_W0.0/time_of_arrival_0000001_0087111.bil ./outputs_C20.0_W0.0/vs_0000001_0087111.bil ./outputs_C20.0_W0.0/flin_0000001_0087111.hdr ./outputs_C20.0_W0.0/time_of_arrival_0000001_0087111.hdr ./outputs_C20.0_W0.0/vs_0000001_0087111.hdr ./inputs/ws.tif
+ for WIND_SPEED in 0.0 15.0 30.0
+ OUTPUTS_DIR=./outputs_C20.0_W15.0
+ replace_line OUTPUTS_DIRECTORY ./outputs_C20.0_W15.0 yes
+ MATCH_PATTERN=OUTPUTS_DIRECTORY
+ NEW_VALUE=./outputs_C20.0_W15.0
+ IS_STRING=yes
++ cut -d: -f1
++ grep -n OUTPUTS_DIRECTORY ./inputs/elmfire.data
+ LINE=25
+ sed -i '25 d' ./inputs/elmfire.data
+ '[' yes = yes ']'
+ sed -i '25 i OUTPUTS_DIRECTORY = '\''./outputs_C20.0_W15.0'\''' ./inputs/elmfire.data
+ '[' -d ./outputs_C20.0_W15.0 ']'
+ mkdir ./outputs_C20.0_W15.0
+ gdal_calc.py -A ./scratch/float.tif --co=COMPRESS=DEFLATE --co=ZLEVEL=9 --NoDataValue=-9999 --outfile=./inputs/ws.tif '--calc=A + 15.0'
0...10...20...30...40...50...60...70...80...90...100 - done.
+ /home/dwip/binYiren_SU2/elmfire_2024.0916 ./inputs/elmfire.data
 ELMFIRE 2024.0916
 Reading &MISCELLANEOUS namelist group
 Reading &INPUTS namelist group
 Reading &OUTPUTS namelist group
 Reading &COMPUTATIONAL_DOMAIN namelist group
 Reading &TIME_CONTROL namelist group
 Reading &SIMULATOR namelist group
 Reading &WUI namelist group
 Reading &CALIBRATION namelist group
 Reading &SUPPRESSION namelist group
 Reading &SPOTTING namelist group
 Reading &SMOKE namelist group
 Reading &MONTE_CARLO namelist group
 Reading headers for fuels/topography and weather rasters
/usr/bin/gdal_translate -of ENVI -co "INTERLEAVE=BSQ" ./inputs/asp.tif ./scratch/asp.bsq
Input file size is 600, 600
0...10...20...30...40...50...60...70...80...90...100 - done.
/usr/bin/gdal_translate -of ENVI -co "INTERLEAVE=BSQ" ./inputs/ws.tif ./scratch/ws.bsq
Input file size is 600, 600
0...10...20...30...40...50...60...70...80...90...100 - done.
 Setting up shared memory, part 1
 Reading weather, fuel, and topography rasters
/bin/rm -f ./scratch/ws.bsq ./scratch/ws.hdr ./scratch/ws.prj ./scratch/ws.bsq.aux.xml
/usr/bin/gdal_translate -of ENVI -co "INTERLEAVE=BSQ" ./inputs/ws.tif ./scratch/ws.bsq
Input file size is 600, 600
0...10...20...30...40...50...60...70...80...90...100 - done.
/bin/rm -f ./scratch/wd.bsq ./scratch/wd.hdr ./scratch/wd.prj ./scratch/wd.bsq.aux.xml
/usr/bin/gdal_translate -of ENVI -co "INTERLEAVE=BSQ" ./inputs/wd.tif ./scratch/wd.bsq
Input file size is 600, 600
0...10...20...30...40...50...60...70...80...90...100 - done.
/bin/rm -f ./scratch/m1.bsq ./scratch/m1.hdr ./scratch/m1.prj ./scratch/m1.bsq.aux.xml
/usr/bin/gdal_translate -of ENVI -co "INTERLEAVE=BSQ" ./inputs/m1.tif ./scratch/m1.bsq
Input file size is 600, 600
0...10...20...30...40...50...60...70...80...90...100 - done.
/bin/rm -f ./scratch/m10.bsq ./scratch/m10.hdr ./scratch/m10.prj ./scratch/m10.bsq.aux.xml
/usr/bin/gdal_translate -of ENVI -co "INTERLEAVE=BSQ" ./inputs/m10.tif ./scratch/m10.bsq
Input file size is 600, 600
0...10...20...30...40...50...60...70...80...90...100 - done.
/bin/rm -f ./scratch/m100.bsq ./scratch/m100.hdr ./scratch/m100.prj ./scratch/m100.bsq.aux.xml
/usr/bin/gdal_translate -of ENVI -co "INTERLEAVE=BSQ" ./inputs/m100.tif ./scratch/m100.bsq
Input file size is 600, 600
0...10...20...30...40...50...60...70...80...90...100 - done.
 Reading fuel and topography rasters
/bin/rm -f ./scratch/asp.bsq ./scratch/asp.hdr ./scratch/asp.prj ./scratch/asp.bsq.aux.xml
/usr/bin/gdal_translate -of ENVI -co "INTERLEAVE=BSQ" ./inputs/asp.tif ./scratch/asp.bsq
Input file size is 600, 600
0...10...20...30...40...50...60...70...80...90...100 - done.
/bin/rm -f ./scratch/cbh.bsq ./scratch/cbh.hdr ./scratch/cbh.prj ./scratch/cbh.bsq.aux.xml
/usr/bin/gdal_translate -of ENVI -co "INTERLEAVE=BSQ" ./inputs/cbh.tif ./scratch/cbh.bsq
Input file size is 600, 600
0...10...20...30...40...50...60...70...80...90...100 - done.
/bin/rm -f ./scratch/cbd.bsq ./scratch/cbd.hdr ./scratch/cbd.prj ./scratch/cbd.bsq.aux.xml
/usr/bin/gdal_translate -of ENVI -co "INTERLEAVE=BSQ" ./inputs/cbd.tif ./scratch/cbd.bsq
Input file size is 600, 600
0...10...20...30...40...50...60...70...80...90...100 - done.
/bin/rm -f ./scratch/cc.bsq ./scratch/cc.hdr ./scratch/cc.prj ./scratch/cc.bsq.aux.xml
/usr/bin/gdal_translate -of ENVI -co "INTERLEAVE=BSQ" ./inputs/cc.tif ./scratch/cc.bsq
Input file size is 600, 600
0...10...20...30...40...50...60...70...80...90...100 - done.
/bin/rm -f ./scratch/ch.bsq ./scratch/ch.hdr ./scratch/ch.prj ./scratch/ch.bsq.aux.xml
/usr/bin/gdal_translate -of ENVI -co "INTERLEAVE=BSQ" ./inputs/ch.tif ./scratch/ch.bsq
Input file size is 600, 600
0...10...20...30...40...50...60...70...80...90...100 - done.
/bin/rm -f ./scratch/dem.bsq ./scratch/dem.hdr ./scratch/dem.prj ./scratch/dem.bsq.aux.xml
/usr/bin/gdal_translate -of ENVI -co "INTERLEAVE=BSQ" ./inputs/dem.tif ./scratch/dem.bsq
Input file size is 600, 600
0...10...20...30...40...50...60...70...80...90...100 - done.
/bin/rm -f ./scratch/fbfm40.bsq ./scratch/fbfm40.hdr ./scratch/fbfm40.prj ./scratch/fbfm40.bsq.aux.xml
/usr/bin/gdal_translate -of ENVI -co "INTERLEAVE=BSQ" ./inputs/fbfm40.tif ./scratch/fbfm40.bsq
Input file size is 600, 600
0...10...20...30...40...50...60...70...80...90...100 - done.
/bin/rm -f ./scratch/slp.bsq ./scratch/slp.hdr ./scratch/slp.prj ./scratch/slp.bsq.aux.xml
/usr/bin/gdal_translate -of ENVI -co "INTERLEAVE=BSQ" ./inputs/slp.tif ./scratch/slp.bsq
Input file size is 600, 600
0...10...20...30...40...50...60...70...80...90...100 - done.
/bin/rm -f ./scratch/adj.bsq ./scratch/adj.hdr ./scratch/adj.prj ./scratch/adj.bsq.aux.xml
/usr/bin/gdal_translate -of ENVI -co "INTERLEAVE=BSQ" ./inputs/adj.tif ./scratch/adj.bsq
Input file size is 600, 600
0...10...20...30...40...50...60...70...80...90...100 - done.
/bin/rm -f ./scratch/phi.bsq ./scratch/phi.hdr ./scratch/phi.prj ./scratch/phi.bsq.aux.xml
/usr/bin/gdal_translate -of ENVI -co "INTERLEAVE=BSQ" ./inputs/phi.tif ./scratch/phi.bsq
Input file size is 600, 600
0...10...20...30...40...50...60...70...80...90...100 - done.
 Allocating additional rasters
 Setting up shared memory, part 2
 Setting up statistics arrays
 ELMFIRE is running each ensemble member
Meteorology band      1: Case #       1 complete.  Fire area:    875.8 acres.
 End of simulation reached successfully. Shutting down.
+ for f in $OUTPUTS_DIR/*.bil
++ basename ./outputs_C20.0_W15.0/flin_0000001_0086537.bil
++ cut -d. -f1
+ gdal_translate -a_srs 'EPSG: 32610' -co COMPRESS=DEFLATE -co ZLEVEL=9 ./outputs_C20.0_W15.0/flin_0000001_0086537.bil ./outputs_C20.0_W15.0/flin_0000001_0086537.tif
Input file size is 600, 600
0...10...20...30...40...50...60...70...80...90...100 - done.
+ for f in $OUTPUTS_DIR/*.bil
++ basename ./outputs_C20.0_W15.0/time_of_arrival_0000001_0086537.bil
++ cut -d. -f1
+ gdal_translate -a_srs 'EPSG: 32610' -co COMPRESS=DEFLATE -co ZLEVEL=9 ./outputs_C20.0_W15.0/time_of_arrival_0000001_0086537.bil ./outputs_C20.0_W15.0/time_of_arrival_0000001_0086537.tif
Input file size is 600, 600
0...10...20...30...40...50...60...70...80...90...100 - done.
+ for f in $OUTPUTS_DIR/*.bil
++ basename ./outputs_C20.0_W15.0/vs_0000001_0086537.bil
++ cut -d. -f1
+ gdal_translate -a_srs 'EPSG: 32610' -co COMPRESS=DEFLATE -co ZLEVEL=9 ./outputs_C20.0_W15.0/vs_0000001_0086537.bil ./outputs_C20.0_W15.0/vs_0000001_0086537.tif
Input file size is 600, 600
0...10...20...30...40...50...60...70...80...90...100 - done.
+ rm -f -r ./outputs_C20.0_W15.0/fire_size_stats.csv ./outputs_C20.0_W15.0/timings_firelabserver.csv ./outputs_C20.0_W15.0/flin_0000001_0086537.bil ./outputs_C20.0_W15.0/time_of_arrival_0000001_0086537.bil ./outputs_C20.0_W15.0/vs_0000001_0086537.bil ./outputs_C20.0_W15.0/flin_0000001_0086537.hdr ./outputs_C20.0_W15.0/time_of_arrival_0000001_0086537.hdr ./outputs_C20.0_W15.0/vs_0000001_0086537.hdr ./inputs/ws.tif
+ for WIND_SPEED in 0.0 15.0 30.0
+ OUTPUTS_DIR=./outputs_C20.0_W30.0
+ replace_line OUTPUTS_DIRECTORY ./outputs_C20.0_W30.0 yes
+ MATCH_PATTERN=OUTPUTS_DIRECTORY
+ NEW_VALUE=./outputs_C20.0_W30.0
+ IS_STRING=yes
++ grep -n OUTPUTS_DIRECTORY ./inputs/elmfire.data
++ cut -d: -f1
+ LINE=25
+ sed -i '25 d' ./inputs/elmfire.data
+ '[' yes = yes ']'
+ sed -i '25 i OUTPUTS_DIRECTORY = '\''./outputs_C20.0_W30.0'\''' ./inputs/elmfire.data
+ '[' -d ./outputs_C20.0_W30.0 ']'
+ mkdir ./outputs_C20.0_W30.0
+ gdal_calc.py -A ./scratch/float.tif --co=COMPRESS=DEFLATE --co=ZLEVEL=9 --NoDataValue=-9999 --outfile=./inputs/ws.tif '--calc=A + 30.0'
0...10...20...30...40...50...60...70...80...90...100 - done.
+ /home/dwip/binYiren_SU2/elmfire_2024.0916 ./inputs/elmfire.data
 ELMFIRE 2024.0916
 Reading &MISCELLANEOUS namelist group
 Reading &INPUTS namelist group
 Reading &OUTPUTS namelist group
 Reading &COMPUTATIONAL_DOMAIN namelist group
 Reading &TIME_CONTROL namelist group
 Reading &SIMULATOR namelist group
 Reading &WUI namelist group
 Reading &CALIBRATION namelist group
 Reading &SUPPRESSION namelist group
 Reading &SPOTTING namelist group
 Reading &SMOKE namelist group
 Reading &MONTE_CARLO namelist group
 Reading headers for fuels/topography and weather rasters
/usr/bin/gdal_translate -of ENVI -co "INTERLEAVE=BSQ" ./inputs/asp.tif ./scratch/asp.bsq
Input file size is 600, 600
0...10...20...30...40...50...60...70...80...90...100 - done.
/usr/bin/gdal_translate -of ENVI -co "INTERLEAVE=BSQ" ./inputs/ws.tif ./scratch/ws.bsq
Input file size is 600, 600
0...10...20...30...40...50...60...70...80...90...100 - done.
 Setting up shared memory, part 1
 Reading weather, fuel, and topography rasters
/bin/rm -f ./scratch/ws.bsq ./scratch/ws.hdr ./scratch/ws.prj ./scratch/ws.bsq.aux.xml
/usr/bin/gdal_translate -of ENVI -co "INTERLEAVE=BSQ" ./inputs/ws.tif ./scratch/ws.bsq
Input file size is 600, 600
0...10...20...30...40...50...60...70...80...90...100 - done.
/bin/rm -f ./scratch/wd.bsq ./scratch/wd.hdr ./scratch/wd.prj ./scratch/wd.bsq.aux.xml
/usr/bin/gdal_translate -of ENVI -co "INTERLEAVE=BSQ" ./inputs/wd.tif ./scratch/wd.bsq
Input file size is 600, 600
0...10...20...30...40...50...60...70...80...90...100 - done.
/bin/rm -f ./scratch/m1.bsq ./scratch/m1.hdr ./scratch/m1.prj ./scratch/m1.bsq.aux.xml
/usr/bin/gdal_translate -of ENVI -co "INTERLEAVE=BSQ" ./inputs/m1.tif ./scratch/m1.bsq
Input file size is 600, 600
0...10...20...30...40...50...60...70...80...90...100 - done.
/bin/rm -f ./scratch/m10.bsq ./scratch/m10.hdr ./scratch/m10.prj ./scratch/m10.bsq.aux.xml
/usr/bin/gdal_translate -of ENVI -co "INTERLEAVE=BSQ" ./inputs/m10.tif ./scratch/m10.bsq
Input file size is 600, 600
0...10...20...30...40...50...60...70...80...90...100 - done.
/bin/rm -f ./scratch/m100.bsq ./scratch/m100.hdr ./scratch/m100.prj ./scratch/m100.bsq.aux.xml
/usr/bin/gdal_translate -of ENVI -co "INTERLEAVE=BSQ" ./inputs/m100.tif ./scratch/m100.bsq
Input file size is 600, 600
0...10...20...30...40...50...60...70...80...90...100 - done.
 Reading fuel and topography rasters
/bin/rm -f ./scratch/asp.bsq ./scratch/asp.hdr ./scratch/asp.prj ./scratch/asp.bsq.aux.xml
/usr/bin/gdal_translate -of ENVI -co "INTERLEAVE=BSQ" ./inputs/asp.tif ./scratch/asp.bsq
Input file size is 600, 600
0...10...20...30...40...50...60...70...80...90...100 - done.
/bin/rm -f ./scratch/cbh.bsq ./scratch/cbh.hdr ./scratch/cbh.prj ./scratch/cbh.bsq.aux.xml
/usr/bin/gdal_translate -of ENVI -co "INTERLEAVE=BSQ" ./inputs/cbh.tif ./scratch/cbh.bsq
Input file size is 600, 600
0...10...20...30...40...50...60...70...80...90...100 - done.
/bin/rm -f ./scratch/cbd.bsq ./scratch/cbd.hdr ./scratch/cbd.prj ./scratch/cbd.bsq.aux.xml
/usr/bin/gdal_translate -of ENVI -co "INTERLEAVE=BSQ" ./inputs/cbd.tif ./scratch/cbd.bsq
Input file size is 600, 600
0...10...20...30...40...50...60...70...80...90...100 - done.
/bin/rm -f ./scratch/cc.bsq ./scratch/cc.hdr ./scratch/cc.prj ./scratch/cc.bsq.aux.xml
/usr/bin/gdal_translate -of ENVI -co "INTERLEAVE=BSQ" ./inputs/cc.tif ./scratch/cc.bsq
Input file size is 600, 600
0...10...20...30...40...50...60...70...80...90...100 - done.
/bin/rm -f ./scratch/ch.bsq ./scratch/ch.hdr ./scratch/ch.prj ./scratch/ch.bsq.aux.xml
/usr/bin/gdal_translate -of ENVI -co "INTERLEAVE=BSQ" ./inputs/ch.tif ./scratch/ch.bsq
Input file size is 600, 600
0...10...20...30...40...50...60...70...80...90...100 - done.
/bin/rm -f ./scratch/dem.bsq ./scratch/dem.hdr ./scratch/dem.prj ./scratch/dem.bsq.aux.xml
/usr/bin/gdal_translate -of ENVI -co "INTERLEAVE=BSQ" ./inputs/dem.tif ./scratch/dem.bsq
Input file size is 600, 600
0...10...20...30...40...50...60...70...80...90...100 - done.
/bin/rm -f ./scratch/fbfm40.bsq ./scratch/fbfm40.hdr ./scratch/fbfm40.prj ./scratch/fbfm40.bsq.aux.xml
/usr/bin/gdal_translate -of ENVI -co "INTERLEAVE=BSQ" ./inputs/fbfm40.tif ./scratch/fbfm40.bsq
Input file size is 600, 600
0...10...20...30...40...50...60...70...80...90...100 - done.
/bin/rm -f ./scratch/slp.bsq ./scratch/slp.hdr ./scratch/slp.prj ./scratch/slp.bsq.aux.xml
/usr/bin/gdal_translate -of ENVI -co "INTERLEAVE=BSQ" ./inputs/slp.tif ./scratch/slp.bsq
Input file size is 600, 600
0...10...20...30...40...50...60...70...80...90...100 - done.
/bin/rm -f ./scratch/adj.bsq ./scratch/adj.hdr ./scratch/adj.prj ./scratch/adj.bsq.aux.xml
/usr/bin/gdal_translate -of ENVI -co "INTERLEAVE=BSQ" ./inputs/adj.tif ./scratch/adj.bsq
Input file size is 600, 600
0...10...20...30...40...50...60...70...80...90...100 - done.
/bin/rm -f ./scratch/phi.bsq ./scratch/phi.hdr ./scratch/phi.prj ./scratch/phi.bsq.aux.xml
/usr/bin/gdal_translate -of ENVI -co "INTERLEAVE=BSQ" ./inputs/phi.tif ./scratch/phi.bsq
Input file size is 600, 600
0...10...20...30...40...50...60...70...80...90...100 - done.
 Allocating additional rasters
 Setting up shared memory, part 2
 Setting up statistics arrays
 ELMFIRE is running each ensemble member
Meteorology band      1: Case #       1 complete.  Fire area:   2096.7 acres.
 End of simulation reached successfully. Shutting down.
+ for f in $OUTPUTS_DIR/*.bil
++ basename ./outputs_C20.0_W30.0/flin_0000001_0086428.bil
++ cut -d. -f1
+ gdal_translate -a_srs 'EPSG: 32610' -co COMPRESS=DEFLATE -co ZLEVEL=9 ./outputs_C20.0_W30.0/flin_0000001_0086428.bil ./outputs_C20.0_W30.0/flin_0000001_0086428.tif
Input file size is 600, 600
0...10...20...30...40...50...60...70...80...90...100 - done.
+ for f in $OUTPUTS_DIR/*.bil
++ cut -d. -f1
++ basename ./outputs_C20.0_W30.0/time_of_arrival_0000001_0086428.bil
+ gdal_translate -a_srs 'EPSG: 32610' -co COMPRESS=DEFLATE -co ZLEVEL=9 ./outputs_C20.0_W30.0/time_of_arrival_0000001_0086428.bil ./outputs_C20.0_W30.0/time_of_arrival_0000001_0086428.tif
Input file size is 600, 600
0...10...20...30...40...50...60...70...80...90...100 - done.
+ for f in $OUTPUTS_DIR/*.bil
++ basename ./outputs_C20.0_W30.0/vs_0000001_0086428.bil
++ cut -d. -f1
+ gdal_translate -a_srs 'EPSG: 32610' -co COMPRESS=DEFLATE -co ZLEVEL=9 ./outputs_C20.0_W30.0/vs_0000001_0086428.bil ./outputs_C20.0_W30.0/vs_0000001_0086428.tif
Input file size is 600, 600
0...10...20...30...40...50...60...70...80...90...100 - done.
+ rm -f -r ./outputs_C20.0_W30.0/fire_size_stats.csv ./outputs_C20.0_W30.0/timings_firelabserver.csv ./outputs_C20.0_W30.0/flin_0000001_0086428.bil ./outputs_C20.0_W30.0/time_of_arrival_0000001_0086428.bil ./outputs_C20.0_W30.0/vs_0000001_0086428.bil ./outputs_C20.0_W30.0/flin_0000001_0086428.hdr ./outputs_C20.0_W30.0/time_of_arrival_0000001_0086428.hdr ./outputs_C20.0_W30.0/vs_0000001_0086428.hdr ./inputs/ws.tif
+ '[' -d outputsSingle ']'
+ rm -r outputsSingle
+ mkdir outputsSingle
+ mv outputs_C20.0_W0.0 outputs_C20.0_W15.0 outputs_C20.0_W30.0 outputsSingle
+ exit 0
+ CELLSIZE=20.0
+ DOMAINSIZE=12000.0
+ SIMULATION_TSTOP=43200.0
+ NUM_FLOAT_RASTERS=7
+ FLOAT_RASTER[2]=wd
+ FLOAT_VAL[2]=0.0
+ FLOAT_RASTER[3]=m1
+ FLOAT_VAL[3]=3.0
+ FLOAT_RASTER[4]=m10
+ FLOAT_VAL[4]=4.0
+ FLOAT_RASTER[5]=m100
+ FLOAT_VAL[5]=5.0
+ FLOAT_RASTER[6]=adj
+ FLOAT_VAL[6]=1.0
+ FLOAT_RASTER[7]=phi
+ FLOAT_VAL[7]=1.0
+ NUM_INT_RASTERS=8
+ INT_RASTER[1]=slp
+ INT_VAL[1]=0
+ INT_RASTER[2]=asp
+ INT_VAL[2]=0
+ INT_RASTER[3]=dem
+ INT_VAL[3]=0
+ INT_RASTER[4]=fbfm40
+ INT_VAL[4]=91
+ INT_RASTER[5]=cc
+ INT_VAL[5]=0
+ INT_RASTER[6]=ch
+ INT_VAL[6]=0
+ INT_RASTER[7]=cbh
+ INT_VAL[7]=0
+ INT_RASTER[8]=cbd
+ INT_VAL[8]=0
+ LH_MOISTURE_CONTENT=30.0
+ LW_MOISTURE_CONTENT=60.0
+ A_SRS='EPSG: 32610'
+ ELMFIRE_VER=2024.0916
++ echo '0.0 - 0.5 * 12000.0'
++ bc -l
+ XMIN=-6000.00
++ echo '0.0 + 0.5 * 12000.0'
++ bc -l
+ XMAX=6000.00
+ YMIN=-6000.00
+ YMAX=6000.00
+ TR='20.0 20.0'
+ TE='-6000.00 -6000.00 6000.00 6000.00'
+ SCRATCH=./scratch
+ INPUTS=./inputs
+ MISC=./misc
+ rm -f -r ./scratch ./inputs
+ mkdir ./inputs ./scratch
+ cp elmfire.data.in ./inputs/elmfire.data
+ printf 'x,y,z\n-100000,-100000,0\n100000,-100000,0\n-100000,100000,0\n100000,100000,0\n'
+ gdalwarp -tr 200000 200000 -te -100000 -100000 100000 100000 -s_srs 'EPSG: 32610' -t_srs 'EPSG: 32610' ./scratch/dummy.xyz ./scratch/dummy.tif
Creating output file that is 1P x 1L.
Processing ./scratch/dummy.xyz [1/1] : 0...10...20...30...40...50...60...70...80...90...100 - done.
+ gdalwarp -dstnodata -9999 -ot Float32 -tr 20.0 20.0 -te -6000.00 -6000.00 6000.00 6000.00 ./scratch/dummy.tif ./scratch/float.tif
Creating output file that is 600P x 600L.
Processing ./scratch/dummy.tif [1/1] : 0...10...20...30...40...50...60...70...80...90...100 - done.
+ gdalwarp -dstnodata -9999 -ot Int16 -tr 20.0 20.0 -te -6000.00 -6000.00 6000.00 6000.00 ./scratch/dummy.tif ./scratch/int.tif
Creating output file that is 600P x 600L.
Processing ./scratch/dummy.tif [1/1] : 0...10...20...30...40...50...60...70...80...90...100 - done.
++ eval echo '{2..7}'
+++ echo 2 3 4 5 6 7
+ for i in $(eval echo "{2..$NUM_FLOAT_RASTERS}")
+ gdal_calc.py -A ./scratch/float.tif --co=COMPRESS=DEFLATE --co=ZLEVEL=9 --NoDataValue=-9999 --outfile=./inputs/wd.tif '--calc=A + 0.0'
0...10...20...30...40...50...60...70...80...90...100 - done.
+ for i in $(eval echo "{2..$NUM_FLOAT_RASTERS}")
+ gdal_calc.py -A ./scratch/float.tif --co=COMPRESS=DEFLATE --co=ZLEVEL=9 --NoDataValue=-9999 --outfile=./inputs/m1.tif '--calc=A + 3.0'
0...10...20...30...40...50...60...70...80...90...100 - done.
+ for i in $(eval echo "{2..$NUM_FLOAT_RASTERS}")
+ gdal_calc.py -A ./scratch/float.tif --co=COMPRESS=DEFLATE --co=ZLEVEL=9 --NoDataValue=-9999 --outfile=./inputs/m10.tif '--calc=A + 4.0'
0...10...20...30...40...50...60...70...80...90...100 - done.
+ for i in $(eval echo "{2..$NUM_FLOAT_RASTERS}")
+ gdal_calc.py -A ./scratch/float.tif --co=COMPRESS=DEFLATE --co=ZLEVEL=9 --NoDataValue=-9999 --outfile=./inputs/m100.tif '--calc=A + 5.0'
0...10...20...30...40...50...60...70...80...90...100 - done.
+ for i in $(eval echo "{2..$NUM_FLOAT_RASTERS}")
+ gdal_calc.py -A ./scratch/float.tif --co=COMPRESS=DEFLATE --co=ZLEVEL=9 --NoDataValue=-9999 --outfile=./inputs/adj.tif '--calc=A + 1.0'
0...10...20...30...40...50...60...70...80...90...100 - done.
+ for i in $(eval echo "{2..$NUM_FLOAT_RASTERS}")
+ gdal_calc.py -A ./scratch/float.tif --co=COMPRESS=DEFLATE --co=ZLEVEL=9 --NoDataValue=-9999 --outfile=./inputs/phi.tif '--calc=A + 1.0'
0...10...20...30...40...50...60...70...80...90...100 - done.
++ eval echo '{1..8}'
+++ echo 1 2 3 4 5 6 7 8
+ for i in $(eval echo "{1..$NUM_INT_RASTERS}")
+ gdal_calc.py -A ./scratch/int.tif --co=COMPRESS=DEFLATE --co=ZLEVEL=9 --NoDataValue=-9999 --outfile=./inputs/slp.tif '--calc=A + 0'
0...10...20...30...40...50...60...70...80...90...100 - done.
+ for i in $(eval echo "{1..$NUM_INT_RASTERS}")
+ gdal_calc.py -A ./scratch/int.tif --co=COMPRESS=DEFLATE --co=ZLEVEL=9 --NoDataValue=-9999 --outfile=./inputs/asp.tif '--calc=A + 0'
0...10...20...30...40...50...60...70...80...90...100 - done.
+ for i in $(eval echo "{1..$NUM_INT_RASTERS}")
+ gdal_calc.py -A ./scratch/int.tif --co=COMPRESS=DEFLATE --co=ZLEVEL=9 --NoDataValue=-9999 --outfile=./inputs/dem.tif '--calc=A + 0'
0...10...20...30...40...50...60...70...80...90...100 - done.
+ for i in $(eval echo "{1..$NUM_INT_RASTERS}")
+ gdal_calc.py -A ./scratch/int.tif --co=COMPRESS=DEFLATE --co=ZLEVEL=9 --NoDataValue=-9999 --outfile=./inputs/fbfm40.tif '--calc=A + 91'
0...10...20...30...40...50...60...70...80...90...100 - done.
+ for i in $(eval echo "{1..$NUM_INT_RASTERS}")
+ gdal_calc.py -A ./scratch/int.tif --co=COMPRESS=DEFLATE --co=ZLEVEL=9 --NoDataValue=-9999 --outfile=./inputs/cc.tif '--calc=A + 0'
0...10...20...30...40...50...60...70...80...90...100 - done.
+ for i in $(eval echo "{1..$NUM_INT_RASTERS}")
+ gdal_calc.py -A ./scratch/int.tif --co=COMPRESS=DEFLATE --co=ZLEVEL=9 --NoDataValue=-9999 --outfile=./inputs/ch.tif '--calc=A + 0'
0...10...20...30...40...50...60...70...80...90...100 - done.
+ for i in $(eval echo "{1..$NUM_INT_RASTERS}")
+ gdal_calc.py -A ./scratch/int.tif --co=COMPRESS=DEFLATE --co=ZLEVEL=9 --NoDataValue=-9999 --outfile=./inputs/cbh.tif '--calc=A + 0'
0...10...20...30...40...50...60...70...80...90...100 - done.
+ for i in $(eval echo "{1..$NUM_INT_RASTERS}")
+ gdal_calc.py -A ./scratch/int.tif --co=COMPRESS=DEFLATE --co=ZLEVEL=9 --NoDataValue=-9999 --outfile=./inputs/cbd.tif '--calc=A + 0'
0...10...20...30...40...50...60...70...80...90...100 - done.
+ replace_line COMPUTATIONAL_DOMAIN_XLLCORNER -6000.00 no
+ MATCH_PATTERN=COMPUTATIONAL_DOMAIN_XLLCORNER
+ NEW_VALUE=-6000.00
+ IS_STRING=no
++ grep -n COMPUTATIONAL_DOMAIN_XLLCORNER ./inputs/elmfire.data
++ cut -d: -f1
+ LINE=41
+ sed -i '41 d' ./inputs/elmfire.data
+ '[' no = yes ']'
+ sed -i '41 i COMPUTATIONAL_DOMAIN_XLLCORNER = -6000.00' ./inputs/elmfire.data
+ replace_line COMPUTATIONAL_DOMAIN_YLLCORNER -6000.00 no
+ MATCH_PATTERN=COMPUTATIONAL_DOMAIN_YLLCORNER
+ NEW_VALUE=-6000.00
+ IS_STRING=no
++ grep -n COMPUTATIONAL_DOMAIN_YLLCORNER ./inputs/elmfire.data
++ cut -d: -f1
+ LINE=42
+ sed -i '42 d' ./inputs/elmfire.data
+ '[' no = yes ']'
+ sed -i '42 i COMPUTATIONAL_DOMAIN_YLLCORNER = -6000.00' ./inputs/elmfire.data
+ replace_line COMPUTATIONAL_DOMAIN_CELLSIZE 20.0 no
+ MATCH_PATTERN=COMPUTATIONAL_DOMAIN_CELLSIZE
+ NEW_VALUE=20.0
+ IS_STRING=no
++ grep -n COMPUTATIONAL_DOMAIN_CELLSIZE ./inputs/elmfire.data
++ cut -d: -f1
+ LINE=40
+ sed -i '40 d' ./inputs/elmfire.data
+ '[' no = yes ']'
+ sed -i '40 i COMPUTATIONAL_DOMAIN_CELLSIZE = 20.0' ./inputs/elmfire.data
+ replace_line SIMULATION_TSTOP 43200.0 no
+ MATCH_PATTERN=SIMULATION_TSTOP
+ NEW_VALUE=43200.0
+ IS_STRING=no
++ grep -n SIMULATION_TSTOP ./inputs/elmfire.data
++ cut -d: -f1
+ LINE=47
+ sed -i '47 d' ./inputs/elmfire.data
+ '[' no = yes ']'
+ sed -i '47 i SIMULATION_TSTOP = 43200.0' ./inputs/elmfire.data
+ replace_line LH_MOISTURE_CONTENT 30.0 no
+ MATCH_PATTERN=LH_MOISTURE_CONTENT
+ NEW_VALUE=30.0
+ IS_STRING=no
++ grep -n LH_MOISTURE_CONTENT ./inputs/elmfire.data
++ cut -d: -f1
+ LINE=20
+ sed -i '20 d' ./inputs/elmfire.data
+ '[' no = yes ']'
+ sed -i '20 i LH_MOISTURE_CONTENT = 30.0' ./inputs/elmfire.data
+ replace_line LW_MOISTURE_CONTENT 60.0 no
+ MATCH_PATTERN=LW_MOISTURE_CONTENT
+ NEW_VALUE=60.0
+ IS_STRING=no
++ grep -n LW_MOISTURE_CONTENT ./inputs/elmfire.data
++ cut -d: -f1
+ LINE=21
+ sed -i '21 d' ./inputs/elmfire.data
+ '[' no = yes ']'
+ sed -i '21 i LW_MOISTURE_CONTENT = 60.0' ./inputs/elmfire.data
+ replace_line A_SRS 'EPSG: 32610' yes
+ MATCH_PATTERN=A_SRS
+ NEW_VALUE='EPSG: 32610'
+ IS_STRING=yes
++ grep -n A_SRS ./inputs/elmfire.data
++ cut -d: -f1
+ LINE=39
+ sed -i '39 d' ./inputs/elmfire.data
+ '[' yes = yes ']'
+ sed -i '39 i A_SRS = '\''EPSG: 32610'\''' ./inputs/elmfire.data
+ for WIND_SPEED in 0.0 15.0 30.0
+ OUTPUTS_DIR=./outputs_C20.0_W0.0
+ replace_line OUTPUTS_DIRECTORY ./outputs_C20.0_W0.0 yes
+ MATCH_PATTERN=OUTPUTS_DIRECTORY
+ NEW_VALUE=./outputs_C20.0_W0.0
+ IS_STRING=yes
++ grep -n OUTPUTS_DIRECTORY ./inputs/elmfire.data
++ cut -d: -f1
+ LINE=25
+ sed -i '25 d' ./inputs/elmfire.data
+ '[' yes = yes ']'
+ sed -i '25 i OUTPUTS_DIRECTORY = '\''./outputs_C20.0_W0.0'\''' ./inputs/elmfire.data
+ '[' -d ./outputs_C20.0_W0.0 ']'
+ mkdir ./outputs_C20.0_W0.0
+ gdal_calc.py -A ./scratch/float.tif --co=COMPRESS=DEFLATE --co=ZLEVEL=9 --NoDataValue=-9999 --outfile=./inputs/ws.tif '--calc=A + 0.0'
0...10...20...30...40...50...60...70...80...90...100 - done.
+ /home/dwip/binYiren_SU2/elmfire_2024.0916 ./inputs/elmfire.data
 ELMFIRE 2024.0916
 Reading &MISCELLANEOUS namelist group
 Reading &INPUTS namelist group
 Reading &OUTPUTS namelist group
 Reading &COMPUTATIONAL_DOMAIN namelist group
 Reading &TIME_CONTROL namelist group
 Reading &SIMULATOR namelist group
 Reading &WUI namelist group
 Reading &CALIBRATION namelist group
 Reading &SUPPRESSION namelist group
 Reading &SPOTTING namelist group
 Reading &SMOKE namelist group
 Reading &MONTE_CARLO namelist group
 Reading headers for fuels/topography and weather rasters
/usr/bin/gdal_translate -of ENVI -co "INTERLEAVE=BSQ" ./inputs/asp.tif ./scratch/asp.bsq
Input file size is 600, 600
0...10...20...30...40...50...60...70...80...90...100 - done.
/usr/bin/gdal_translate -of ENVI -co "INTERLEAVE=BSQ" ./inputs/ws.tif ./scratch/ws.bsq
Input file size is 600, 600
0...10...20...30...40...50...60...70...80...90...100 - done.
 Setting up shared memory, part 1
 Reading weather, fuel, and topography rasters
/bin/rm -f ./scratch/ws.bsq ./scratch/ws.hdr ./scratch/ws.prj ./scratch/ws.bsq.aux.xml
/usr/bin/gdal_translate -of ENVI -co "INTERLEAVE=BSQ" ./inputs/ws.tif ./scratch/ws.bsq
Input file size is 600, 600
0...10...20...30...40...50...60...70...80...90...100 - done.
/bin/rm -f ./scratch/wd.bsq ./scratch/wd.hdr ./scratch/wd.prj ./scratch/wd.bsq.aux.xml
/usr/bin/gdal_translate -of ENVI -co "INTERLEAVE=BSQ" ./inputs/wd.tif ./scratch/wd.bsq
Input file size is 600, 600
0...10...20...30...40...50...60...70...80...90...100 - done.
/bin/rm -f ./scratch/m1.bsq ./scratch/m1.hdr ./scratch/m1.prj ./scratch/m1.bsq.aux.xml
/usr/bin/gdal_translate -of ENVI -co "INTERLEAVE=BSQ" ./inputs/m1.tif ./scratch/m1.bsq
Input file size is 600, 600
0...10...20...30...40...50...60...70...80...90...100 - done.
/bin/rm -f ./scratch/m10.bsq ./scratch/m10.hdr ./scratch/m10.prj ./scratch/m10.bsq.aux.xml
/usr/bin/gdal_translate -of ENVI -co "INTERLEAVE=BSQ" ./inputs/m10.tif ./scratch/m10.bsq
Input file size is 600, 600
0...10...20...30...40...50...60...70...80...90...100 - done.
/bin/rm -f ./scratch/m100.bsq ./scratch/m100.hdr ./scratch/m100.prj ./scratch/m100.bsq.aux.xml
/usr/bin/gdal_translate -of ENVI -co "INTERLEAVE=BSQ" ./inputs/m100.tif ./scratch/m100.bsq
Input file size is 600, 600
0...10...20...30...40...50...60...70...80...90...100 - done.
 Reading fuel and topography rasters
/bin/rm -f ./scratch/asp.bsq ./scratch/asp.hdr ./scratch/asp.prj ./scratch/asp.bsq.aux.xml
/usr/bin/gdal_translate -of ENVI -co "INTERLEAVE=BSQ" ./inputs/asp.tif ./scratch/asp.bsq
Input file size is 600, 600
0...10...20...30...40...50...60...70...80...90...100 - done.
/bin/rm -f ./scratch/cbh.bsq ./scratch/cbh.hdr ./scratch/cbh.prj ./scratch/cbh.bsq.aux.xml
/usr/bin/gdal_translate -of ENVI -co "INTERLEAVE=BSQ" ./inputs/cbh.tif ./scratch/cbh.bsq
Input file size is 600, 600
0...10...20...30...40...50...60...70...80...90...100 - done.
/bin/rm -f ./scratch/cbd.bsq ./scratch/cbd.hdr ./scratch/cbd.prj ./scratch/cbd.bsq.aux.xml
/usr/bin/gdal_translate -of ENVI -co "INTERLEAVE=BSQ" ./inputs/cbd.tif ./scratch/cbd.bsq
Input file size is 600, 600
0...10...20...30...40...50...60...70...80...90...100 - done.
/bin/rm -f ./scratch/cc.bsq ./scratch/cc.hdr ./scratch/cc.prj ./scratch/cc.bsq.aux.xml
/usr/bin/gdal_translate -of ENVI -co "INTERLEAVE=BSQ" ./inputs/cc.tif ./scratch/cc.bsq
Input file size is 600, 600
0...10...20...30...40...50...60...70...80...90...100 - done.
/bin/rm -f ./scratch/ch.bsq ./scratch/ch.hdr ./scratch/ch.prj ./scratch/ch.bsq.aux.xml
/usr/bin/gdal_translate -of ENVI -co "INTERLEAVE=BSQ" ./inputs/ch.tif ./scratch/ch.bsq
Input file size is 600, 600
0...10...20...30...40...50...60...70...80...90...100 - done.
/bin/rm -f ./scratch/dem.bsq ./scratch/dem.hdr ./scratch/dem.prj ./scratch/dem.bsq.aux.xml
/usr/bin/gdal_translate -of ENVI -co "INTERLEAVE=BSQ" ./inputs/dem.tif ./scratch/dem.bsq
Input file size is 600, 600
0...10...20...30...40...50...60...70...80...90...100 - done.
/bin/rm -f ./scratch/fbfm40.bsq ./scratch/fbfm40.hdr ./scratch/fbfm40.prj ./scratch/fbfm40.bsq.aux.xml
/usr/bin/gdal_translate -of ENVI -co "INTERLEAVE=BSQ" ./inputs/fbfm40.tif ./scratch/fbfm40.bsq
Input file size is 600, 600
0...10...20...30...40...50...60...70...80...90...100 - done.
/bin/rm -f ./scratch/slp.bsq ./scratch/slp.hdr ./scratch/slp.prj ./scratch/slp.bsq.aux.xml
/usr/bin/gdal_translate -of ENVI -co "INTERLEAVE=BSQ" ./inputs/slp.tif ./scratch/slp.bsq
Input file size is 600, 600
0...10...20...30...40...50...60...70...80...90...100 - done.
/bin/rm -f ./scratch/adj.bsq ./scratch/adj.hdr ./scratch/adj.prj ./scratch/adj.bsq.aux.xml
/usr/bin/gdal_translate -of ENVI -co "INTERLEAVE=BSQ" ./inputs/adj.tif ./scratch/adj.bsq
Input file size is 600, 600
0...10...20...30...40...50...60...70...80...90...100 - done.
/bin/rm -f ./scratch/phi.bsq ./scratch/phi.hdr ./scratch/phi.prj ./scratch/phi.bsq.aux.xml
/usr/bin/gdal_translate -of ENVI -co "INTERLEAVE=BSQ" ./inputs/phi.tif ./scratch/phi.bsq
Input file size is 600, 600
0...10...20...30...40...50...60...70...80...90...100 - done.
 Allocating additional rasters
 Setting up shared memory, part 2
 Setting up statistics arrays
 ELMFIRE is running each ensemble member
Meteorology band      1: Case #       1 complete.  Fire area:    133.3 acres.
 End of simulation reached successfully. Shutting down.
+ for f in $OUTPUTS_DIR/*.bil
++ basename ./outputs_C20.0_W0.0/flin_0000001_0043440.bil
++ cut -d. -f1
+ gdal_translate -a_srs 'EPSG: 32610' -co COMPRESS=DEFLATE -co ZLEVEL=9 ./outputs_C20.0_W0.0/flin_0000001_0043440.bil ./outputs_C20.0_W0.0/flin_0000001_0043440.tif
Input file size is 600, 600
0...10...20...30...40...50...60...70...80...90...100 - done.
+ for f in $OUTPUTS_DIR/*.bil
++ basename ./outputs_C20.0_W0.0/time_of_arrival_0000001_0043440.bil
++ cut -d. -f1
+ gdal_translate -a_srs 'EPSG: 32610' -co COMPRESS=DEFLATE -co ZLEVEL=9 ./outputs_C20.0_W0.0/time_of_arrival_0000001_0043440.bil ./outputs_C20.0_W0.0/time_of_arrival_0000001_0043440.tif
Input file size is 600, 600
0...10...20...30...40...50...60...70...80...90...100 - done.
+ for f in $OUTPUTS_DIR/*.bil
++ basename ./outputs_C20.0_W0.0/vs_0000001_0043440.bil
++ cut -d. -f1
+ gdal_translate -a_srs 'EPSG: 32610' -co COMPRESS=DEFLATE -co ZLEVEL=9 ./outputs_C20.0_W0.0/vs_0000001_0043440.bil ./outputs_C20.0_W0.0/vs_0000001_0043440.tif
Input file size is 600, 600
0...10...20...30...40...50...60...70...80...90...100 - done.
+ rm -f -r ./outputs_C20.0_W0.0/fire_size_stats.csv ./outputs_C20.0_W0.0/timings_firelabserver.csv ./outputs_C20.0_W0.0/flin_0000001_0043440.bil ./outputs_C20.0_W0.0/time_of_arrival_0000001_0043440.bil ./outputs_C20.0_W0.0/vs_0000001_0043440.bil ./outputs_C20.0_W0.0/flin_0000001_0043440.hdr ./outputs_C20.0_W0.0/time_of_arrival_0000001_0043440.hdr ./outputs_C20.0_W0.0/vs_0000001_0043440.hdr ./inputs/ws.tif
+ for WIND_SPEED in 0.0 15.0 30.0
+ OUTPUTS_DIR=./outputs_C20.0_W15.0
+ replace_line OUTPUTS_DIRECTORY ./outputs_C20.0_W15.0 yes
+ MATCH_PATTERN=OUTPUTS_DIRECTORY
+ NEW_VALUE=./outputs_C20.0_W15.0
+ IS_STRING=yes
++ grep -n OUTPUTS_DIRECTORY ./inputs/elmfire.data
++ cut -d: -f1
+ LINE=25
+ sed -i '25 d' ./inputs/elmfire.data
+ '[' yes = yes ']'
+ sed -i '25 i OUTPUTS_DIRECTORY = '\''./outputs_C20.0_W15.0'\''' ./inputs/elmfire.data
+ '[' -d ./outputs_C20.0_W15.0 ']'
+ mkdir ./outputs_C20.0_W15.0
+ gdal_calc.py -A ./scratch/float.tif --co=COMPRESS=DEFLATE --co=ZLEVEL=9 --NoDataValue=-9999 --outfile=./inputs/ws.tif '--calc=A + 15.0'
0...10...20...30...40...50...60...70...80...90...100 - done.
+ /home/dwip/binYiren_SU2/elmfire_2024.0916 ./inputs/elmfire.data
 ELMFIRE 2024.0916
 Reading &MISCELLANEOUS namelist group
 Reading &INPUTS namelist group
 Reading &OUTPUTS namelist group
 Reading &COMPUTATIONAL_DOMAIN namelist group
 Reading &TIME_CONTROL namelist group
 Reading &SIMULATOR namelist group
 Reading &WUI namelist group
 Reading &CALIBRATION namelist group
 Reading &SUPPRESSION namelist group
 Reading &SPOTTING namelist group
 Reading &SMOKE namelist group
 Reading &MONTE_CARLO namelist group
 Reading headers for fuels/topography and weather rasters
/usr/bin/gdal_translate -of ENVI -co "INTERLEAVE=BSQ" ./inputs/asp.tif ./scratch/asp.bsq
Input file size is 600, 600
0...10...20...30...40...50...60...70...80...90...100 - done.
/usr/bin/gdal_translate -of ENVI -co "INTERLEAVE=BSQ" ./inputs/ws.tif ./scratch/ws.bsq
Input file size is 600, 600
0...10...20...30...40...50...60...70...80...90...100 - done.
 Setting up shared memory, part 1
 Reading weather, fuel, and topography rasters
/bin/rm -f ./scratch/ws.bsq ./scratch/ws.hdr ./scratch/ws.prj ./scratch/ws.bsq.aux.xml
/usr/bin/gdal_translate -of ENVI -co "INTERLEAVE=BSQ" ./inputs/ws.tif ./scratch/ws.bsq
Input file size is 600, 600
0...10...20...30...40...50...60...70...80...90...100 - done.
/bin/rm -f ./scratch/wd.bsq ./scratch/wd.hdr ./scratch/wd.prj ./scratch/wd.bsq.aux.xml
/usr/bin/gdal_translate -of ENVI -co "INTERLEAVE=BSQ" ./inputs/wd.tif ./scratch/wd.bsq
Input file size is 600, 600
0...10...20...30...40...50...60...70...80...90...100 - done.
/bin/rm -f ./scratch/m1.bsq ./scratch/m1.hdr ./scratch/m1.prj ./scratch/m1.bsq.aux.xml
/usr/bin/gdal_translate -of ENVI -co "INTERLEAVE=BSQ" ./inputs/m1.tif ./scratch/m1.bsq
Input file size is 600, 600
0...10...20...30...40...50...60...70...80...90...100 - done.
/bin/rm -f ./scratch/m10.bsq ./scratch/m10.hdr ./scratch/m10.prj ./scratch/m10.bsq.aux.xml
/usr/bin/gdal_translate -of ENVI -co "INTERLEAVE=BSQ" ./inputs/m10.tif ./scratch/m10.bsq
Input file size is 600, 600
0...10...20...30...40...50...60...70...80...90...100 - done.
/bin/rm -f ./scratch/m100.bsq ./scratch/m100.hdr ./scratch/m100.prj ./scratch/m100.bsq.aux.xml
/usr/bin/gdal_translate -of ENVI -co "INTERLEAVE=BSQ" ./inputs/m100.tif ./scratch/m100.bsq
Input file size is 600, 600
0...10...20...30...40...50...60...70...80...90...100 - done.
 Reading fuel and topography rasters
/bin/rm -f ./scratch/asp.bsq ./scratch/asp.hdr ./scratch/asp.prj ./scratch/asp.bsq.aux.xml
/usr/bin/gdal_translate -of ENVI -co "INTERLEAVE=BSQ" ./inputs/asp.tif ./scratch/asp.bsq
Input file size is 600, 600
0...10...20...30...40...50...60...70...80...90...100 - done.
/bin/rm -f ./scratch/cbh.bsq ./scratch/cbh.hdr ./scratch/cbh.prj ./scratch/cbh.bsq.aux.xml
/usr/bin/gdal_translate -of ENVI -co "INTERLEAVE=BSQ" ./inputs/cbh.tif ./scratch/cbh.bsq
Input file size is 600, 600
0...10...20...30...40...50...60...70...80...90...100 - done.
/bin/rm -f ./scratch/cbd.bsq ./scratch/cbd.hdr ./scratch/cbd.prj ./scratch/cbd.bsq.aux.xml
/usr/bin/gdal_translate -of ENVI -co "INTERLEAVE=BSQ" ./inputs/cbd.tif ./scratch/cbd.bsq
Input file size is 600, 600
0...10...20...30...40...50...60...70...80...90...100 - done.
/bin/rm -f ./scratch/cc.bsq ./scratch/cc.hdr ./scratch/cc.prj ./scratch/cc.bsq.aux.xml
/usr/bin/gdal_translate -of ENVI -co "INTERLEAVE=BSQ" ./inputs/cc.tif ./scratch/cc.bsq
Input file size is 600, 600
0...10...20...30...40...50...60...70...80...90...100 - done.
/bin/rm -f ./scratch/ch.bsq ./scratch/ch.hdr ./scratch/ch.prj ./scratch/ch.bsq.aux.xml
/usr/bin/gdal_translate -of ENVI -co "INTERLEAVE=BSQ" ./inputs/ch.tif ./scratch/ch.bsq
Input file size is 600, 600
0...10...20...30...40...50...60...70...80...90...100 - done.
/bin/rm -f ./scratch/dem.bsq ./scratch/dem.hdr ./scratch/dem.prj ./scratch/dem.bsq.aux.xml
/usr/bin/gdal_translate -of ENVI -co "INTERLEAVE=BSQ" ./inputs/dem.tif ./scratch/dem.bsq
Input file size is 600, 600
0...10...20...30...40...50...60...70...80...90...100 - done.
/bin/rm -f ./scratch/fbfm40.bsq ./scratch/fbfm40.hdr ./scratch/fbfm40.prj ./scratch/fbfm40.bsq.aux.xml
/usr/bin/gdal_translate -of ENVI -co "INTERLEAVE=BSQ" ./inputs/fbfm40.tif ./scratch/fbfm40.bsq
Input file size is 600, 600
0...10...20...30...40...50...60...70...80...90...100 - done.
/bin/rm -f ./scratch/slp.bsq ./scratch/slp.hdr ./scratch/slp.prj ./scratch/slp.bsq.aux.xml
/usr/bin/gdal_translate -of ENVI -co "INTERLEAVE=BSQ" ./inputs/slp.tif ./scratch/slp.bsq
Input file size is 600, 600
0...10...20...30...40...50...60...70...80...90...100 - done.
/bin/rm -f ./scratch/adj.bsq ./scratch/adj.hdr ./scratch/adj.prj ./scratch/adj.bsq.aux.xml
/usr/bin/gdal_translate -of ENVI -co "INTERLEAVE=BSQ" ./inputs/adj.tif ./scratch/adj.bsq
Input file size is 600, 600
0...10...20...30...40...50...60...70...80...90...100 - done.
/bin/rm -f ./scratch/phi.bsq ./scratch/phi.hdr ./scratch/phi.prj ./scratch/phi.bsq.aux.xml
/usr/bin/gdal_translate -of ENVI -co "INTERLEAVE=BSQ" ./inputs/phi.tif ./scratch/phi.bsq
Input file size is 600, 600
0...10...20...30...40...50...60...70...80...90...100 - done.
 Allocating additional rasters
 Setting up shared memory, part 2
 Setting up statistics arrays
 ELMFIRE is running each ensemble member
Meteorology band      1: Case #       1 complete.  Fire area:    596.7 acres.
 End of simulation reached successfully. Shutting down.
+ for f in $OUTPUTS_DIR/*.bil
++ basename ./outputs_C20.0_W15.0/flin_0000001_0043305.bil
++ cut -d. -f1
+ gdal_translate -a_srs 'EPSG: 32610' -co COMPRESS=DEFLATE -co ZLEVEL=9 ./outputs_C20.0_W15.0/flin_0000001_0043305.bil ./outputs_C20.0_W15.0/flin_0000001_0043305.tif
Input file size is 600, 600
0...10...20...30...40...50...60...70...80...90...100 - done.
+ for f in $OUTPUTS_DIR/*.bil
++ basename ./outputs_C20.0_W15.0/time_of_arrival_0000001_0043305.bil
++ cut -d. -f1
+ gdal_translate -a_srs 'EPSG: 32610' -co COMPRESS=DEFLATE -co ZLEVEL=9 ./outputs_C20.0_W15.0/time_of_arrival_0000001_0043305.bil ./outputs_C20.0_W15.0/time_of_arrival_0000001_0043305.tif
Input file size is 600, 600
0...10...20...30...40...50...60...70...80...90...100 - done.
+ for f in $OUTPUTS_DIR/*.bil
++ basename ./outputs_C20.0_W15.0/vs_0000001_0043305.bil
++ cut -d. -f1
+ gdal_translate -a_srs 'EPSG: 32610' -co COMPRESS=DEFLATE -co ZLEVEL=9 ./outputs_C20.0_W15.0/vs_0000001_0043305.bil ./outputs_C20.0_W15.0/vs_0000001_0043305.tif
Input file size is 600, 600
0...10...20...30...40...50...60...70...80...90...100 - done.
+ rm -f -r ./outputs_C20.0_W15.0/fire_size_stats.csv ./outputs_C20.0_W15.0/timings_firelabserver.csv ./outputs_C20.0_W15.0/flin_0000001_0043305.bil ./outputs_C20.0_W15.0/time_of_arrival_0000001_0043305.bil ./outputs_C20.0_W15.0/vs_0000001_0043305.bil ./outputs_C20.0_W15.0/flin_0000001_0043305.hdr ./outputs_C20.0_W15.0/time_of_arrival_0000001_0043305.hdr ./outputs_C20.0_W15.0/vs_0000001_0043305.hdr ./inputs/ws.tif
+ for WIND_SPEED in 0.0 15.0 30.0
+ OUTPUTS_DIR=./outputs_C20.0_W30.0
+ replace_line OUTPUTS_DIRECTORY ./outputs_C20.0_W30.0 yes
+ MATCH_PATTERN=OUTPUTS_DIRECTORY
+ NEW_VALUE=./outputs_C20.0_W30.0
+ IS_STRING=yes
++ grep -n OUTPUTS_DIRECTORY ./inputs/elmfire.data
++ cut -d: -f1
+ LINE=25
+ sed -i '25 d' ./inputs/elmfire.data
+ '[' yes = yes ']'
+ sed -i '25 i OUTPUTS_DIRECTORY = '\''./outputs_C20.0_W30.0'\''' ./inputs/elmfire.data
+ '[' -d ./outputs_C20.0_W30.0 ']'
+ mkdir ./outputs_C20.0_W30.0
+ gdal_calc.py -A ./scratch/float.tif --co=COMPRESS=DEFLATE --co=ZLEVEL=9 --NoDataValue=-9999 --outfile=./inputs/ws.tif '--calc=A + 30.0'
0...10...20...30...40...50...60...70...80...90...100 - done.
+ /home/dwip/binYiren_SU2/elmfire_2024.0916 ./inputs/elmfire.data
 ELMFIRE 2024.0916
 Reading &MISCELLANEOUS namelist group
 Reading &INPUTS namelist group
 Reading &OUTPUTS namelist group
 Reading &COMPUTATIONAL_DOMAIN namelist group
 Reading &TIME_CONTROL namelist group
 Reading &SIMULATOR namelist group
 Reading &WUI namelist group
 Reading &CALIBRATION namelist group
 Reading &SUPPRESSION namelist group
 Reading &SPOTTING namelist group
 Reading &SMOKE namelist group
 Reading &MONTE_CARLO namelist group
 Reading headers for fuels/topography and weather rasters
/usr/bin/gdal_translate -of ENVI -co "INTERLEAVE=BSQ" ./inputs/asp.tif ./scratch/asp.bsq
Input file size is 600, 600
0...10...20...30...40...50...60...70...80...90...100 - done.
/usr/bin/gdal_translate -of ENVI -co "INTERLEAVE=BSQ" ./inputs/ws.tif ./scratch/ws.bsq
Input file size is 600, 600
0...10...20...30...40...50...60...70...80...90...100 - done.
 Setting up shared memory, part 1
 Reading weather, fuel, and topography rasters
/bin/rm -f ./scratch/ws.bsq ./scratch/ws.hdr ./scratch/ws.prj ./scratch/ws.bsq.aux.xml
/usr/bin/gdal_translate -of ENVI -co "INTERLEAVE=BSQ" ./inputs/ws.tif ./scratch/ws.bsq
Input file size is 600, 600
0...10...20...30...40...50...60...70...80...90...100 - done.
/bin/rm -f ./scratch/wd.bsq ./scratch/wd.hdr ./scratch/wd.prj ./scratch/wd.bsq.aux.xml
/usr/bin/gdal_translate -of ENVI -co "INTERLEAVE=BSQ" ./inputs/wd.tif ./scratch/wd.bsq
Input file size is 600, 600
0...10...20...30...40...50...60...70...80...90...100 - done.
/bin/rm -f ./scratch/m1.bsq ./scratch/m1.hdr ./scratch/m1.prj ./scratch/m1.bsq.aux.xml
/usr/bin/gdal_translate -of ENVI -co "INTERLEAVE=BSQ" ./inputs/m1.tif ./scratch/m1.bsq
Input file size is 600, 600
0...10...20...30...40...50...60...70...80...90...100 - done.
/bin/rm -f ./scratch/m10.bsq ./scratch/m10.hdr ./scratch/m10.prj ./scratch/m10.bsq.aux.xml
/usr/bin/gdal_translate -of ENVI -co "INTERLEAVE=BSQ" ./inputs/m10.tif ./scratch/m10.bsq
Input file size is 600, 600
0...10...20...30...40...50...60...70...80...90...100 - done.
/bin/rm -f ./scratch/m100.bsq ./scratch/m100.hdr ./scratch/m100.prj ./scratch/m100.bsq.aux.xml
/usr/bin/gdal_translate -of ENVI -co "INTERLEAVE=BSQ" ./inputs/m100.tif ./scratch/m100.bsq
Input file size is 600, 600
0...10...20...30...40...50...60...70...80...90...100 - done.
 Reading fuel and topography rasters
/bin/rm -f ./scratch/asp.bsq ./scratch/asp.hdr ./scratch/asp.prj ./scratch/asp.bsq.aux.xml
/usr/bin/gdal_translate -of ENVI -co "INTERLEAVE=BSQ" ./inputs/asp.tif ./scratch/asp.bsq
Input file size is 600, 600
0...10...20...30...40...50...60...70...80...90...100 - done.
/bin/rm -f ./scratch/cbh.bsq ./scratch/cbh.hdr ./scratch/cbh.prj ./scratch/cbh.bsq.aux.xml
/usr/bin/gdal_translate -of ENVI -co "INTERLEAVE=BSQ" ./inputs/cbh.tif ./scratch/cbh.bsq
Input file size is 600, 600
0...10...20...30...40...50...60...70...80...90...100 - done.
/bin/rm -f ./scratch/cbd.bsq ./scratch/cbd.hdr ./scratch/cbd.prj ./scratch/cbd.bsq.aux.xml
/usr/bin/gdal_translate -of ENVI -co "INTERLEAVE=BSQ" ./inputs/cbd.tif ./scratch/cbd.bsq
Input file size is 600, 600
0...10...20...30...40...50...60...70...80...90...100 - done.
/bin/rm -f ./scratch/cc.bsq ./scratch/cc.hdr ./scratch/cc.prj ./scratch/cc.bsq.aux.xml
/usr/bin/gdal_translate -of ENVI -co "INTERLEAVE=BSQ" ./inputs/cc.tif ./scratch/cc.bsq
Input file size is 600, 600
0...10...20...30...40...50...60...70...80...90...100 - done.
/bin/rm -f ./scratch/ch.bsq ./scratch/ch.hdr ./scratch/ch.prj ./scratch/ch.bsq.aux.xml
/usr/bin/gdal_translate -of ENVI -co "INTERLEAVE=BSQ" ./inputs/ch.tif ./scratch/ch.bsq
Input file size is 600, 600
0...10...20...30...40...50...60...70...80...90...100 - done.
/bin/rm -f ./scratch/dem.bsq ./scratch/dem.hdr ./scratch/dem.prj ./scratch/dem.bsq.aux.xml
/usr/bin/gdal_translate -of ENVI -co "INTERLEAVE=BSQ" ./inputs/dem.tif ./scratch/dem.bsq
Input file size is 600, 600
0...10...20...30...40...50...60...70...80...90...100 - done.
/bin/rm -f ./scratch/fbfm40.bsq ./scratch/fbfm40.hdr ./scratch/fbfm40.prj ./scratch/fbfm40.bsq.aux.xml
/usr/bin/gdal_translate -of ENVI -co "INTERLEAVE=BSQ" ./inputs/fbfm40.tif ./scratch/fbfm40.bsq
Input file size is 600, 600
0...10...20...30...40...50...60...70...80...90...100 - done.
/bin/rm -f ./scratch/slp.bsq ./scratch/slp.hdr ./scratch/slp.prj ./scratch/slp.bsq.aux.xml
/usr/bin/gdal_translate -of ENVI -co "INTERLEAVE=BSQ" ./inputs/slp.tif ./scratch/slp.bsq
Input file size is 600, 600
0...10...20...30...40...50...60...70...80...90...100 - done.
/bin/rm -f ./scratch/adj.bsq ./scratch/adj.hdr ./scratch/adj.prj ./scratch/adj.bsq.aux.xml
/usr/bin/gdal_translate -of ENVI -co "INTERLEAVE=BSQ" ./inputs/adj.tif ./scratch/adj.bsq
Input file size is 600, 600
0...10...20...30...40...50...60...70...80...90...100 - done.
/bin/rm -f ./scratch/phi.bsq ./scratch/phi.hdr ./scratch/phi.prj ./scratch/phi.bsq.aux.xml
/usr/bin/gdal_translate -of ENVI -co "INTERLEAVE=BSQ" ./inputs/phi.tif ./scratch/phi.bsq
Input file size is 600, 600
0...10...20...30...40...50...60...70...80...90...100 - done.
 Allocating additional rasters
 Setting up shared memory, part 2
 Setting up statistics arrays
 ELMFIRE is running each ensemble member
Meteorology band      1: Case #       1 complete.  Fire area:   5197.0 acres.
 End of simulation reached successfully. Shutting down.
+ for f in $OUTPUTS_DIR/*.bil
++ basename ./outputs_C20.0_W30.0/flin_0000001_0043252.bil
++ cut -d. -f1
+ gdal_translate -a_srs 'EPSG: 32610' -co COMPRESS=DEFLATE -co ZLEVEL=9 ./outputs_C20.0_W30.0/flin_0000001_0043252.bil ./outputs_C20.0_W30.0/flin_0000001_0043252.tif
Input file size is 600, 600
0...10...20...30...40...50...60...70...80...90...100 - done.
+ for f in $OUTPUTS_DIR/*.bil
++ basename ./outputs_C20.0_W30.0/time_of_arrival_0000001_0043252.bil
++ cut -d. -f1
+ gdal_translate -a_srs 'EPSG: 32610' -co COMPRESS=DEFLATE -co ZLEVEL=9 ./outputs_C20.0_W30.0/time_of_arrival_0000001_0043252.bil ./outputs_C20.0_W30.0/time_of_arrival_0000001_0043252.tif
Input file size is 600, 600
0...10...20...30...40...50...60...70...80...90...100 - done.
+ for f in $OUTPUTS_DIR/*.bil
++ basename ./outputs_C20.0_W30.0/vs_0000001_0043252.bil
++ cut -d. -f1
+ gdal_translate -a_srs 'EPSG: 32610' -co COMPRESS=DEFLATE -co ZLEVEL=9 ./outputs_C20.0_W30.0/vs_0000001_0043252.bil ./outputs_C20.0_W30.0/vs_0000001_0043252.tif
Input file size is 600, 600
0...10...20...30...40...50...60...70...80...90...100 - done.
+ rm -f -r ./outputs_C20.0_W30.0/fire_size_stats.csv ./outputs_C20.0_W30.0/timings_firelabserver.csv ./outputs_C20.0_W30.0/flin_0000001_0043252.bil ./outputs_C20.0_W30.0/time_of_arrival_0000001_0043252.bil ./outputs_C20.0_W30.0/vs_0000001_0043252.bil ./outputs_C20.0_W30.0/flin_0000001_0043252.hdr ./outputs_C20.0_W30.0/time_of_arrival_0000001_0043252.hdr ./outputs_C20.0_W30.0/vs_0000001_0043252.hdr ./inputs/ws.tif
+ '[' -d outputsSingle ']'
+ rm -r outputsSingle
+ mkdir outputsSingle
+ mv outputs_C20.0_W0.0 outputs_C20.0_W15.0 outputs_C20.0_W30.0 outputsSingle
+ exit 0
+ CELLSIZE=20.0
+ DOMAINSIZE=12000.0
+ SIMULATION_TSTOP=345600.0
+ NUM_FLOAT_RASTERS=7
+ FLOAT_RASTER[2]=wd
+ FLOAT_VAL[2]=0.0
+ FLOAT_RASTER[3]=m1
+ FLOAT_VAL[3]=3.0
+ FLOAT_RASTER[4]=m10
+ FLOAT_VAL[4]=4.0
+ FLOAT_RASTER[5]=m100
+ FLOAT_VAL[5]=5.0
+ FLOAT_RASTER[6]=adj
+ FLOAT_VAL[6]=1.0
+ FLOAT_RASTER[7]=phi
+ FLOAT_VAL[7]=1.0
+ NUM_INT_RASTERS=8
+ INT_RASTER[1]=slp
+ INT_VAL[1]=0
+ INT_RASTER[2]=asp
+ INT_VAL[2]=0
+ INT_RASTER[3]=dem
+ INT_VAL[3]=0
+ INT_RASTER[4]=fbfm40
+ INT_VAL[4]=91
+ INT_RASTER[5]=cc
+ INT_VAL[5]=0
+ INT_RASTER[6]=ch
+ INT_VAL[6]=0
+ INT_RASTER[7]=cbh
+ INT_VAL[7]=0
+ INT_RASTER[8]=cbd
+ INT_VAL[8]=0
+ LH_MOISTURE_CONTENT=30.0
+ LW_MOISTURE_CONTENT=60.0
+ A_SRS='EPSG: 32610'
+ ELMFIRE_VER=2024.0916
++ echo '0.0 - 0.5 * 12000.0'
++ bc -l
+ XMIN=-6000.00
++ echo '0.0 + 0.5 * 12000.0'
++ bc -l
+ XMAX=6000.00
+ YMIN=-6000.00
+ YMAX=6000.00
+ TR='20.0 20.0'
+ TE='-6000.00 -6000.00 6000.00 6000.00'
+ SCRATCH=./scratch
+ INPUTS=./inputs
+ MISC=./misc
+ rm -f -r ./scratch ./inputs
+ mkdir ./inputs ./scratch
+ cp elmfire.data.in ./inputs/elmfire.data
+ printf 'x,y,z\n-100000,-100000,0\n100000,-100000,0\n-100000,100000,0\n100000,100000,0\n'
+ gdalwarp -tr 200000 200000 -te -100000 -100000 100000 100000 -s_srs 'EPSG: 32610' -t_srs 'EPSG: 32610' ./scratch/dummy.xyz ./scratch/dummy.tif
Creating output file that is 1P x 1L.
Processing ./scratch/dummy.xyz [1/1] : 0...10...20...30...40...50...60...70...80...90...100 - done.
+ gdalwarp -dstnodata -9999 -ot Float32 -tr 20.0 20.0 -te -6000.00 -6000.00 6000.00 6000.00 ./scratch/dummy.tif ./scratch/float.tif
Creating output file that is 600P x 600L.
Processing ./scratch/dummy.tif [1/1] : 0...10...20...30...40...50...60...70...80...90...100 - done.
+ gdalwarp -dstnodata -9999 -ot Int16 -tr 20.0 20.0 -te -6000.00 -6000.00 6000.00 6000.00 ./scratch/dummy.tif ./scratch/int.tif
Creating output file that is 600P x 600L.
Processing ./scratch/dummy.tif [1/1] : 0...10...20...30...40...50...60...70...80...90...100 - done.
++ eval echo '{2..7}'
+++ echo 2 3 4 5 6 7
+ for i in $(eval echo "{2..$NUM_FLOAT_RASTERS}")
+ gdal_calc.py -A ./scratch/float.tif --co=COMPRESS=DEFLATE --co=ZLEVEL=9 --NoDataValue=-9999 --outfile=./inputs/wd.tif '--calc=A + 0.0'
0...10...20...30...40...50...60...70...80...90...100 - done.
+ for i in $(eval echo "{2..$NUM_FLOAT_RASTERS}")
+ gdal_calc.py -A ./scratch/float.tif --co=COMPRESS=DEFLATE --co=ZLEVEL=9 --NoDataValue=-9999 --outfile=./inputs/m1.tif '--calc=A + 3.0'
0...10...20...30...40...50...60...70...80...90...100 - done.
+ for i in $(eval echo "{2..$NUM_FLOAT_RASTERS}")
+ gdal_calc.py -A ./scratch/float.tif --co=COMPRESS=DEFLATE --co=ZLEVEL=9 --NoDataValue=-9999 --outfile=./inputs/m10.tif '--calc=A + 4.0'
0...10...20...30...40...50...60...70...80...90...100 - done.
+ for i in $(eval echo "{2..$NUM_FLOAT_RASTERS}")
+ gdal_calc.py -A ./scratch/float.tif --co=COMPRESS=DEFLATE --co=ZLEVEL=9 --NoDataValue=-9999 --outfile=./inputs/m100.tif '--calc=A + 5.0'
0...10...20...30...40...50...60...70...80...90...100 - done.
+ for i in $(eval echo "{2..$NUM_FLOAT_RASTERS}")
+ gdal_calc.py -A ./scratch/float.tif --co=COMPRESS=DEFLATE --co=ZLEVEL=9 --NoDataValue=-9999 --outfile=./inputs/adj.tif '--calc=A + 1.0'
0...10...20...30...40...50...60...70...80...90...100 - done.
+ for i in $(eval echo "{2..$NUM_FLOAT_RASTERS}")
+ gdal_calc.py -A ./scratch/float.tif --co=COMPRESS=DEFLATE --co=ZLEVEL=9 --NoDataValue=-9999 --outfile=./inputs/phi.tif '--calc=A + 1.0'
0...10...20...30...40...50...60...70...80...90...100 - done.
++ eval echo '{1..8}'
+++ echo 1 2 3 4 5 6 7 8
+ for i in $(eval echo "{1..$NUM_INT_RASTERS}")
+ gdal_calc.py -A ./scratch/int.tif --co=COMPRESS=DEFLATE --co=ZLEVEL=9 --NoDataValue=-9999 --outfile=./inputs/slp.tif '--calc=A + 0'
0...10...20...30...40...50...60...70...80...90...100 - done.
+ for i in $(eval echo "{1..$NUM_INT_RASTERS}")
+ gdal_calc.py -A ./scratch/int.tif --co=COMPRESS=DEFLATE --co=ZLEVEL=9 --NoDataValue=-9999 --outfile=./inputs/asp.tif '--calc=A + 0'
0...10...20...30...40...50...60...70...80...90...100 - done.
+ for i in $(eval echo "{1..$NUM_INT_RASTERS}")
+ gdal_calc.py -A ./scratch/int.tif --co=COMPRESS=DEFLATE --co=ZLEVEL=9 --NoDataValue=-9999 --outfile=./inputs/dem.tif '--calc=A + 0'
0...10...20...30...40...50...60...70...80...90...100 - done.
+ for i in $(eval echo "{1..$NUM_INT_RASTERS}")
+ gdal_calc.py -A ./scratch/int.tif --co=COMPRESS=DEFLATE --co=ZLEVEL=9 --NoDataValue=-9999 --outfile=./inputs/fbfm40.tif '--calc=A + 91'
0...10...20...30...40...50...60...70...80...90...100 - done.
+ for i in $(eval echo "{1..$NUM_INT_RASTERS}")
+ gdal_calc.py -A ./scratch/int.tif --co=COMPRESS=DEFLATE --co=ZLEVEL=9 --NoDataValue=-9999 --outfile=./inputs/cc.tif '--calc=A + 0'
0...10...20...30...40...50...60...70...80...90...100 - done.
+ for i in $(eval echo "{1..$NUM_INT_RASTERS}")
+ gdal_calc.py -A ./scratch/int.tif --co=COMPRESS=DEFLATE --co=ZLEVEL=9 --NoDataValue=-9999 --outfile=./inputs/ch.tif '--calc=A + 0'
0...10...20...30...40...50...60...70...80...90...100 - done.
+ for i in $(eval echo "{1..$NUM_INT_RASTERS}")
+ gdal_calc.py -A ./scratch/int.tif --co=COMPRESS=DEFLATE --co=ZLEVEL=9 --NoDataValue=-9999 --outfile=./inputs/cbh.tif '--calc=A + 0'
0...10...20...30...40...50...60...70...80...90...100 - done.
+ for i in $(eval echo "{1..$NUM_INT_RASTERS}")
+ gdal_calc.py -A ./scratch/int.tif --co=COMPRESS=DEFLATE --co=ZLEVEL=9 --NoDataValue=-9999 --outfile=./inputs/cbd.tif '--calc=A + 0'
0...10...20...30...40...50...60...70...80...90...100 - done.
+ replace_line COMPUTATIONAL_DOMAIN_XLLCORNER -6000.00 no
+ MATCH_PATTERN=COMPUTATIONAL_DOMAIN_XLLCORNER
+ NEW_VALUE=-6000.00
+ IS_STRING=no
++ grep -n COMPUTATIONAL_DOMAIN_XLLCORNER ./inputs/elmfire.data
++ cut -d: -f1
+ LINE=41
+ sed -i '41 d' ./inputs/elmfire.data
+ '[' no = yes ']'
+ sed -i '41 i COMPUTATIONAL_DOMAIN_XLLCORNER = -6000.00' ./inputs/elmfire.data
+ replace_line COMPUTATIONAL_DOMAIN_YLLCORNER -6000.00 no
+ MATCH_PATTERN=COMPUTATIONAL_DOMAIN_YLLCORNER
+ NEW_VALUE=-6000.00
+ IS_STRING=no
++ grep -n COMPUTATIONAL_DOMAIN_YLLCORNER ./inputs/elmfire.data
++ cut -d: -f1
+ LINE=42
+ sed -i '42 d' ./inputs/elmfire.data
+ '[' no = yes ']'
+ sed -i '42 i COMPUTATIONAL_DOMAIN_YLLCORNER = -6000.00' ./inputs/elmfire.data
+ replace_line COMPUTATIONAL_DOMAIN_CELLSIZE 20.0 no
+ MATCH_PATTERN=COMPUTATIONAL_DOMAIN_CELLSIZE
+ NEW_VALUE=20.0
+ IS_STRING=no
++ grep -n COMPUTATIONAL_DOMAIN_CELLSIZE ./inputs/elmfire.data
++ cut -d: -f1
+ LINE=40
+ sed -i '40 d' ./inputs/elmfire.data
+ '[' no = yes ']'
+ sed -i '40 i COMPUTATIONAL_DOMAIN_CELLSIZE = 20.0' ./inputs/elmfire.data
+ replace_line SIMULATION_TSTOP 345600.0 no
+ MATCH_PATTERN=SIMULATION_TSTOP
+ NEW_VALUE=345600.0
+ IS_STRING=no
++ grep -n SIMULATION_TSTOP ./inputs/elmfire.data
++ cut -d: -f1
+ LINE=47
+ sed -i '47 d' ./inputs/elmfire.data
+ '[' no = yes ']'
+ sed -i '47 i SIMULATION_TSTOP = 345600.0' ./inputs/elmfire.data
+ replace_line LH_MOISTURE_CONTENT 30.0 no
+ MATCH_PATTERN=LH_MOISTURE_CONTENT
+ NEW_VALUE=30.0
+ IS_STRING=no
++ grep -n LH_MOISTURE_CONTENT ./inputs/elmfire.data
++ cut -d: -f1
+ LINE=20
+ sed -i '20 d' ./inputs/elmfire.data
+ '[' no = yes ']'
+ sed -i '20 i LH_MOISTURE_CONTENT = 30.0' ./inputs/elmfire.data
+ replace_line LW_MOISTURE_CONTENT 60.0 no
+ MATCH_PATTERN=LW_MOISTURE_CONTENT
+ NEW_VALUE=60.0
+ IS_STRING=no
++ grep -n LW_MOISTURE_CONTENT ./inputs/elmfire.data
++ cut -d: -f1
+ LINE=21
+ sed -i '21 d' ./inputs/elmfire.data
+ '[' no = yes ']'
+ sed -i '21 i LW_MOISTURE_CONTENT = 60.0' ./inputs/elmfire.data
+ replace_line A_SRS 'EPSG: 32610' yes
+ MATCH_PATTERN=A_SRS
+ NEW_VALUE='EPSG: 32610'
+ IS_STRING=yes
++ grep -n A_SRS ./inputs/elmfire.data
++ cut -d: -f1
+ LINE=39
+ sed -i '39 d' ./inputs/elmfire.data
+ '[' yes = yes ']'
+ sed -i '39 i A_SRS = '\''EPSG: 32610'\''' ./inputs/elmfire.data
+ for WIND_SPEED in 0.0 15.0 30.0
+ OUTPUTS_DIR=./outputs_C20.0_W0.0
+ replace_line OUTPUTS_DIRECTORY ./outputs_C20.0_W0.0 yes
+ MATCH_PATTERN=OUTPUTS_DIRECTORY
+ NEW_VALUE=./outputs_C20.0_W0.0
+ IS_STRING=yes
++ grep -n OUTPUTS_DIRECTORY ./inputs/elmfire.data
++ cut -d: -f1
+ LINE=25
+ sed -i '25 d' ./inputs/elmfire.data
+ '[' yes = yes ']'
+ sed -i '25 i OUTPUTS_DIRECTORY = '\''./outputs_C20.0_W0.0'\''' ./inputs/elmfire.data
+ '[' -d ./outputs_C20.0_W0.0 ']'
+ mkdir ./outputs_C20.0_W0.0
+ gdal_calc.py -A ./scratch/float.tif --co=COMPRESS=DEFLATE --co=ZLEVEL=9 --NoDataValue=-9999 --outfile=./inputs/ws.tif '--calc=A + 0.0'
0...10...20...30...40...50...60...70...80...90...100 - done.
+ /home/dwip/binYiren_SU2/elmfire_2024.0916 ./inputs/elmfire.data
 ELMFIRE 2024.0916
 Reading &MISCELLANEOUS namelist group
 Reading &INPUTS namelist group
 Reading &OUTPUTS namelist group
 Reading &COMPUTATIONAL_DOMAIN namelist group
 Reading &TIME_CONTROL namelist group
 Reading &SIMULATOR namelist group
 Reading &WUI namelist group
 Reading &CALIBRATION namelist group
 Reading &SUPPRESSION namelist group
 Reading &SPOTTING namelist group
 Reading &SMOKE namelist group
 Reading &MONTE_CARLO namelist group
 Reading headers for fuels/topography and weather rasters
/usr/bin/gdal_translate -of ENVI -co "INTERLEAVE=BSQ" ./inputs/asp.tif ./scratch/asp.bsq
Input file size is 600, 600
0...10...20...30...40...50...60...70...80...90...100 - done.
/usr/bin/gdal_translate -of ENVI -co "INTERLEAVE=BSQ" ./inputs/ws.tif ./scratch/ws.bsq
Input file size is 600, 600
0...10...20...30...40...50...60...70...80...90...100 - done.
 Setting up shared memory, part 1
 Reading weather, fuel, and topography rasters
/bin/rm -f ./scratch/ws.bsq ./scratch/ws.hdr ./scratch/ws.prj ./scratch/ws.bsq.aux.xml
/usr/bin/gdal_translate -of ENVI -co "INTERLEAVE=BSQ" ./inputs/ws.tif ./scratch/ws.bsq
Input file size is 600, 600
0...10...20...30...40...50...60...70...80...90...100 - done.
/bin/rm -f ./scratch/wd.bsq ./scratch/wd.hdr ./scratch/wd.prj ./scratch/wd.bsq.aux.xml
/usr/bin/gdal_translate -of ENVI -co "INTERLEAVE=BSQ" ./inputs/wd.tif ./scratch/wd.bsq
Input file size is 600, 600
0...10...20...30...40...50...60...70...80...90...100 - done.
/bin/rm -f ./scratch/m1.bsq ./scratch/m1.hdr ./scratch/m1.prj ./scratch/m1.bsq.aux.xml
/usr/bin/gdal_translate -of ENVI -co "INTERLEAVE=BSQ" ./inputs/m1.tif ./scratch/m1.bsq
Input file size is 600, 600
0...10...20...30...40...50...60...70...80...90...100 - done.
/bin/rm -f ./scratch/m10.bsq ./scratch/m10.hdr ./scratch/m10.prj ./scratch/m10.bsq.aux.xml
/usr/bin/gdal_translate -of ENVI -co "INTERLEAVE=BSQ" ./inputs/m10.tif ./scratch/m10.bsq
Input file size is 600, 600
0...10...20...30...40...50...60...70...80...90...100 - done.
/bin/rm -f ./scratch/m100.bsq ./scratch/m100.hdr ./scratch/m100.prj ./scratch/m100.bsq.aux.xml
/usr/bin/gdal_translate -of ENVI -co "INTERLEAVE=BSQ" ./inputs/m100.tif ./scratch/m100.bsq
Input file size is 600, 600
0...10...20...30...40...50...60...70...80...90...100 - done.
 Reading fuel and topography rasters
/bin/rm -f ./scratch/asp.bsq ./scratch/asp.hdr ./scratch/asp.prj ./scratch/asp.bsq.aux.xml
/usr/bin/gdal_translate -of ENVI -co "INTERLEAVE=BSQ" ./inputs/asp.tif ./scratch/asp.bsq
Input file size is 600, 600
0...10...20...30...40...50...60...70...80...90...100 - done.
/bin/rm -f ./scratch/cbh.bsq ./scratch/cbh.hdr ./scratch/cbh.prj ./scratch/cbh.bsq.aux.xml
/usr/bin/gdal_translate -of ENVI -co "INTERLEAVE=BSQ" ./inputs/cbh.tif ./scratch/cbh.bsq
Input file size is 600, 600
0...10...20...30...40...50...60...70...80...90...100 - done.
/bin/rm -f ./scratch/cbd.bsq ./scratch/cbd.hdr ./scratch/cbd.prj ./scratch/cbd.bsq.aux.xml
/usr/bin/gdal_translate -of ENVI -co "INTERLEAVE=BSQ" ./inputs/cbd.tif ./scratch/cbd.bsq
Input file size is 600, 600
0...10...20...30...40...50...60...70...80...90...100 - done.
/bin/rm -f ./scratch/cc.bsq ./scratch/cc.hdr ./scratch/cc.prj ./scratch/cc.bsq.aux.xml
/usr/bin/gdal_translate -of ENVI -co "INTERLEAVE=BSQ" ./inputs/cc.tif ./scratch/cc.bsq
Input file size is 600, 600
0...10...20...30...40...50...60...70...80...90...100 - done.
/bin/rm -f ./scratch/ch.bsq ./scratch/ch.hdr ./scratch/ch.prj ./scratch/ch.bsq.aux.xml
/usr/bin/gdal_translate -of ENVI -co "INTERLEAVE=BSQ" ./inputs/ch.tif ./scratch/ch.bsq
Input file size is 600, 600
0...10...20...30...40...50...60...70...80...90...100 - done.
/bin/rm -f ./scratch/dem.bsq ./scratch/dem.hdr ./scratch/dem.prj ./scratch/dem.bsq.aux.xml
/usr/bin/gdal_translate -of ENVI -co "INTERLEAVE=BSQ" ./inputs/dem.tif ./scratch/dem.bsq
Input file size is 600, 600
0...10...20...30...40...50...60...70...80...90...100 - done.
/bin/rm -f ./scratch/fbfm40.bsq ./scratch/fbfm40.hdr ./scratch/fbfm40.prj ./scratch/fbfm40.bsq.aux.xml
/usr/bin/gdal_translate -of ENVI -co "INTERLEAVE=BSQ" ./inputs/fbfm40.tif ./scratch/fbfm40.bsq
Input file size is 600, 600
0...10...20...30...40...50...60...70...80...90...100 - done.
/bin/rm -f ./scratch/slp.bsq ./scratch/slp.hdr ./scratch/slp.prj ./scratch/slp.bsq.aux.xml
/usr/bin/gdal_translate -of ENVI -co "INTERLEAVE=BSQ" ./inputs/slp.tif ./scratch/slp.bsq
Input file size is 600, 600
0...10...20...30...40...50...60...70...80...90...100 - done.
/bin/rm -f ./scratch/adj.bsq ./scratch/adj.hdr ./scratch/adj.prj ./scratch/adj.bsq.aux.xml
/usr/bin/gdal_translate -of ENVI -co "INTERLEAVE=BSQ" ./inputs/adj.tif ./scratch/adj.bsq
Input file size is 600, 600
0...10...20...30...40...50...60...70...80...90...100 - done.
/bin/rm -f ./scratch/phi.bsq ./scratch/phi.hdr ./scratch/phi.prj ./scratch/phi.bsq.aux.xml
/usr/bin/gdal_translate -of ENVI -co "INTERLEAVE=BSQ" ./inputs/phi.tif ./scratch/phi.bsq
Input file size is 600, 600
0...10...20...30...40...50...60...70...80...90...100 - done.
 Allocating additional rasters
 Setting up shared memory, part 2
 Setting up statistics arrays
 ELMFIRE is running each ensemble member
Meteorology band      1: Case #       1 complete.  Fire area:   3033.9 acres.
 End of simulation reached successfully. Shutting down.
+ for f in $OUTPUTS_DIR/*.bil
++ basename ./outputs_C20.0_W0.0/flin_0000001_0346028.bil
++ cut -d. -f1
+ gdal_translate -a_srs 'EPSG: 32610' -co COMPRESS=DEFLATE -co ZLEVEL=9 ./outputs_C20.0_W0.0/flin_0000001_0346028.bil ./outputs_C20.0_W0.0/flin_0000001_0346028.tif
Input file size is 600, 600
0...10...20...30...40...50...60...70...80...90...100 - done.
+ for f in $OUTPUTS_DIR/*.bil
++ basename ./outputs_C20.0_W0.0/time_of_arrival_0000001_0346028.bil
++ cut -d. -f1
+ gdal_translate -a_srs 'EPSG: 32610' -co COMPRESS=DEFLATE -co ZLEVEL=9 ./outputs_C20.0_W0.0/time_of_arrival_0000001_0346028.bil ./outputs_C20.0_W0.0/time_of_arrival_0000001_0346028.tif
Input file size is 600, 600
0...10...20...30...40...50...60...70...80...90...100 - done.
+ for f in $OUTPUTS_DIR/*.bil
++ basename ./outputs_C20.0_W0.0/vs_0000001_0346028.bil
++ cut -d. -f1
+ gdal_translate -a_srs 'EPSG: 32610' -co COMPRESS=DEFLATE -co ZLEVEL=9 ./outputs_C20.0_W0.0/vs_0000001_0346028.bil ./outputs_C20.0_W0.0/vs_0000001_0346028.tif
Input file size is 600, 600
0...10...20...30...40...50...60...70...80...90...100 - done.
+ rm -f -r ./outputs_C20.0_W0.0/fire_size_stats.csv ./outputs_C20.0_W0.0/timings_firelabserver.csv ./outputs_C20.0_W0.0/flin_0000001_0346028.bil ./outputs_C20.0_W0.0/time_of_arrival_0000001_0346028.bil ./outputs_C20.0_W0.0/vs_0000001_0346028.bil ./outputs_C20.0_W0.0/flin_0000001_0346028.hdr ./outputs_C20.0_W0.0/time_of_arrival_0000001_0346028.hdr ./outputs_C20.0_W0.0/vs_0000001_0346028.hdr ./inputs/ws.tif
+ for WIND_SPEED in 0.0 15.0 30.0
+ OUTPUTS_DIR=./outputs_C20.0_W15.0
+ replace_line OUTPUTS_DIRECTORY ./outputs_C20.0_W15.0 yes
+ MATCH_PATTERN=OUTPUTS_DIRECTORY
+ NEW_VALUE=./outputs_C20.0_W15.0
+ IS_STRING=yes
++ grep -n OUTPUTS_DIRECTORY ./inputs/elmfire.data
++ cut -d: -f1
+ LINE=25
+ sed -i '25 d' ./inputs/elmfire.data
+ '[' yes = yes ']'
+ sed -i '25 i OUTPUTS_DIRECTORY = '\''./outputs_C20.0_W15.0'\''' ./inputs/elmfire.data
+ '[' -d ./outputs_C20.0_W15.0 ']'
+ mkdir ./outputs_C20.0_W15.0
+ gdal_calc.py -A ./scratch/float.tif --co=COMPRESS=DEFLATE --co=ZLEVEL=9 --NoDataValue=-9999 --outfile=./inputs/ws.tif '--calc=A + 15.0'
0...10...20...30...40...50...60...70...80...90...100 - done.
+ /home/dwip/binYiren_SU2/elmfire_2024.0916 ./inputs/elmfire.data
 ELMFIRE 2024.0916
 Reading &MISCELLANEOUS namelist group
 Reading &INPUTS namelist group
 Reading &OUTPUTS namelist group
 Reading &COMPUTATIONAL_DOMAIN namelist group
 Reading &TIME_CONTROL namelist group
 Reading &SIMULATOR namelist group
 Reading &WUI namelist group
 Reading &CALIBRATION namelist group
 Reading &SUPPRESSION namelist group
 Reading &SPOTTING namelist group
 Reading &SMOKE namelist group
 Reading &MONTE_CARLO namelist group
 Reading headers for fuels/topography and weather rasters
/usr/bin/gdal_translate -of ENVI -co "INTERLEAVE=BSQ" ./inputs/asp.tif ./scratch/asp.bsq
Input file size is 600, 600
0...10...20...30...40...50...60...70...80...90...100 - done.
/usr/bin/gdal_translate -of ENVI -co "INTERLEAVE=BSQ" ./inputs/ws.tif ./scratch/ws.bsq
Input file size is 600, 600
0...10...20...30...40...50...60...70...80...90...100 - done.
 Setting up shared memory, part 1
 Reading weather, fuel, and topography rasters
/bin/rm -f ./scratch/ws.bsq ./scratch/ws.hdr ./scratch/ws.prj ./scratch/ws.bsq.aux.xml
/usr/bin/gdal_translate -of ENVI -co "INTERLEAVE=BSQ" ./inputs/ws.tif ./scratch/ws.bsq
Input file size is 600, 600
0...10...20...30...40...50...60...70...80...90...100 - done.
/bin/rm -f ./scratch/wd.bsq ./scratch/wd.hdr ./scratch/wd.prj ./scratch/wd.bsq.aux.xml
/usr/bin/gdal_translate -of ENVI -co "INTERLEAVE=BSQ" ./inputs/wd.tif ./scratch/wd.bsq
Input file size is 600, 600
0...10...20...30...40...50...60...70...80...90...100 - done.
/bin/rm -f ./scratch/m1.bsq ./scratch/m1.hdr ./scratch/m1.prj ./scratch/m1.bsq.aux.xml
/usr/bin/gdal_translate -of ENVI -co "INTERLEAVE=BSQ" ./inputs/m1.tif ./scratch/m1.bsq
Input file size is 600, 600
0...10...20...30...40...50...60...70...80...90...100 - done.
/bin/rm -f ./scratch/m10.bsq ./scratch/m10.hdr ./scratch/m10.prj ./scratch/m10.bsq.aux.xml
/usr/bin/gdal_translate -of ENVI -co "INTERLEAVE=BSQ" ./inputs/m10.tif ./scratch/m10.bsq
Input file size is 600, 600
0...10...20...30...40...50...60...70...80...90...100 - done.
/bin/rm -f ./scratch/m100.bsq ./scratch/m100.hdr ./scratch/m100.prj ./scratch/m100.bsq.aux.xml
/usr/bin/gdal_translate -of ENVI -co "INTERLEAVE=BSQ" ./inputs/m100.tif ./scratch/m100.bsq
Input file size is 600, 600
0...10...20...30...40...50...60...70...80...90...100 - done.
 Reading fuel and topography rasters
/bin/rm -f ./scratch/asp.bsq ./scratch/asp.hdr ./scratch/asp.prj ./scratch/asp.bsq.aux.xml
/usr/bin/gdal_translate -of ENVI -co "INTERLEAVE=BSQ" ./inputs/asp.tif ./scratch/asp.bsq
Input file size is 600, 600
0...10...20...30...40...50...60...70...80...90...100 - done.
/bin/rm -f ./scratch/cbh.bsq ./scratch/cbh.hdr ./scratch/cbh.prj ./scratch/cbh.bsq.aux.xml
/usr/bin/gdal_translate -of ENVI -co "INTERLEAVE=BSQ" ./inputs/cbh.tif ./scratch/cbh.bsq
Input file size is 600, 600
0...10...20...30...40...50...60...70...80...90...100 - done.
/bin/rm -f ./scratch/cbd.bsq ./scratch/cbd.hdr ./scratch/cbd.prj ./scratch/cbd.bsq.aux.xml
/usr/bin/gdal_translate -of ENVI -co "INTERLEAVE=BSQ" ./inputs/cbd.tif ./scratch/cbd.bsq
Input file size is 600, 600
0...10...20...30...40...50...60...70...80...90...100 - done.
/bin/rm -f ./scratch/cc.bsq ./scratch/cc.hdr ./scratch/cc.prj ./scratch/cc.bsq.aux.xml
/usr/bin/gdal_translate -of ENVI -co "INTERLEAVE=BSQ" ./inputs/cc.tif ./scratch/cc.bsq
Input file size is 600, 600
0...10...20...30...40...50...60...70...80...90...100 - done.
/bin/rm -f ./scratch/ch.bsq ./scratch/ch.hdr ./scratch/ch.prj ./scratch/ch.bsq.aux.xml
/usr/bin/gdal_translate -of ENVI -co "INTERLEAVE=BSQ" ./inputs/ch.tif ./scratch/ch.bsq
Input file size is 600, 600
0...10...20...30...40...50...60...70...80...90...100 - done.
/bin/rm -f ./scratch/dem.bsq ./scratch/dem.hdr ./scratch/dem.prj ./scratch/dem.bsq.aux.xml
/usr/bin/gdal_translate -of ENVI -co "INTERLEAVE=BSQ" ./inputs/dem.tif ./scratch/dem.bsq
Input file size is 600, 600
0...10...20...30...40...50...60...70...80...90...100 - done.
/bin/rm -f ./scratch/fbfm40.bsq ./scratch/fbfm40.hdr ./scratch/fbfm40.prj ./scratch/fbfm40.bsq.aux.xml
/usr/bin/gdal_translate -of ENVI -co "INTERLEAVE=BSQ" ./inputs/fbfm40.tif ./scratch/fbfm40.bsq
Input file size is 600, 600
0...10...20...30...40...50...60...70...80...90...100 - done.
/bin/rm -f ./scratch/slp.bsq ./scratch/slp.hdr ./scratch/slp.prj ./scratch/slp.bsq.aux.xml
/usr/bin/gdal_translate -of ENVI -co "INTERLEAVE=BSQ" ./inputs/slp.tif ./scratch/slp.bsq
Input file size is 600, 600
0...10...20...30...40...50...60...70...80...90...100 - done.
/bin/rm -f ./scratch/adj.bsq ./scratch/adj.hdr ./scratch/adj.prj ./scratch/adj.bsq.aux.xml
/usr/bin/gdal_translate -of ENVI -co "INTERLEAVE=BSQ" ./inputs/adj.tif ./scratch/adj.bsq
Input file size is 600, 600
0...10...20...30...40...50...60...70...80...90...100 - done.
/bin/rm -f ./scratch/phi.bsq ./scratch/phi.hdr ./scratch/phi.prj ./scratch/phi.bsq.aux.xml
/usr/bin/gdal_translate -of ENVI -co "INTERLEAVE=BSQ" ./inputs/phi.tif ./scratch/phi.bsq
Input file size is 600, 600
0...10...20...30...40...50...60...70...80...90...100 - done.
 Allocating additional rasters
 Setting up shared memory, part 2
 Setting up statistics arrays
 ELMFIRE is running each ensemble member
Meteorology band      1: Case #       1 complete.  Fire area:   2900.6 acres.
 End of simulation reached successfully. Shutting down.
+ for f in $OUTPUTS_DIR/*.bil
++ basename ./outputs_C20.0_W15.0/flin_0000001_0346048.bil
++ cut -d. -f1
+ gdal_translate -a_srs 'EPSG: 32610' -co COMPRESS=DEFLATE -co ZLEVEL=9 ./outputs_C20.0_W15.0/flin_0000001_0346048.bil ./outputs_C20.0_W15.0/flin_0000001_0346048.tif
Input file size is 600, 600
0...10...20...30...40...50...60...70...80...90...100 - done.
+ for f in $OUTPUTS_DIR/*.bil
++ basename ./outputs_C20.0_W15.0/time_of_arrival_0000001_0346048.bil
++ cut -d. -f1
+ gdal_translate -a_srs 'EPSG: 32610' -co COMPRESS=DEFLATE -co ZLEVEL=9 ./outputs_C20.0_W15.0/time_of_arrival_0000001_0346048.bil ./outputs_C20.0_W15.0/time_of_arrival_0000001_0346048.tif
Input file size is 600, 600
0...10...20...30...40...50...60...70...80...90...100 - done.
+ for f in $OUTPUTS_DIR/*.bil
++ basename ./outputs_C20.0_W15.0/vs_0000001_0346048.bil
++ cut -d. -f1
+ gdal_translate -a_srs 'EPSG: 32610' -co COMPRESS=DEFLATE -co ZLEVEL=9 ./outputs_C20.0_W15.0/vs_0000001_0346048.bil ./outputs_C20.0_W15.0/vs_0000001_0346048.tif
Input file size is 600, 600
0...10...20...30...40...50...60...70...80...90...100 - done.
+ rm -f -r ./outputs_C20.0_W15.0/fire_size_stats.csv ./outputs_C20.0_W15.0/timings_firelabserver.csv ./outputs_C20.0_W15.0/flin_0000001_0346048.bil ./outputs_C20.0_W15.0/time_of_arrival_0000001_0346048.bil ./outputs_C20.0_W15.0/vs_0000001_0346048.bil ./outputs_C20.0_W15.0/flin_0000001_0346048.hdr ./outputs_C20.0_W15.0/time_of_arrival_0000001_0346048.hdr ./outputs_C20.0_W15.0/vs_0000001_0346048.hdr ./inputs/ws.tif
+ for WIND_SPEED in 0.0 15.0 30.0
+ OUTPUTS_DIR=./outputs_C20.0_W30.0
+ replace_line OUTPUTS_DIRECTORY ./outputs_C20.0_W30.0 yes
+ MATCH_PATTERN=OUTPUTS_DIRECTORY
+ NEW_VALUE=./outputs_C20.0_W30.0
+ IS_STRING=yes
++ grep -n OUTPUTS_DIRECTORY ./inputs/elmfire.data
++ cut -d: -f1
+ LINE=25
+ sed -i '25 d' ./inputs/elmfire.data
+ '[' yes = yes ']'
+ sed -i '25 i OUTPUTS_DIRECTORY = '\''./outputs_C20.0_W30.0'\''' ./inputs/elmfire.data
+ '[' -d ./outputs_C20.0_W30.0 ']'
+ mkdir ./outputs_C20.0_W30.0
+ gdal_calc.py -A ./scratch/float.tif --co=COMPRESS=DEFLATE --co=ZLEVEL=9 --NoDataValue=-9999 --outfile=./inputs/ws.tif '--calc=A + 30.0'
0...10...20...30...40...50...60...70...80...90...100 - done.
+ /home/dwip/binYiren_SU2/elmfire_2024.0916 ./inputs/elmfire.data
 ELMFIRE 2024.0916
 Reading &MISCELLANEOUS namelist group
 Reading &INPUTS namelist group
 Reading &OUTPUTS namelist group
 Reading &COMPUTATIONAL_DOMAIN namelist group
 Reading &TIME_CONTROL namelist group
 Reading &SIMULATOR namelist group
 Reading &WUI namelist group
 Reading &CALIBRATION namelist group
 Reading &SUPPRESSION namelist group
 Reading &SPOTTING namelist group
 Reading &SMOKE namelist group
 Reading &MONTE_CARLO namelist group
 Reading headers for fuels/topography and weather rasters
/usr/bin/gdal_translate -of ENVI -co "INTERLEAVE=BSQ" ./inputs/asp.tif ./scratch/asp.bsq
Input file size is 600, 600
0...10...20...30...40...50...60...70...80...90...100 - done.
/usr/bin/gdal_translate -of ENVI -co "INTERLEAVE=BSQ" ./inputs/ws.tif ./scratch/ws.bsq
Input file size is 600, 600
0...10...20...30...40...50...60...70...80...90...100 - done.
 Setting up shared memory, part 1
 Reading weather, fuel, and topography rasters
/bin/rm -f ./scratch/ws.bsq ./scratch/ws.hdr ./scratch/ws.prj ./scratch/ws.bsq.aux.xml
/usr/bin/gdal_translate -of ENVI -co "INTERLEAVE=BSQ" ./inputs/ws.tif ./scratch/ws.bsq
Input file size is 600, 600
0...10...20...30...40...50...60...70...80...90...100 - done.
/bin/rm -f ./scratch/wd.bsq ./scratch/wd.hdr ./scratch/wd.prj ./scratch/wd.bsq.aux.xml
/usr/bin/gdal_translate -of ENVI -co "INTERLEAVE=BSQ" ./inputs/wd.tif ./scratch/wd.bsq
Input file size is 600, 600
0...10...20...30...40...50...60...70...80...90...100 - done.
/bin/rm -f ./scratch/m1.bsq ./scratch/m1.hdr ./scratch/m1.prj ./scratch/m1.bsq.aux.xml
/usr/bin/gdal_translate -of ENVI -co "INTERLEAVE=BSQ" ./inputs/m1.tif ./scratch/m1.bsq
Input file size is 600, 600
0...10...20...30...40...50...60...70...80...90...100 - done.
/bin/rm -f ./scratch/m10.bsq ./scratch/m10.hdr ./scratch/m10.prj ./scratch/m10.bsq.aux.xml
/usr/bin/gdal_translate -of ENVI -co "INTERLEAVE=BSQ" ./inputs/m10.tif ./scratch/m10.bsq
Input file size is 600, 600
0...10...20...30...40...50...60...70...80...90...100 - done.
/bin/rm -f ./scratch/m100.bsq ./scratch/m100.hdr ./scratch/m100.prj ./scratch/m100.bsq.aux.xml
/usr/bin/gdal_translate -of ENVI -co "INTERLEAVE=BSQ" ./inputs/m100.tif ./scratch/m100.bsq
Input file size is 600, 600
0...10...20...30...40...50...60...70...80...90...100 - done.
 Reading fuel and topography rasters
/bin/rm -f ./scratch/asp.bsq ./scratch/asp.hdr ./scratch/asp.prj ./scratch/asp.bsq.aux.xml
/usr/bin/gdal_translate -of ENVI -co "INTERLEAVE=BSQ" ./inputs/asp.tif ./scratch/asp.bsq
Input file size is 600, 600
0...10...20...30...40...50...60...70...80...90...100 - done.
/bin/rm -f ./scratch/cbh.bsq ./scratch/cbh.hdr ./scratch/cbh.prj ./scratch/cbh.bsq.aux.xml
/usr/bin/gdal_translate -of ENVI -co "INTERLEAVE=BSQ" ./inputs/cbh.tif ./scratch/cbh.bsq
Input file size is 600, 600
0...10...20...30...40...50...60...70...80...90...100 - done.
/bin/rm -f ./scratch/cbd.bsq ./scratch/cbd.hdr ./scratch/cbd.prj ./scratch/cbd.bsq.aux.xml
/usr/bin/gdal_translate -of ENVI -co "INTERLEAVE=BSQ" ./inputs/cbd.tif ./scratch/cbd.bsq
Input file size is 600, 600
0...10...20...30...40...50...60...70...80...90...100 - done.
/bin/rm -f ./scratch/cc.bsq ./scratch/cc.hdr ./scratch/cc.prj ./scratch/cc.bsq.aux.xml
/usr/bin/gdal_translate -of ENVI -co "INTERLEAVE=BSQ" ./inputs/cc.tif ./scratch/cc.bsq
Input file size is 600, 600
0...10...20...30...40...50...60...70...80...90...100 - done.
/bin/rm -f ./scratch/ch.bsq ./scratch/ch.hdr ./scratch/ch.prj ./scratch/ch.bsq.aux.xml
/usr/bin/gdal_translate -of ENVI -co "INTERLEAVE=BSQ" ./inputs/ch.tif ./scratch/ch.bsq
Input file size is 600, 600
0...10...20...30...40...50...60...70...80...90...100 - done.
/bin/rm -f ./scratch/dem.bsq ./scratch/dem.hdr ./scratch/dem.prj ./scratch/dem.bsq.aux.xml
/usr/bin/gdal_translate -of ENVI -co "INTERLEAVE=BSQ" ./inputs/dem.tif ./scratch/dem.bsq
Input file size is 600, 600
0...10...20...30...40...50...60...70...80...90...100 - done.
/bin/rm -f ./scratch/fbfm40.bsq ./scratch/fbfm40.hdr ./scratch/fbfm40.prj ./scratch/fbfm40.bsq.aux.xml
/usr/bin/gdal_translate -of ENVI -co "INTERLEAVE=BSQ" ./inputs/fbfm40.tif ./scratch/fbfm40.bsq
Input file size is 600, 600
0...10...20...30...40...50...60...70...80...90...100 - done.
/bin/rm -f ./scratch/slp.bsq ./scratch/slp.hdr ./scratch/slp.prj ./scratch/slp.bsq.aux.xml
/usr/bin/gdal_translate -of ENVI -co "INTERLEAVE=BSQ" ./inputs/slp.tif ./scratch/slp.bsq
Input file size is 600, 600
0...10...20...30...40...50...60...70...80...90...100 - done.
/bin/rm -f ./scratch/adj.bsq ./scratch/adj.hdr ./scratch/adj.prj ./scratch/adj.bsq.aux.xml
/usr/bin/gdal_translate -of ENVI -co "INTERLEAVE=BSQ" ./inputs/adj.tif ./scratch/adj.bsq
Input file size is 600, 600
0...10...20...30...40...50...60...70...80...90...100 - done.
/bin/rm -f ./scratch/phi.bsq ./scratch/phi.hdr ./scratch/phi.prj ./scratch/phi.bsq.aux.xml
/usr/bin/gdal_translate -of ENVI -co "INTERLEAVE=BSQ" ./inputs/phi.tif ./scratch/phi.bsq
Input file size is 600, 600
0...10...20...30...40...50...60...70...80...90...100 - done.
 Allocating additional rasters
 Setting up shared memory, part 2
 Setting up statistics arrays
 ELMFIRE is running each ensemble member
Meteorology band      1: Case #       1 complete.  Fire area:   5651.8 acres.
 End of simulation reached successfully. Shutting down.
+ for f in $OUTPUTS_DIR/*.bil
++ basename ./outputs_C20.0_W30.0/flin_0000001_0345840.bil
++ cut -d. -f1
+ gdal_translate -a_srs 'EPSG: 32610' -co COMPRESS=DEFLATE -co ZLEVEL=9 ./outputs_C20.0_W30.0/flin_0000001_0345840.bil ./outputs_C20.0_W30.0/flin_0000001_0345840.tif
Input file size is 600, 600
0...10...20...30...40...50...60...70...80...90...100 - done.
+ for f in $OUTPUTS_DIR/*.bil
++ basename ./outputs_C20.0_W30.0/time_of_arrival_0000001_0345840.bil
++ cut -d. -f1
+ gdal_translate -a_srs 'EPSG: 32610' -co COMPRESS=DEFLATE -co ZLEVEL=9 ./outputs_C20.0_W30.0/time_of_arrival_0000001_0345840.bil ./outputs_C20.0_W30.0/time_of_arrival_0000001_0345840.tif
Input file size is 600, 600
0...10...20...30...40...50...60...70...80...90...100 - done.
+ for f in $OUTPUTS_DIR/*.bil
++ basename ./outputs_C20.0_W30.0/vs_0000001_0345840.bil
++ cut -d. -f1
+ gdal_translate -a_srs 'EPSG: 32610' -co COMPRESS=DEFLATE -co ZLEVEL=9 ./outputs_C20.0_W30.0/vs_0000001_0345840.bil ./outputs_C20.0_W30.0/vs_0000001_0345840.tif
Input file size is 600, 600
0...10...20...30...40...50...60...70...80...90...100 - done.
+ rm -f -r ./outputs_C20.0_W30.0/fire_size_stats.csv ./outputs_C20.0_W30.0/timings_firelabserver.csv ./outputs_C20.0_W30.0/flin_0000001_0345840.bil ./outputs_C20.0_W30.0/time_of_arrival_0000001_0345840.bil ./outputs_C20.0_W30.0/vs_0000001_0345840.bil ./outputs_C20.0_W30.0/flin_0000001_0345840.hdr ./outputs_C20.0_W30.0/time_of_arrival_0000001_0345840.hdr ./outputs_C20.0_W30.0/vs_0000001_0345840.hdr ./inputs/ws.tif
+ '[' -d outputsSingle ']'
+ rm -r outputsSingle
+ mkdir outputsSingle
+ mv outputs_C20.0_W0.0 outputs_C20.0_W15.0 outputs_C20.0_W30.0 outputsSingle
+ exit 0
+ CELLSIZE=20.0
+ DOMAINSIZE=12000.0
+ SIMULATION_TSTOP=43200.0
+ NUM_FLOAT_RASTERS=7
+ FLOAT_RASTER[2]=wd
+ FLOAT_VAL[2]=0.0
+ FLOAT_RASTER[3]=m1
+ FLOAT_VAL[3]=3.0
+ FLOAT_RASTER[4]=m10
+ FLOAT_VAL[4]=4.0
+ FLOAT_RASTER[5]=m100
+ FLOAT_VAL[5]=5.0
+ FLOAT_RASTER[6]=adj
+ FLOAT_VAL[6]=1.0
+ FLOAT_RASTER[7]=phi
+ FLOAT_VAL[7]=1.0
+ NUM_INT_RASTERS=8
+ INT_RASTER[1]=slp
+ INT_VAL[1]=0
+ INT_RASTER[2]=asp
+ INT_VAL[2]=0
+ INT_RASTER[3]=dem
+ INT_VAL[3]=0
+ INT_RASTER[4]=fbfm40
+ INT_VAL[4]=91
+ INT_RASTER[5]=cc
+ INT_VAL[5]=0
+ INT_RASTER[6]=ch
+ INT_VAL[6]=0
+ INT_RASTER[7]=cbh
+ INT_VAL[7]=0
+ INT_RASTER[8]=cbd
+ INT_VAL[8]=0
+ LH_MOISTURE_CONTENT=30.0
+ LW_MOISTURE_CONTENT=60.0
+ A_SRS='EPSG: 32610'
+ ELMFIRE_VER=2024.0916
++ echo '0.0 - 0.5 * 12000.0'
++ bc -l
+ XMIN=-6000.00
++ echo '0.0 + 0.5 * 12000.0'
++ bc -l
+ XMAX=6000.00
+ YMIN=-6000.00
+ YMAX=6000.00
+ TR='20.0 20.0'
+ TE='-6000.00 -6000.00 6000.00 6000.00'
+ SCRATCH=./scratch
+ INPUTS=./inputs
+ MISC=./misc
+ rm -f -r ./scratch ./inputs
+ mkdir ./inputs ./scratch
+ cp elmfire.data.in ./inputs/elmfire.data
+ printf 'x,y,z\n-100000,-100000,0\n100000,-100000,0\n-100000,100000,0\n100000,100000,0\n'
+ gdalwarp -tr 200000 200000 -te -100000 -100000 100000 100000 -s_srs 'EPSG: 32610' -t_srs 'EPSG: 32610' ./scratch/dummy.xyz ./scratch/dummy.tif
Creating output file that is 1P x 1L.
Processing ./scratch/dummy.xyz [1/1] : 0...10...20...30...40...50...60...70...80...90...100 - done.
+ gdalwarp -dstnodata -9999 -ot Float32 -tr 20.0 20.0 -te -6000.00 -6000.00 6000.00 6000.00 ./scratch/dummy.tif ./scratch/float.tif
Creating output file that is 600P x 600L.
Processing ./scratch/dummy.tif [1/1] : 0...10...20...30...40...50...60...70...80...90...100 - done.
+ gdalwarp -dstnodata -9999 -ot Int16 -tr 20.0 20.0 -te -6000.00 -6000.00 6000.00 6000.00 ./scratch/dummy.tif ./scratch/int.tif
Creating output file that is 600P x 600L.
Processing ./scratch/dummy.tif [1/1] : 0...10...20...30...40...50...60...70...80...90...100 - done.
++ eval echo '{2..7}'
+++ echo 2 3 4 5 6 7
+ for i in $(eval echo "{2..$NUM_FLOAT_RASTERS}")
+ gdal_calc.py -A ./scratch/float.tif --co=COMPRESS=DEFLATE --co=ZLEVEL=9 --NoDataValue=-9999 --outfile=./inputs/wd.tif '--calc=A + 0.0'
0...10...20...30...40...50...60...70...80...90...100 - done.
+ for i in $(eval echo "{2..$NUM_FLOAT_RASTERS}")
+ gdal_calc.py -A ./scratch/float.tif --co=COMPRESS=DEFLATE --co=ZLEVEL=9 --NoDataValue=-9999 --outfile=./inputs/m1.tif '--calc=A + 3.0'
0...10...20...30...40...50...60...70...80...90...100 - done.
+ for i in $(eval echo "{2..$NUM_FLOAT_RASTERS}")
+ gdal_calc.py -A ./scratch/float.tif --co=COMPRESS=DEFLATE --co=ZLEVEL=9 --NoDataValue=-9999 --outfile=./inputs/m10.tif '--calc=A + 4.0'
0...10...20...30...40...50...60...70...80...90...100 - done.
+ for i in $(eval echo "{2..$NUM_FLOAT_RASTERS}")
+ gdal_calc.py -A ./scratch/float.tif --co=COMPRESS=DEFLATE --co=ZLEVEL=9 --NoDataValue=-9999 --outfile=./inputs/m100.tif '--calc=A + 5.0'
0...10...20...30...40...50...60...70...80...90...100 - done.
+ for i in $(eval echo "{2..$NUM_FLOAT_RASTERS}")
+ gdal_calc.py -A ./scratch/float.tif --co=COMPRESS=DEFLATE --co=ZLEVEL=9 --NoDataValue=-9999 --outfile=./inputs/adj.tif '--calc=A + 1.0'
0...10...20...30...40...50...60...70...80...90...100 - done.
+ for i in $(eval echo "{2..$NUM_FLOAT_RASTERS}")
+ gdal_calc.py -A ./scratch/float.tif --co=COMPRESS=DEFLATE --co=ZLEVEL=9 --NoDataValue=-9999 --outfile=./inputs/phi.tif '--calc=A + 1.0'
0...10...20...30...40...50...60...70...80...90...100 - done.
++ eval echo '{1..8}'
+++ echo 1 2 3 4 5 6 7 8
+ for i in $(eval echo "{1..$NUM_INT_RASTERS}")
+ gdal_calc.py -A ./scratch/int.tif --co=COMPRESS=DEFLATE --co=ZLEVEL=9 --NoDataValue=-9999 --outfile=./inputs/slp.tif '--calc=A + 0'
0...10...20...30...40...50...60...70...80...90...100 - done.
+ for i in $(eval echo "{1..$NUM_INT_RASTERS}")
+ gdal_calc.py -A ./scratch/int.tif --co=COMPRESS=DEFLATE --co=ZLEVEL=9 --NoDataValue=-9999 --outfile=./inputs/asp.tif '--calc=A + 0'
0...10...20...30...40...50...60...70...80...90...100 - done.
+ for i in $(eval echo "{1..$NUM_INT_RASTERS}")
+ gdal_calc.py -A ./scratch/int.tif --co=COMPRESS=DEFLATE --co=ZLEVEL=9 --NoDataValue=-9999 --outfile=./inputs/dem.tif '--calc=A + 0'
0...10...20...30...40...50...60...70...80...90...100 - done.
+ for i in $(eval echo "{1..$NUM_INT_RASTERS}")
+ gdal_calc.py -A ./scratch/int.tif --co=COMPRESS=DEFLATE --co=ZLEVEL=9 --NoDataValue=-9999 --outfile=./inputs/fbfm40.tif '--calc=A + 91'
0...10...20...30...40...50...60...70...80...90...100 - done.
+ for i in $(eval echo "{1..$NUM_INT_RASTERS}")
+ gdal_calc.py -A ./scratch/int.tif --co=COMPRESS=DEFLATE --co=ZLEVEL=9 --NoDataValue=-9999 --outfile=./inputs/cc.tif '--calc=A + 0'
0...10...20...30...40...50...60...70...80...90...100 - done.
+ for i in $(eval echo "{1..$NUM_INT_RASTERS}")
+ gdal_calc.py -A ./scratch/int.tif --co=COMPRESS=DEFLATE --co=ZLEVEL=9 --NoDataValue=-9999 --outfile=./inputs/ch.tif '--calc=A + 0'
0...10...20...30...40...50...60...70...80...90...100 - done.
+ for i in $(eval echo "{1..$NUM_INT_RASTERS}")
+ gdal_calc.py -A ./scratch/int.tif --co=COMPRESS=DEFLATE --co=ZLEVEL=9 --NoDataValue=-9999 --outfile=./inputs/cbh.tif '--calc=A + 0'
0...10...20...30...40...50...60...70...80...90...100 - done.
+ for i in $(eval echo "{1..$NUM_INT_RASTERS}")
+ gdal_calc.py -A ./scratch/int.tif --co=COMPRESS=DEFLATE --co=ZLEVEL=9 --NoDataValue=-9999 --outfile=./inputs/cbd.tif '--calc=A + 0'
0...10...20...30...40...50...60...70...80...90...100 - done.
+ replace_line COMPUTATIONAL_DOMAIN_XLLCORNER -6000.00 no
+ MATCH_PATTERN=COMPUTATIONAL_DOMAIN_XLLCORNER
+ NEW_VALUE=-6000.00
+ IS_STRING=no
++ grep -n COMPUTATIONAL_DOMAIN_XLLCORNER ./inputs/elmfire.data
++ cut -d: -f1
+ LINE=41
+ sed -i '41 d' ./inputs/elmfire.data
+ '[' no = yes ']'
+ sed -i '41 i COMPUTATIONAL_DOMAIN_XLLCORNER = -6000.00' ./inputs/elmfire.data
+ replace_line COMPUTATIONAL_DOMAIN_YLLCORNER -6000.00 no
+ MATCH_PATTERN=COMPUTATIONAL_DOMAIN_YLLCORNER
+ NEW_VALUE=-6000.00
+ IS_STRING=no
++ grep -n COMPUTATIONAL_DOMAIN_YLLCORNER ./inputs/elmfire.data
++ cut -d: -f1
+ LINE=42
+ sed -i '42 d' ./inputs/elmfire.data
+ '[' no = yes ']'
+ sed -i '42 i COMPUTATIONAL_DOMAIN_YLLCORNER = -6000.00' ./inputs/elmfire.data
+ replace_line COMPUTATIONAL_DOMAIN_CELLSIZE 20.0 no
+ MATCH_PATTERN=COMPUTATIONAL_DOMAIN_CELLSIZE
+ NEW_VALUE=20.0
+ IS_STRING=no
++ grep -n COMPUTATIONAL_DOMAIN_CELLSIZE ./inputs/elmfire.data
++ cut -d: -f1
+ LINE=40
+ sed -i '40 d' ./inputs/elmfire.data
+ '[' no = yes ']'
+ sed -i '40 i COMPUTATIONAL_DOMAIN_CELLSIZE = 20.0' ./inputs/elmfire.data
+ replace_line SIMULATION_TSTOP 43200.0 no
+ MATCH_PATTERN=SIMULATION_TSTOP
+ NEW_VALUE=43200.0
+ IS_STRING=no
++ grep -n SIMULATION_TSTOP ./inputs/elmfire.data
++ cut -d: -f1
+ LINE=47
+ sed -i '47 d' ./inputs/elmfire.data
+ '[' no = yes ']'
+ sed -i '47 i SIMULATION_TSTOP = 43200.0' ./inputs/elmfire.data
+ replace_line LH_MOISTURE_CONTENT 30.0 no
+ MATCH_PATTERN=LH_MOISTURE_CONTENT
+ NEW_VALUE=30.0
+ IS_STRING=no
++ grep -n LH_MOISTURE_CONTENT ./inputs/elmfire.data
++ cut -d: -f1
+ LINE=20
+ sed -i '20 d' ./inputs/elmfire.data
+ '[' no = yes ']'
+ sed -i '20 i LH_MOISTURE_CONTENT = 30.0' ./inputs/elmfire.data
+ replace_line LW_MOISTURE_CONTENT 60.0 no
+ MATCH_PATTERN=LW_MOISTURE_CONTENT
+ NEW_VALUE=60.0
+ IS_STRING=no
++ grep -n LW_MOISTURE_CONTENT ./inputs/elmfire.data
++ cut -d: -f1
+ LINE=21
+ sed -i '21 d' ./inputs/elmfire.data
+ '[' no = yes ']'
+ sed -i '21 i LW_MOISTURE_CONTENT = 60.0' ./inputs/elmfire.data
+ replace_line A_SRS 'EPSG: 32610' yes
+ MATCH_PATTERN=A_SRS
+ NEW_VALUE='EPSG: 32610'
+ IS_STRING=yes
++ grep -n A_SRS ./inputs/elmfire.data
++ cut -d: -f1
+ LINE=39
+ sed -i '39 d' ./inputs/elmfire.data
+ '[' yes = yes ']'
+ sed -i '39 i A_SRS = '\''EPSG: 32610'\''' ./inputs/elmfire.data
++ seq 0 1 30
+ for WIND_SPEED in $(seq 0 1 30)
+ OUTPUTS_DIR=./outputs_C20.0_W0
+ replace_line OUTPUTS_DIRECTORY ./outputs_C20.0_W0 yes
+ MATCH_PATTERN=OUTPUTS_DIRECTORY
+ NEW_VALUE=./outputs_C20.0_W0
+ IS_STRING=yes
++ grep -n OUTPUTS_DIRECTORY ./inputs/elmfire.data
++ cut -d: -f1
+ LINE=25
+ sed -i '25 d' ./inputs/elmfire.data
+ '[' yes = yes ']'
+ sed -i '25 i OUTPUTS_DIRECTORY = '\''./outputs_C20.0_W0'\''' ./inputs/elmfire.data
+ '[' -d ./outputs_C20.0_W0 ']'
+ mkdir ./outputs_C20.0_W0
+ gdal_calc.py -A ./scratch/float.tif --co=COMPRESS=DEFLATE --co=ZLEVEL=9 --NoDataValue=-9999 --outfile=./inputs/ws.tif '--calc=A + 0'
0...10...20...30...40...50...60...70...80...90...100 - done.
+ /home/dwip/binYiren_SU/elmfire_2024.0916 ./inputs/elmfire.data
 ELMFIRE 2024.0916
 Reading &MISCELLANEOUS namelist group
 Reading &INPUTS namelist group
 Reading &OUTPUTS namelist group
 Reading &COMPUTATIONAL_DOMAIN namelist group
 Reading &TIME_CONTROL namelist group
 Reading &SIMULATOR namelist group
 Reading &WUI namelist group
 Reading &CALIBRATION namelist group
 Reading &SUPPRESSION namelist group
 Reading &SPOTTING namelist group
 Reading &SMOKE namelist group
 Reading &MONTE_CARLO namelist group
 Reading headers for fuels/topography and weather rasters
/usr/bin/gdal_translate -of ENVI -co "INTERLEAVE=BSQ" ./inputs/asp.tif ./scratch/asp.bsq
Input file size is 600, 600
0...10...20...30...40...50...60...70...80...90...100 - done.
/usr/bin/gdal_translate -of ENVI -co "INTERLEAVE=BSQ" ./inputs/ws.tif ./scratch/ws.bsq
Input file size is 600, 600
0...10...20...30...40...50...60...70...80...90...100 - done.
 Setting up shared memory, part 1
 Reading weather, fuel, and topography rasters
/bin/rm -f ./scratch/ws.bsq ./scratch/ws.hdr ./scratch/ws.prj ./scratch/ws.bsq.aux.xml
/usr/bin/gdal_translate -of ENVI -co "INTERLEAVE=BSQ" ./inputs/ws.tif ./scratch/ws.bsq
Input file size is 600, 600
0...10...20...30...40...50...60...70...80...90...100 - done.
/bin/rm -f ./scratch/wd.bsq ./scratch/wd.hdr ./scratch/wd.prj ./scratch/wd.bsq.aux.xml
/usr/bin/gdal_translate -of ENVI -co "INTERLEAVE=BSQ" ./inputs/wd.tif ./scratch/wd.bsq
Input file size is 600, 600
0...10...20...30...40...50...60...70...80...90...100 - done.
/bin/rm -f ./scratch/m1.bsq ./scratch/m1.hdr ./scratch/m1.prj ./scratch/m1.bsq.aux.xml
/usr/bin/gdal_translate -of ENVI -co "INTERLEAVE=BSQ" ./inputs/m1.tif ./scratch/m1.bsq
Input file size is 600, 600
0...10...20...30...40...50...60...70...80...90...100 - done.
/bin/rm -f ./scratch/m10.bsq ./scratch/m10.hdr ./scratch/m10.prj ./scratch/m10.bsq.aux.xml
/usr/bin/gdal_translate -of ENVI -co "INTERLEAVE=BSQ" ./inputs/m10.tif ./scratch/m10.bsq
Input file size is 600, 600
0...10...20...30...40...50...60...70...80...90...100 - done.
/bin/rm -f ./scratch/m100.bsq ./scratch/m100.hdr ./scratch/m100.prj ./scratch/m100.bsq.aux.xml
/usr/bin/gdal_translate -of ENVI -co "INTERLEAVE=BSQ" ./inputs/m100.tif ./scratch/m100.bsq
Input file size is 600, 600
0...10...20...30...40...50...60...70...80...90...100 - done.
 Reading fuel and topography rasters
/bin/rm -f ./scratch/asp.bsq ./scratch/asp.hdr ./scratch/asp.prj ./scratch/asp.bsq.aux.xml
/usr/bin/gdal_translate -of ENVI -co "INTERLEAVE=BSQ" ./inputs/asp.tif ./scratch/asp.bsq
Input file size is 600, 600
0...10...20...30...40...50...60...70...80...90...100 - done.
/bin/rm -f ./scratch/cbh.bsq ./scratch/cbh.hdr ./scratch/cbh.prj ./scratch/cbh.bsq.aux.xml
/usr/bin/gdal_translate -of ENVI -co "INTERLEAVE=BSQ" ./inputs/cbh.tif ./scratch/cbh.bsq
Input file size is 600, 600
0...10...20...30...40...50...60...70...80...90...100 - done.
/bin/rm -f ./scratch/cbd.bsq ./scratch/cbd.hdr ./scratch/cbd.prj ./scratch/cbd.bsq.aux.xml
/usr/bin/gdal_translate -of ENVI -co "INTERLEAVE=BSQ" ./inputs/cbd.tif ./scratch/cbd.bsq
Input file size is 600, 600
0...10...20...30...40...50...60...70...80...90...100 - done.
/bin/rm -f ./scratch/cc.bsq ./scratch/cc.hdr ./scratch/cc.prj ./scratch/cc.bsq.aux.xml
/usr/bin/gdal_translate -of ENVI -co "INTERLEAVE=BSQ" ./inputs/cc.tif ./scratch/cc.bsq
Input file size is 600, 600
0...10...20...30...40...50...60...70...80...90...100 - done.
/bin/rm -f ./scratch/ch.bsq ./scratch/ch.hdr ./scratch/ch.prj ./scratch/ch.bsq.aux.xml
/usr/bin/gdal_translate -of ENVI -co "INTERLEAVE=BSQ" ./inputs/ch.tif ./scratch/ch.bsq
Input file size is 600, 600
0...10...20...30...40...50...60...70...80...90...100 - done.
/bin/rm -f ./scratch/dem.bsq ./scratch/dem.hdr ./scratch/dem.prj ./scratch/dem.bsq.aux.xml
/usr/bin/gdal_translate -of ENVI -co "INTERLEAVE=BSQ" ./inputs/dem.tif ./scratch/dem.bsq
Input file size is 600, 600
0...10...20...30...40...50...60...70...80...90...100 - done.
/bin/rm -f ./scratch/fbfm40.bsq ./scratch/fbfm40.hdr ./scratch/fbfm40.prj ./scratch/fbfm40.bsq.aux.xml
/usr/bin/gdal_translate -of ENVI -co "INTERLEAVE=BSQ" ./inputs/fbfm40.tif ./scratch/fbfm40.bsq
Input file size is 600, 600
0...10...20...30...40...50...60...70...80...90...100 - done.
/bin/rm -f ./scratch/slp.bsq ./scratch/slp.hdr ./scratch/slp.prj ./scratch/slp.bsq.aux.xml
/usr/bin/gdal_translate -of ENVI -co "INTERLEAVE=BSQ" ./inputs/slp.tif ./scratch/slp.bsq
Input file size is 600, 600
0...10...20...30...40...50...60...70...80...90...100 - done.
/bin/rm -f ./scratch/adj.bsq ./scratch/adj.hdr ./scratch/adj.prj ./scratch/adj.bsq.aux.xml
/usr/bin/gdal_translate -of ENVI -co "INTERLEAVE=BSQ" ./inputs/adj.tif ./scratch/adj.bsq
Input file size is 600, 600
0...10...20...30...40...50...60...70...80...90...100 - done.
/bin/rm -f ./scratch/phi.bsq ./scratch/phi.hdr ./scratch/phi.prj ./scratch/phi.bsq.aux.xml
/usr/bin/gdal_translate -of ENVI -co "INTERLEAVE=BSQ" ./inputs/phi.tif ./scratch/phi.bsq
Input file size is 600, 600
0...10...20...30...40...50...60...70...80...90...100 - done.
 Allocating additional rasters
 Setting up shared memory, part 2
 Setting up statistics arrays
 ELMFIRE is running each ensemble member
Meteorology band      1: Case #       1 complete.  Fire area:    133.3 acres.
 End of simulation reached successfully. Shutting down.
+ for f in $OUTPUTS_DIR/*.bil
++ basename ./outputs_C20.0_W0/flin_0000001_0043440.bil
++ cut -d. -f1
+ gdal_translate -a_srs 'EPSG: 32610' -co COMPRESS=DEFLATE -co ZLEVEL=9 ./outputs_C20.0_W0/flin_0000001_0043440.bil ./outputs_C20.0_W0/flin_0000001_0043440.tif
Input file size is 600, 600
0...10...20...30...40...50...60...70...80...90...100 - done.
+ for f in $OUTPUTS_DIR/*.bil
++ basename ./outputs_C20.0_W0/time_of_arrival_0000001_0043440.bil
++ cut -d. -f1
+ gdal_translate -a_srs 'EPSG: 32610' -co COMPRESS=DEFLATE -co ZLEVEL=9 ./outputs_C20.0_W0/time_of_arrival_0000001_0043440.bil ./outputs_C20.0_W0/time_of_arrival_0000001_0043440.tif
Input file size is 600, 600
0...10...20...30...40...50...60...70...80...90...100 - done.
+ for f in $OUTPUTS_DIR/*.bil
++ basename ./outputs_C20.0_W0/vs_0000001_0043440.bil
++ cut -d. -f1
+ gdal_translate -a_srs 'EPSG: 32610' -co COMPRESS=DEFLATE -co ZLEVEL=9 ./outputs_C20.0_W0/vs_0000001_0043440.bil ./outputs_C20.0_W0/vs_0000001_0043440.tif
Input file size is 600, 600
0...10...20...30...40...50...60...70...80...90...100 - done.
+ rm -f -r ./outputs_C20.0_W0/fire_size_stats.csv ./outputs_C20.0_W0/timings_firelabserver.csv ./outputs_C20.0_W0/flin_0000001_0043440.bil ./outputs_C20.0_W0/time_of_arrival_0000001_0043440.bil ./outputs_C20.0_W0/vs_0000001_0043440.bil ./outputs_C20.0_W0/flin_0000001_0043440.hdr ./outputs_C20.0_W0/time_of_arrival_0000001_0043440.hdr ./outputs_C20.0_W0/vs_0000001_0043440.hdr ./inputs/ws.tif
+ for WIND_SPEED in $(seq 0 1 30)
+ OUTPUTS_DIR=./outputs_C20.0_W1
+ replace_line OUTPUTS_DIRECTORY ./outputs_C20.0_W1 yes
+ MATCH_PATTERN=OUTPUTS_DIRECTORY
+ NEW_VALUE=./outputs_C20.0_W1
+ IS_STRING=yes
++ grep -n OUTPUTS_DIRECTORY ./inputs/elmfire.data
++ cut -d: -f1
+ LINE=25
+ sed -i '25 d' ./inputs/elmfire.data
+ '[' yes = yes ']'
+ sed -i '25 i OUTPUTS_DIRECTORY = '\''./outputs_C20.0_W1'\''' ./inputs/elmfire.data
+ '[' -d ./outputs_C20.0_W1 ']'
+ mkdir ./outputs_C20.0_W1
+ gdal_calc.py -A ./scratch/float.tif --co=COMPRESS=DEFLATE --co=ZLEVEL=9 --NoDataValue=-9999 --outfile=./inputs/ws.tif '--calc=A + 1'
0...10...20...30...40...50...60...70...80...90...100 - done.
+ /home/dwip/binYiren_SU/elmfire_2024.0916 ./inputs/elmfire.data
 ELMFIRE 2024.0916
 Reading &MISCELLANEOUS namelist group
 Reading &INPUTS namelist group
 Reading &OUTPUTS namelist group
 Reading &COMPUTATIONAL_DOMAIN namelist group
 Reading &TIME_CONTROL namelist group
 Reading &SIMULATOR namelist group
 Reading &WUI namelist group
 Reading &CALIBRATION namelist group
 Reading &SUPPRESSION namelist group
 Reading &SPOTTING namelist group
 Reading &SMOKE namelist group
 Reading &MONTE_CARLO namelist group
 Reading headers for fuels/topography and weather rasters
/usr/bin/gdal_translate -of ENVI -co "INTERLEAVE=BSQ" ./inputs/asp.tif ./scratch/asp.bsq
Input file size is 600, 600
0...10...20...30...40...50...60...70...80...90...100 - done.
/usr/bin/gdal_translate -of ENVI -co "INTERLEAVE=BSQ" ./inputs/ws.tif ./scratch/ws.bsq
Input file size is 600, 600
0...10...20...30...40...50...60...70...80...90...100 - done.
 Setting up shared memory, part 1
 Reading weather, fuel, and topography rasters
/bin/rm -f ./scratch/ws.bsq ./scratch/ws.hdr ./scratch/ws.prj ./scratch/ws.bsq.aux.xml
/usr/bin/gdal_translate -of ENVI -co "INTERLEAVE=BSQ" ./inputs/ws.tif ./scratch/ws.bsq
Input file size is 600, 600
0...10...20...30...40...50...60...70...80...90...100 - done.
/bin/rm -f ./scratch/wd.bsq ./scratch/wd.hdr ./scratch/wd.prj ./scratch/wd.bsq.aux.xml
/usr/bin/gdal_translate -of ENVI -co "INTERLEAVE=BSQ" ./inputs/wd.tif ./scratch/wd.bsq
Input file size is 600, 600
0...10...20...30...40...50...60...70...80...90...100 - done.
/bin/rm -f ./scratch/m1.bsq ./scratch/m1.hdr ./scratch/m1.prj ./scratch/m1.bsq.aux.xml
/usr/bin/gdal_translate -of ENVI -co "INTERLEAVE=BSQ" ./inputs/m1.tif ./scratch/m1.bsq
Input file size is 600, 600
0...10...20...30...40...50...60...70...80...90...100 - done.
/bin/rm -f ./scratch/m10.bsq ./scratch/m10.hdr ./scratch/m10.prj ./scratch/m10.bsq.aux.xml
/usr/bin/gdal_translate -of ENVI -co "INTERLEAVE=BSQ" ./inputs/m10.tif ./scratch/m10.bsq
Input file size is 600, 600
0...10...20...30...40...50...60...70...80...90...100 - done.
/bin/rm -f ./scratch/m100.bsq ./scratch/m100.hdr ./scratch/m100.prj ./scratch/m100.bsq.aux.xml
/usr/bin/gdal_translate -of ENVI -co "INTERLEAVE=BSQ" ./inputs/m100.tif ./scratch/m100.bsq
Input file size is 600, 600
0...10...20...30...40...50...60...70...80...90...100 - done.
 Reading fuel and topography rasters
/bin/rm -f ./scratch/asp.bsq ./scratch/asp.hdr ./scratch/asp.prj ./scratch/asp.bsq.aux.xml
/usr/bin/gdal_translate -of ENVI -co "INTERLEAVE=BSQ" ./inputs/asp.tif ./scratch/asp.bsq
Input file size is 600, 600
0...10...20...30...40...50...60...70...80...90...100 - done.
/bin/rm -f ./scratch/cbh.bsq ./scratch/cbh.hdr ./scratch/cbh.prj ./scratch/cbh.bsq.aux.xml
/usr/bin/gdal_translate -of ENVI -co "INTERLEAVE=BSQ" ./inputs/cbh.tif ./scratch/cbh.bsq
Input file size is 600, 600
0...10...20...30...40...50...60...70...80...90...100 - done.
/bin/rm -f ./scratch/cbd.bsq ./scratch/cbd.hdr ./scratch/cbd.prj ./scratch/cbd.bsq.aux.xml
/usr/bin/gdal_translate -of ENVI -co "INTERLEAVE=BSQ" ./inputs/cbd.tif ./scratch/cbd.bsq
Input file size is 600, 600
0...10...20...30...40...50...60...70...80...90...100 - done.
/bin/rm -f ./scratch/cc.bsq ./scratch/cc.hdr ./scratch/cc.prj ./scratch/cc.bsq.aux.xml
/usr/bin/gdal_translate -of ENVI -co "INTERLEAVE=BSQ" ./inputs/cc.tif ./scratch/cc.bsq
Input file size is 600, 600
0...10...20...30...40...50...60...70...80...90...100 - done.
/bin/rm -f ./scratch/ch.bsq ./scratch/ch.hdr ./scratch/ch.prj ./scratch/ch.bsq.aux.xml
/usr/bin/gdal_translate -of ENVI -co "INTERLEAVE=BSQ" ./inputs/ch.tif ./scratch/ch.bsq
Input file size is 600, 600
0...10...20...30...40...50...60...70...80...90...100 - done.
/bin/rm -f ./scratch/dem.bsq ./scratch/dem.hdr ./scratch/dem.prj ./scratch/dem.bsq.aux.xml
/usr/bin/gdal_translate -of ENVI -co "INTERLEAVE=BSQ" ./inputs/dem.tif ./scratch/dem.bsq
Input file size is 600, 600
0...10...20...30...40...50...60...70...80...90...100 - done.
/bin/rm -f ./scratch/fbfm40.bsq ./scratch/fbfm40.hdr ./scratch/fbfm40.prj ./scratch/fbfm40.bsq.aux.xml
/usr/bin/gdal_translate -of ENVI -co "INTERLEAVE=BSQ" ./inputs/fbfm40.tif ./scratch/fbfm40.bsq
Input file size is 600, 600
0...10...20...30...40...50...60...70...80...90...100 - done.
/bin/rm -f ./scratch/slp.bsq ./scratch/slp.hdr ./scratch/slp.prj ./scratch/slp.bsq.aux.xml
/usr/bin/gdal_translate -of ENVI -co "INTERLEAVE=BSQ" ./inputs/slp.tif ./scratch/slp.bsq
Input file size is 600, 600
0...10...20...30...40...50...60...70...80...90...100 - done.
/bin/rm -f ./scratch/adj.bsq ./scratch/adj.hdr ./scratch/adj.prj ./scratch/adj.bsq.aux.xml
/usr/bin/gdal_translate -of ENVI -co "INTERLEAVE=BSQ" ./inputs/adj.tif ./scratch/adj.bsq
Input file size is 600, 600
0...10...20...30...40...50...60...70...80...90...100 - done.
/bin/rm -f ./scratch/phi.bsq ./scratch/phi.hdr ./scratch/phi.prj ./scratch/phi.bsq.aux.xml
/usr/bin/gdal_translate -of ENVI -co "INTERLEAVE=BSQ" ./inputs/phi.tif ./scratch/phi.bsq
Input file size is 600, 600
0...10...20...30...40...50...60...70...80...90...100 - done.
 Allocating additional rasters
 Setting up shared memory, part 2
 Setting up statistics arrays
 ELMFIRE is running each ensemble member
Meteorology band      1: Case #       1 complete.  Fire area:    157.9 acres.
 End of simulation reached successfully. Shutting down.
+ for f in $OUTPUTS_DIR/*.bil
++ basename ./outputs_C20.0_W1/flin_0000001_0043708.bil
++ cut -d. -f1
+ gdal_translate -a_srs 'EPSG: 32610' -co COMPRESS=DEFLATE -co ZLEVEL=9 ./outputs_C20.0_W1/flin_0000001_0043708.bil ./outputs_C20.0_W1/flin_0000001_0043708.tif
Input file size is 600, 600
0...10...20...30...40...50...60...70...80...90...100 - done.
+ for f in $OUTPUTS_DIR/*.bil
++ basename ./outputs_C20.0_W1/time_of_arrival_0000001_0043708.bil
++ cut -d. -f1
+ gdal_translate -a_srs 'EPSG: 32610' -co COMPRESS=DEFLATE -co ZLEVEL=9 ./outputs_C20.0_W1/time_of_arrival_0000001_0043708.bil ./outputs_C20.0_W1/time_of_arrival_0000001_0043708.tif
Input file size is 600, 600
0...10...20...30...40...50...60...70...80...90...100 - done.
+ for f in $OUTPUTS_DIR/*.bil
++ basename ./outputs_C20.0_W1/vs_0000001_0043708.bil
++ cut -d. -f1
+ gdal_translate -a_srs 'EPSG: 32610' -co COMPRESS=DEFLATE -co ZLEVEL=9 ./outputs_C20.0_W1/vs_0000001_0043708.bil ./outputs_C20.0_W1/vs_0000001_0043708.tif
Input file size is 600, 600
0...10...20...30...40...50...60...70...80...90...100 - done.
+ rm -f -r ./outputs_C20.0_W1/fire_size_stats.csv ./outputs_C20.0_W1/timings_firelabserver.csv ./outputs_C20.0_W1/flin_0000001_0043708.bil ./outputs_C20.0_W1/time_of_arrival_0000001_0043708.bil ./outputs_C20.0_W1/vs_0000001_0043708.bil ./outputs_C20.0_W1/flin_0000001_0043708.hdr ./outputs_C20.0_W1/time_of_arrival_0000001_0043708.hdr ./outputs_C20.0_W1/vs_0000001_0043708.hdr ./inputs/ws.tif
+ for WIND_SPEED in $(seq 0 1 30)
+ OUTPUTS_DIR=./outputs_C20.0_W2
+ replace_line OUTPUTS_DIRECTORY ./outputs_C20.0_W2 yes
+ MATCH_PATTERN=OUTPUTS_DIRECTORY
+ NEW_VALUE=./outputs_C20.0_W2
+ IS_STRING=yes
++ grep -n OUTPUTS_DIRECTORY ./inputs/elmfire.data
++ cut -d: -f1
+ LINE=25
+ sed -i '25 d' ./inputs/elmfire.data
+ '[' yes = yes ']'
+ sed -i '25 i OUTPUTS_DIRECTORY = '\''./outputs_C20.0_W2'\''' ./inputs/elmfire.data
+ '[' -d ./outputs_C20.0_W2 ']'
+ mkdir ./outputs_C20.0_W2
+ gdal_calc.py -A ./scratch/float.tif --co=COMPRESS=DEFLATE --co=ZLEVEL=9 --NoDataValue=-9999 --outfile=./inputs/ws.tif '--calc=A + 2'
0...10...20...30...40...50...60...70...80...90...100 - done.
+ /home/dwip/binYiren_SU/elmfire_2024.0916 ./inputs/elmfire.data
 ELMFIRE 2024.0916
 Reading &MISCELLANEOUS namelist group
 Reading &INPUTS namelist group
 Reading &OUTPUTS namelist group
 Reading &COMPUTATIONAL_DOMAIN namelist group
 Reading &TIME_CONTROL namelist group
 Reading &SIMULATOR namelist group
 Reading &WUI namelist group
 Reading &CALIBRATION namelist group
 Reading &SUPPRESSION namelist group
 Reading &SPOTTING namelist group
 Reading &SMOKE namelist group
 Reading &MONTE_CARLO namelist group
 Reading headers for fuels/topography and weather rasters
/usr/bin/gdal_translate -of ENVI -co "INTERLEAVE=BSQ" ./inputs/asp.tif ./scratch/asp.bsq
Input file size is 600, 600
0...10...20...30...40...50...60...70...80...90...100 - done.
/usr/bin/gdal_translate -of ENVI -co "INTERLEAVE=BSQ" ./inputs/ws.tif ./scratch/ws.bsq
Input file size is 600, 600
0...10...20...30...40...50...60...70...80...90...100 - done.
 Setting up shared memory, part 1
 Reading weather, fuel, and topography rasters
/bin/rm -f ./scratch/ws.bsq ./scratch/ws.hdr ./scratch/ws.prj ./scratch/ws.bsq.aux.xml
/usr/bin/gdal_translate -of ENVI -co "INTERLEAVE=BSQ" ./inputs/ws.tif ./scratch/ws.bsq
Input file size is 600, 600
0...10...20...30...40...50...60...70...80...90...100 - done.
/bin/rm -f ./scratch/wd.bsq ./scratch/wd.hdr ./scratch/wd.prj ./scratch/wd.bsq.aux.xml
/usr/bin/gdal_translate -of ENVI -co "INTERLEAVE=BSQ" ./inputs/wd.tif ./scratch/wd.bsq
Input file size is 600, 600
0...10...20...30...40...50...60...70...80...90...100 - done.
/bin/rm -f ./scratch/m1.bsq ./scratch/m1.hdr ./scratch/m1.prj ./scratch/m1.bsq.aux.xml
/usr/bin/gdal_translate -of ENVI -co "INTERLEAVE=BSQ" ./inputs/m1.tif ./scratch/m1.bsq
Input file size is 600, 600
0...10...20...30...40...50...60...70...80...90...100 - done.
/bin/rm -f ./scratch/m10.bsq ./scratch/m10.hdr ./scratch/m10.prj ./scratch/m10.bsq.aux.xml
/usr/bin/gdal_translate -of ENVI -co "INTERLEAVE=BSQ" ./inputs/m10.tif ./scratch/m10.bsq
Input file size is 600, 600
0...10...20...30...40...50...60...70...80...90...100 - done.
/bin/rm -f ./scratch/m100.bsq ./scratch/m100.hdr ./scratch/m100.prj ./scratch/m100.bsq.aux.xml
/usr/bin/gdal_translate -of ENVI -co "INTERLEAVE=BSQ" ./inputs/m100.tif ./scratch/m100.bsq
Input file size is 600, 600
0...10...20...30...40...50...60...70...80...90...100 - done.
 Reading fuel and topography rasters
/bin/rm -f ./scratch/asp.bsq ./scratch/asp.hdr ./scratch/asp.prj ./scratch/asp.bsq.aux.xml
/usr/bin/gdal_translate -of ENVI -co "INTERLEAVE=BSQ" ./inputs/asp.tif ./scratch/asp.bsq
Input file size is 600, 600
0...10...20...30...40...50...60...70...80...90...100 - done.
/bin/rm -f ./scratch/cbh.bsq ./scratch/cbh.hdr ./scratch/cbh.prj ./scratch/cbh.bsq.aux.xml
/usr/bin/gdal_translate -of ENVI -co "INTERLEAVE=BSQ" ./inputs/cbh.tif ./scratch/cbh.bsq
Input file size is 600, 600
0...10...20...30...40...50...60...70...80...90...100 - done.
/bin/rm -f ./scratch/cbd.bsq ./scratch/cbd.hdr ./scratch/cbd.prj ./scratch/cbd.bsq.aux.xml
/usr/bin/gdal_translate -of ENVI -co "INTERLEAVE=BSQ" ./inputs/cbd.tif ./scratch/cbd.bsq
Input file size is 600, 600
0...10...20...30...40...50...60...70...80...90...100 - done.
/bin/rm -f ./scratch/cc.bsq ./scratch/cc.hdr ./scratch/cc.prj ./scratch/cc.bsq.aux.xml
/usr/bin/gdal_translate -of ENVI -co "INTERLEAVE=BSQ" ./inputs/cc.tif ./scratch/cc.bsq
Input file size is 600, 600
0...10...20...30...40...50...60...70...80...90...100 - done.
/bin/rm -f ./scratch/ch.bsq ./scratch/ch.hdr ./scratch/ch.prj ./scratch/ch.bsq.aux.xml
/usr/bin/gdal_translate -of ENVI -co "INTERLEAVE=BSQ" ./inputs/ch.tif ./scratch/ch.bsq
Input file size is 600, 600
0...10...20...30...40...50...60...70...80...90...100 - done.
/bin/rm -f ./scratch/dem.bsq ./scratch/dem.hdr ./scratch/dem.prj ./scratch/dem.bsq.aux.xml
/usr/bin/gdal_translate -of ENVI -co "INTERLEAVE=BSQ" ./inputs/dem.tif ./scratch/dem.bsq
Input file size is 600, 600
0...10...20...30...40...50...60...70...80...90...100 - done.
/bin/rm -f ./scratch/fbfm40.bsq ./scratch/fbfm40.hdr ./scratch/fbfm40.prj ./scratch/fbfm40.bsq.aux.xml
/usr/bin/gdal_translate -of ENVI -co "INTERLEAVE=BSQ" ./inputs/fbfm40.tif ./scratch/fbfm40.bsq
Input file size is 600, 600
0...10...20...30...40...50...60...70...80...90...100 - done.
/bin/rm -f ./scratch/slp.bsq ./scratch/slp.hdr ./scratch/slp.prj ./scratch/slp.bsq.aux.xml
/usr/bin/gdal_translate -of ENVI -co "INTERLEAVE=BSQ" ./inputs/slp.tif ./scratch/slp.bsq
Input file size is 600, 600
0...10...20...30...40...50...60...70...80...90...100 - done.
/bin/rm -f ./scratch/adj.bsq ./scratch/adj.hdr ./scratch/adj.prj ./scratch/adj.bsq.aux.xml
/usr/bin/gdal_translate -of ENVI -co "INTERLEAVE=BSQ" ./inputs/adj.tif ./scratch/adj.bsq
Input file size is 600, 600
0...10...20...30...40...50...60...70...80...90...100 - done.
/bin/rm -f ./scratch/phi.bsq ./scratch/phi.hdr ./scratch/phi.prj ./scratch/phi.bsq.aux.xml
/usr/bin/gdal_translate -of ENVI -co "INTERLEAVE=BSQ" ./inputs/phi.tif ./scratch/phi.bsq
Input file size is 600, 600
0...10...20...30...40...50...60...70...80...90...100 - done.
 Allocating additional rasters
 Setting up shared memory, part 2
 Setting up statistics arrays
 ELMFIRE is running each ensemble member
Meteorology band      1: Case #       1 complete.  Fire area:    173.1 acres.
 End of simulation reached successfully. Shutting down.
+ for f in $OUTPUTS_DIR/*.bil
++ basename ./outputs_C20.0_W2/flin_0000001_0043763.bil
++ cut -d. -f1
+ gdal_translate -a_srs 'EPSG: 32610' -co COMPRESS=DEFLATE -co ZLEVEL=9 ./outputs_C20.0_W2/flin_0000001_0043763.bil ./outputs_C20.0_W2/flin_0000001_0043763.tif
Input file size is 600, 600
0...10...20...30...40...50...60...70...80...90...100 - done.
+ for f in $OUTPUTS_DIR/*.bil
++ basename ./outputs_C20.0_W2/time_of_arrival_0000001_0043763.bil
++ cut -d. -f1
+ gdal_translate -a_srs 'EPSG: 32610' -co COMPRESS=DEFLATE -co ZLEVEL=9 ./outputs_C20.0_W2/time_of_arrival_0000001_0043763.bil ./outputs_C20.0_W2/time_of_arrival_0000001_0043763.tif
Input file size is 600, 600
0...10...20...30...40...50...60...70...80...90...100 - done.
+ for f in $OUTPUTS_DIR/*.bil
++ basename ./outputs_C20.0_W2/vs_0000001_0043763.bil
++ cut -d. -f1
+ gdal_translate -a_srs 'EPSG: 32610' -co COMPRESS=DEFLATE -co ZLEVEL=9 ./outputs_C20.0_W2/vs_0000001_0043763.bil ./outputs_C20.0_W2/vs_0000001_0043763.tif
Input file size is 600, 600
0...10...20...30...40...50...60...70...80...90...100 - done.
+ rm -f -r ./outputs_C20.0_W2/fire_size_stats.csv ./outputs_C20.0_W2/timings_firelabserver.csv ./outputs_C20.0_W2/flin_0000001_0043763.bil ./outputs_C20.0_W2/time_of_arrival_0000001_0043763.bil ./outputs_C20.0_W2/vs_0000001_0043763.bil ./outputs_C20.0_W2/flin_0000001_0043763.hdr ./outputs_C20.0_W2/time_of_arrival_0000001_0043763.hdr ./outputs_C20.0_W2/vs_0000001_0043763.hdr ./inputs/ws.tif
+ for WIND_SPEED in $(seq 0 1 30)
+ OUTPUTS_DIR=./outputs_C20.0_W3
+ replace_line OUTPUTS_DIRECTORY ./outputs_C20.0_W3 yes
+ MATCH_PATTERN=OUTPUTS_DIRECTORY
+ NEW_VALUE=./outputs_C20.0_W3
+ IS_STRING=yes
++ grep -n OUTPUTS_DIRECTORY ./inputs/elmfire.data
++ cut -d: -f1
+ LINE=25
+ sed -i '25 d' ./inputs/elmfire.data
+ '[' yes = yes ']'
+ sed -i '25 i OUTPUTS_DIRECTORY = '\''./outputs_C20.0_W3'\''' ./inputs/elmfire.data
+ '[' -d ./outputs_C20.0_W3 ']'
+ mkdir ./outputs_C20.0_W3
+ gdal_calc.py -A ./scratch/float.tif --co=COMPRESS=DEFLATE --co=ZLEVEL=9 --NoDataValue=-9999 --outfile=./inputs/ws.tif '--calc=A + 3'
0...10...20...30...40...50...60...70...80...90...100 - done.
+ /home/dwip/binYiren_SU/elmfire_2024.0916 ./inputs/elmfire.data
 ELMFIRE 2024.0916
 Reading &MISCELLANEOUS namelist group
 Reading &INPUTS namelist group
 Reading &OUTPUTS namelist group
 Reading &COMPUTATIONAL_DOMAIN namelist group
 Reading &TIME_CONTROL namelist group
 Reading &SIMULATOR namelist group
 Reading &WUI namelist group
 Reading &CALIBRATION namelist group
 Reading &SUPPRESSION namelist group
 Reading &SPOTTING namelist group
 Reading &SMOKE namelist group
 Reading &MONTE_CARLO namelist group
 Reading headers for fuels/topography and weather rasters
/usr/bin/gdal_translate -of ENVI -co "INTERLEAVE=BSQ" ./inputs/asp.tif ./scratch/asp.bsq
Input file size is 600, 600
0...10...20...30...40...50...60...70...80...90...100 - done.
/usr/bin/gdal_translate -of ENVI -co "INTERLEAVE=BSQ" ./inputs/ws.tif ./scratch/ws.bsq
Input file size is 600, 600
0...10...20...30...40...50...60...70...80...90...100 - done.
 Setting up shared memory, part 1
 Reading weather, fuel, and topography rasters
/bin/rm -f ./scratch/ws.bsq ./scratch/ws.hdr ./scratch/ws.prj ./scratch/ws.bsq.aux.xml
/usr/bin/gdal_translate -of ENVI -co "INTERLEAVE=BSQ" ./inputs/ws.tif ./scratch/ws.bsq
Input file size is 600, 600
0...10...20...30...40...50...60...70...80...90...100 - done.
/bin/rm -f ./scratch/wd.bsq ./scratch/wd.hdr ./scratch/wd.prj ./scratch/wd.bsq.aux.xml
/usr/bin/gdal_translate -of ENVI -co "INTERLEAVE=BSQ" ./inputs/wd.tif ./scratch/wd.bsq
Input file size is 600, 600
0...10...20...30...40...50...60...70...80...90...100 - done.
/bin/rm -f ./scratch/m1.bsq ./scratch/m1.hdr ./scratch/m1.prj ./scratch/m1.bsq.aux.xml
/usr/bin/gdal_translate -of ENVI -co "INTERLEAVE=BSQ" ./inputs/m1.tif ./scratch/m1.bsq
Input file size is 600, 600
0...10...20...30...40...50...60...70...80...90...100 - done.
/bin/rm -f ./scratch/m10.bsq ./scratch/m10.hdr ./scratch/m10.prj ./scratch/m10.bsq.aux.xml
/usr/bin/gdal_translate -of ENVI -co "INTERLEAVE=BSQ" ./inputs/m10.tif ./scratch/m10.bsq
Input file size is 600, 600
0...10...20...30...40...50...60...70...80...90...100 - done.
/bin/rm -f ./scratch/m100.bsq ./scratch/m100.hdr ./scratch/m100.prj ./scratch/m100.bsq.aux.xml
/usr/bin/gdal_translate -of ENVI -co "INTERLEAVE=BSQ" ./inputs/m100.tif ./scratch/m100.bsq
Input file size is 600, 600
0...10...20...30...40...50...60...70...80...90...100 - done.
 Reading fuel and topography rasters
/bin/rm -f ./scratch/asp.bsq ./scratch/asp.hdr ./scratch/asp.prj ./scratch/asp.bsq.aux.xml
/usr/bin/gdal_translate -of ENVI -co "INTERLEAVE=BSQ" ./inputs/asp.tif ./scratch/asp.bsq
Input file size is 600, 600
0...10...20...30...40...50...60...70...80...90...100 - done.
/bin/rm -f ./scratch/cbh.bsq ./scratch/cbh.hdr ./scratch/cbh.prj ./scratch/cbh.bsq.aux.xml
/usr/bin/gdal_translate -of ENVI -co "INTERLEAVE=BSQ" ./inputs/cbh.tif ./scratch/cbh.bsq
Input file size is 600, 600
0...10...20...30...40...50...60...70...80...90...100 - done.
/bin/rm -f ./scratch/cbd.bsq ./scratch/cbd.hdr ./scratch/cbd.prj ./scratch/cbd.bsq.aux.xml
/usr/bin/gdal_translate -of ENVI -co "INTERLEAVE=BSQ" ./inputs/cbd.tif ./scratch/cbd.bsq
Input file size is 600, 600
0...10...20...30...40...50...60...70...80...90...100 - done.
/bin/rm -f ./scratch/cc.bsq ./scratch/cc.hdr ./scratch/cc.prj ./scratch/cc.bsq.aux.xml
/usr/bin/gdal_translate -of ENVI -co "INTERLEAVE=BSQ" ./inputs/cc.tif ./scratch/cc.bsq
Input file size is 600, 600
0...10...20...30...40...50...60...70...80...90...100 - done.
/bin/rm -f ./scratch/ch.bsq ./scratch/ch.hdr ./scratch/ch.prj ./scratch/ch.bsq.aux.xml
/usr/bin/gdal_translate -of ENVI -co "INTERLEAVE=BSQ" ./inputs/ch.tif ./scratch/ch.bsq
Input file size is 600, 600
0...10...20...30...40...50...60...70...80...90...100 - done.
/bin/rm -f ./scratch/dem.bsq ./scratch/dem.hdr ./scratch/dem.prj ./scratch/dem.bsq.aux.xml
/usr/bin/gdal_translate -of ENVI -co "INTERLEAVE=BSQ" ./inputs/dem.tif ./scratch/dem.bsq
Input file size is 600, 600
0...10...20...30...40...50...60...70...80...90...100 - done.
/bin/rm -f ./scratch/fbfm40.bsq ./scratch/fbfm40.hdr ./scratch/fbfm40.prj ./scratch/fbfm40.bsq.aux.xml
/usr/bin/gdal_translate -of ENVI -co "INTERLEAVE=BSQ" ./inputs/fbfm40.tif ./scratch/fbfm40.bsq
Input file size is 600, 600
0...10...20...30...40...50...60...70...80...90...100 - done.
/bin/rm -f ./scratch/slp.bsq ./scratch/slp.hdr ./scratch/slp.prj ./scratch/slp.bsq.aux.xml
/usr/bin/gdal_translate -of ENVI -co "INTERLEAVE=BSQ" ./inputs/slp.tif ./scratch/slp.bsq
Input file size is 600, 600
0...10...20...30...40...50...60...70...80...90...100 - done.
/bin/rm -f ./scratch/adj.bsq ./scratch/adj.hdr ./scratch/adj.prj ./scratch/adj.bsq.aux.xml
/usr/bin/gdal_translate -of ENVI -co "INTERLEAVE=BSQ" ./inputs/adj.tif ./scratch/adj.bsq
Input file size is 600, 600
0...10...20...30...40...50...60...70...80...90...100 - done.
/bin/rm -f ./scratch/phi.bsq ./scratch/phi.hdr ./scratch/phi.prj ./scratch/phi.bsq.aux.xml
/usr/bin/gdal_translate -of ENVI -co "INTERLEAVE=BSQ" ./inputs/phi.tif ./scratch/phi.bsq
Input file size is 600, 600
0...10...20...30...40...50...60...70...80...90...100 - done.
 Allocating additional rasters
 Setting up shared memory, part 2
 Setting up statistics arrays
 ELMFIRE is running each ensemble member
Meteorology band      1: Case #       1 complete.  Fire area:    201.6 acres.
 End of simulation reached successfully. Shutting down.
+ for f in $OUTPUTS_DIR/*.bil
++ basename ./outputs_C20.0_W3/flin_0000001_0043588.bil
++ cut -d. -f1
+ gdal_translate -a_srs 'EPSG: 32610' -co COMPRESS=DEFLATE -co ZLEVEL=9 ./outputs_C20.0_W3/flin_0000001_0043588.bil ./outputs_C20.0_W3/flin_0000001_0043588.tif
Input file size is 600, 600
0...10...20...30...40...50...60...70...80...90...100 - done.
+ for f in $OUTPUTS_DIR/*.bil
++ basename ./outputs_C20.0_W3/time_of_arrival_0000001_0043588.bil
++ cut -d. -f1
+ gdal_translate -a_srs 'EPSG: 32610' -co COMPRESS=DEFLATE -co ZLEVEL=9 ./outputs_C20.0_W3/time_of_arrival_0000001_0043588.bil ./outputs_C20.0_W3/time_of_arrival_0000001_0043588.tif
Input file size is 600, 600
0...10...20...30...40...50...60...70...80...90...100 - done.
+ for f in $OUTPUTS_DIR/*.bil
++ basename ./outputs_C20.0_W3/vs_0000001_0043588.bil
++ cut -d. -f1
+ gdal_translate -a_srs 'EPSG: 32610' -co COMPRESS=DEFLATE -co ZLEVEL=9 ./outputs_C20.0_W3/vs_0000001_0043588.bil ./outputs_C20.0_W3/vs_0000001_0043588.tif
Input file size is 600, 600
0...10...20...30...40...50...60...70...80...90...100 - done.
+ rm -f -r ./outputs_C20.0_W3/fire_size_stats.csv ./outputs_C20.0_W3/timings_firelabserver.csv ./outputs_C20.0_W3/flin_0000001_0043588.bil ./outputs_C20.0_W3/time_of_arrival_0000001_0043588.bil ./outputs_C20.0_W3/vs_0000001_0043588.bil ./outputs_C20.0_W3/flin_0000001_0043588.hdr ./outputs_C20.0_W3/time_of_arrival_0000001_0043588.hdr ./outputs_C20.0_W3/vs_0000001_0043588.hdr ./inputs/ws.tif
+ for WIND_SPEED in $(seq 0 1 30)
+ OUTPUTS_DIR=./outputs_C20.0_W4
+ replace_line OUTPUTS_DIRECTORY ./outputs_C20.0_W4 yes
+ MATCH_PATTERN=OUTPUTS_DIRECTORY
+ NEW_VALUE=./outputs_C20.0_W4
+ IS_STRING=yes
++ grep -n OUTPUTS_DIRECTORY ./inputs/elmfire.data
++ cut -d: -f1
+ LINE=25
+ sed -i '25 d' ./inputs/elmfire.data
+ '[' yes = yes ']'
+ sed -i '25 i OUTPUTS_DIRECTORY = '\''./outputs_C20.0_W4'\''' ./inputs/elmfire.data
+ '[' -d ./outputs_C20.0_W4 ']'
+ mkdir ./outputs_C20.0_W4
+ gdal_calc.py -A ./scratch/float.tif --co=COMPRESS=DEFLATE --co=ZLEVEL=9 --NoDataValue=-9999 --outfile=./inputs/ws.tif '--calc=A + 4'
0...10...20...30...40...50...60...70...80...90...100 - done.
+ /home/dwip/binYiren_SU/elmfire_2024.0916 ./inputs/elmfire.data
 ELMFIRE 2024.0916
 Reading &MISCELLANEOUS namelist group
 Reading &INPUTS namelist group
 Reading &OUTPUTS namelist group
 Reading &COMPUTATIONAL_DOMAIN namelist group
 Reading &TIME_CONTROL namelist group
 Reading &SIMULATOR namelist group
 Reading &WUI namelist group
 Reading &CALIBRATION namelist group
 Reading &SUPPRESSION namelist group
 Reading &SPOTTING namelist group
 Reading &SMOKE namelist group
 Reading &MONTE_CARLO namelist group
 Reading headers for fuels/topography and weather rasters
/usr/bin/gdal_translate -of ENVI -co "INTERLEAVE=BSQ" ./inputs/asp.tif ./scratch/asp.bsq
Input file size is 600, 600
0...10...20...30...40...50...60...70...80...90...100 - done.
/usr/bin/gdal_translate -of ENVI -co "INTERLEAVE=BSQ" ./inputs/ws.tif ./scratch/ws.bsq
Input file size is 600, 600
0...10...20...30...40...50...60...70...80...90...100 - done.
 Setting up shared memory, part 1
 Reading weather, fuel, and topography rasters
/bin/rm -f ./scratch/ws.bsq ./scratch/ws.hdr ./scratch/ws.prj ./scratch/ws.bsq.aux.xml
/usr/bin/gdal_translate -of ENVI -co "INTERLEAVE=BSQ" ./inputs/ws.tif ./scratch/ws.bsq
Input file size is 600, 600
0...10...20...30...40...50...60...70...80...90...100 - done.
/bin/rm -f ./scratch/wd.bsq ./scratch/wd.hdr ./scratch/wd.prj ./scratch/wd.bsq.aux.xml
/usr/bin/gdal_translate -of ENVI -co "INTERLEAVE=BSQ" ./inputs/wd.tif ./scratch/wd.bsq
Input file size is 600, 600
0...10...20...30...40...50...60...70...80...90...100 - done.
/bin/rm -f ./scratch/m1.bsq ./scratch/m1.hdr ./scratch/m1.prj ./scratch/m1.bsq.aux.xml
/usr/bin/gdal_translate -of ENVI -co "INTERLEAVE=BSQ" ./inputs/m1.tif ./scratch/m1.bsq
Input file size is 600, 600
0...10...20...30...40...50...60...70...80...90...100 - done.
/bin/rm -f ./scratch/m10.bsq ./scratch/m10.hdr ./scratch/m10.prj ./scratch/m10.bsq.aux.xml
/usr/bin/gdal_translate -of ENVI -co "INTERLEAVE=BSQ" ./inputs/m10.tif ./scratch/m10.bsq
Input file size is 600, 600
0...10...20...30...40...50...60...70...80...90...100 - done.
/bin/rm -f ./scratch/m100.bsq ./scratch/m100.hdr ./scratch/m100.prj ./scratch/m100.bsq.aux.xml
/usr/bin/gdal_translate -of ENVI -co "INTERLEAVE=BSQ" ./inputs/m100.tif ./scratch/m100.bsq
Input file size is 600, 600
0...10...20...30...40...50...60...70...80...90...100 - done.
 Reading fuel and topography rasters
/bin/rm -f ./scratch/asp.bsq ./scratch/asp.hdr ./scratch/asp.prj ./scratch/asp.bsq.aux.xml
/usr/bin/gdal_translate -of ENVI -co "INTERLEAVE=BSQ" ./inputs/asp.tif ./scratch/asp.bsq
Input file size is 600, 600
0...10...20...30...40...50...60...70...80...90...100 - done.
/bin/rm -f ./scratch/cbh.bsq ./scratch/cbh.hdr ./scratch/cbh.prj ./scratch/cbh.bsq.aux.xml
/usr/bin/gdal_translate -of ENVI -co "INTERLEAVE=BSQ" ./inputs/cbh.tif ./scratch/cbh.bsq
Input file size is 600, 600
0...10...20...30...40...50...60...70...80...90...100 - done.
/bin/rm -f ./scratch/cbd.bsq ./scratch/cbd.hdr ./scratch/cbd.prj ./scratch/cbd.bsq.aux.xml
/usr/bin/gdal_translate -of ENVI -co "INTERLEAVE=BSQ" ./inputs/cbd.tif ./scratch/cbd.bsq
Input file size is 600, 600
0...10...20...30...40...50...60...70...80...90...100 - done.
/bin/rm -f ./scratch/cc.bsq ./scratch/cc.hdr ./scratch/cc.prj ./scratch/cc.bsq.aux.xml
/usr/bin/gdal_translate -of ENVI -co "INTERLEAVE=BSQ" ./inputs/cc.tif ./scratch/cc.bsq
Input file size is 600, 600
0...10...20...30...40...50...60...70...80...90...100 - done.
/bin/rm -f ./scratch/ch.bsq ./scratch/ch.hdr ./scratch/ch.prj ./scratch/ch.bsq.aux.xml
/usr/bin/gdal_translate -of ENVI -co "INTERLEAVE=BSQ" ./inputs/ch.tif ./scratch/ch.bsq
Input file size is 600, 600
0...10...20...30...40...50...60...70...80...90...100 - done.
/bin/rm -f ./scratch/dem.bsq ./scratch/dem.hdr ./scratch/dem.prj ./scratch/dem.bsq.aux.xml
/usr/bin/gdal_translate -of ENVI -co "INTERLEAVE=BSQ" ./inputs/dem.tif ./scratch/dem.bsq
Input file size is 600, 600
0...10...20...30...40...50...60...70...80...90...100 - done.
/bin/rm -f ./scratch/fbfm40.bsq ./scratch/fbfm40.hdr ./scratch/fbfm40.prj ./scratch/fbfm40.bsq.aux.xml
/usr/bin/gdal_translate -of ENVI -co "INTERLEAVE=BSQ" ./inputs/fbfm40.tif ./scratch/fbfm40.bsq
Input file size is 600, 600
0...10...20...30...40...50...60...70...80...90...100 - done.
/bin/rm -f ./scratch/slp.bsq ./scratch/slp.hdr ./scratch/slp.prj ./scratch/slp.bsq.aux.xml
/usr/bin/gdal_translate -of ENVI -co "INTERLEAVE=BSQ" ./inputs/slp.tif ./scratch/slp.bsq
Input file size is 600, 600
0...10...20...30...40...50...60...70...80...90...100 - done.
/bin/rm -f ./scratch/adj.bsq ./scratch/adj.hdr ./scratch/adj.prj ./scratch/adj.bsq.aux.xml
/usr/bin/gdal_translate -of ENVI -co "INTERLEAVE=BSQ" ./inputs/adj.tif ./scratch/adj.bsq
Input file size is 600, 600
0...10...20...30...40...50...60...70...80...90...100 - done.
/bin/rm -f ./scratch/phi.bsq ./scratch/phi.hdr ./scratch/phi.prj ./scratch/phi.bsq.aux.xml
/usr/bin/gdal_translate -of ENVI -co "INTERLEAVE=BSQ" ./inputs/phi.tif ./scratch/phi.bsq
Input file size is 600, 600
0...10...20...30...40...50...60...70...80...90...100 - done.
 Allocating additional rasters
 Setting up shared memory, part 2
 Setting up statistics arrays
 ELMFIRE is running each ensemble member
Meteorology band      1: Case #       1 complete.  Fire area:    237.8 acres.
 End of simulation reached successfully. Shutting down.
+ for f in $OUTPUTS_DIR/*.bil
++ basename ./outputs_C20.0_W4/flin_0000001_0043429.bil
++ cut -d. -f1
+ gdal_translate -a_srs 'EPSG: 32610' -co COMPRESS=DEFLATE -co ZLEVEL=9 ./outputs_C20.0_W4/flin_0000001_0043429.bil ./outputs_C20.0_W4/flin_0000001_0043429.tif
Input file size is 600, 600
0...10...20...30...40...50...60...70...80...90...100 - done.
+ for f in $OUTPUTS_DIR/*.bil
++ basename ./outputs_C20.0_W4/time_of_arrival_0000001_0043429.bil
++ cut -d. -f1
+ gdal_translate -a_srs 'EPSG: 32610' -co COMPRESS=DEFLATE -co ZLEVEL=9 ./outputs_C20.0_W4/time_of_arrival_0000001_0043429.bil ./outputs_C20.0_W4/time_of_arrival_0000001_0043429.tif
Input file size is 600, 600
0...10...20...30...40...50...60...70...80...90...100 - done.
+ for f in $OUTPUTS_DIR/*.bil
++ basename ./outputs_C20.0_W4/vs_0000001_0043429.bil
++ cut -d. -f1
+ gdal_translate -a_srs 'EPSG: 32610' -co COMPRESS=DEFLATE -co ZLEVEL=9 ./outputs_C20.0_W4/vs_0000001_0043429.bil ./outputs_C20.0_W4/vs_0000001_0043429.tif
Input file size is 600, 600
0...10...20...30...40...50...60...70...80...90...100 - done.
+ rm -f -r ./outputs_C20.0_W4/fire_size_stats.csv ./outputs_C20.0_W4/timings_firelabserver.csv ./outputs_C20.0_W4/flin_0000001_0043429.bil ./outputs_C20.0_W4/time_of_arrival_0000001_0043429.bil ./outputs_C20.0_W4/vs_0000001_0043429.bil ./outputs_C20.0_W4/flin_0000001_0043429.hdr ./outputs_C20.0_W4/time_of_arrival_0000001_0043429.hdr ./outputs_C20.0_W4/vs_0000001_0043429.hdr ./inputs/ws.tif
+ for WIND_SPEED in $(seq 0 1 30)
+ OUTPUTS_DIR=./outputs_C20.0_W5
+ replace_line OUTPUTS_DIRECTORY ./outputs_C20.0_W5 yes
+ MATCH_PATTERN=OUTPUTS_DIRECTORY
+ NEW_VALUE=./outputs_C20.0_W5
+ IS_STRING=yes
++ grep -n OUTPUTS_DIRECTORY ./inputs/elmfire.data
++ cut -d: -f1
+ LINE=25
+ sed -i '25 d' ./inputs/elmfire.data
+ '[' yes = yes ']'
+ sed -i '25 i OUTPUTS_DIRECTORY = '\''./outputs_C20.0_W5'\''' ./inputs/elmfire.data
+ '[' -d ./outputs_C20.0_W5 ']'
+ mkdir ./outputs_C20.0_W5
+ gdal_calc.py -A ./scratch/float.tif --co=COMPRESS=DEFLATE --co=ZLEVEL=9 --NoDataValue=-9999 --outfile=./inputs/ws.tif '--calc=A + 5'
0...10...20...30...40...50...60...70...80...90...100 - done.
+ /home/dwip/binYiren_SU/elmfire_2024.0916 ./inputs/elmfire.data
 ELMFIRE 2024.0916
 Reading &MISCELLANEOUS namelist group
 Reading &INPUTS namelist group
 Reading &OUTPUTS namelist group
 Reading &COMPUTATIONAL_DOMAIN namelist group
 Reading &TIME_CONTROL namelist group
 Reading &SIMULATOR namelist group
 Reading &WUI namelist group
 Reading &CALIBRATION namelist group
 Reading &SUPPRESSION namelist group
 Reading &SPOTTING namelist group
 Reading &SMOKE namelist group
 Reading &MONTE_CARLO namelist group
 Reading headers for fuels/topography and weather rasters
/usr/bin/gdal_translate -of ENVI -co "INTERLEAVE=BSQ" ./inputs/asp.tif ./scratch/asp.bsq
Input file size is 600, 600
0...10...20...30...40...50...60...70...80...90...100 - done.
/usr/bin/gdal_translate -of ENVI -co "INTERLEAVE=BSQ" ./inputs/ws.tif ./scratch/ws.bsq
Input file size is 600, 600
0...10...20...30...40...50...60...70...80...90...100 - done.
 Setting up shared memory, part 1
 Reading weather, fuel, and topography rasters
/bin/rm -f ./scratch/ws.bsq ./scratch/ws.hdr ./scratch/ws.prj ./scratch/ws.bsq.aux.xml
/usr/bin/gdal_translate -of ENVI -co "INTERLEAVE=BSQ" ./inputs/ws.tif ./scratch/ws.bsq
Input file size is 600, 600
0...10...20...30...40...50...60...70...80...90...100 - done.
/bin/rm -f ./scratch/wd.bsq ./scratch/wd.hdr ./scratch/wd.prj ./scratch/wd.bsq.aux.xml
/usr/bin/gdal_translate -of ENVI -co "INTERLEAVE=BSQ" ./inputs/wd.tif ./scratch/wd.bsq
Input file size is 600, 600
0...10...20...30...40...50...60...70...80...90...100 - done.
/bin/rm -f ./scratch/m1.bsq ./scratch/m1.hdr ./scratch/m1.prj ./scratch/m1.bsq.aux.xml
/usr/bin/gdal_translate -of ENVI -co "INTERLEAVE=BSQ" ./inputs/m1.tif ./scratch/m1.bsq
Input file size is 600, 600
0...10...20...30...40...50...60...70...80...90...100 - done.
/bin/rm -f ./scratch/m10.bsq ./scratch/m10.hdr ./scratch/m10.prj ./scratch/m10.bsq.aux.xml
/usr/bin/gdal_translate -of ENVI -co "INTERLEAVE=BSQ" ./inputs/m10.tif ./scratch/m10.bsq
Input file size is 600, 600
0...10...20...30...40...50...60...70...80...90...100 - done.
/bin/rm -f ./scratch/m100.bsq ./scratch/m100.hdr ./scratch/m100.prj ./scratch/m100.bsq.aux.xml
/usr/bin/gdal_translate -of ENVI -co "INTERLEAVE=BSQ" ./inputs/m100.tif ./scratch/m100.bsq
Input file size is 600, 600
0...10...20...30...40...50...60...70...80...90...100 - done.
 Reading fuel and topography rasters
/bin/rm -f ./scratch/asp.bsq ./scratch/asp.hdr ./scratch/asp.prj ./scratch/asp.bsq.aux.xml
/usr/bin/gdal_translate -of ENVI -co "INTERLEAVE=BSQ" ./inputs/asp.tif ./scratch/asp.bsq
Input file size is 600, 600
0...10...20...30...40...50...60...70...80...90...100 - done.
/bin/rm -f ./scratch/cbh.bsq ./scratch/cbh.hdr ./scratch/cbh.prj ./scratch/cbh.bsq.aux.xml
/usr/bin/gdal_translate -of ENVI -co "INTERLEAVE=BSQ" ./inputs/cbh.tif ./scratch/cbh.bsq
Input file size is 600, 600
0...10...20...30...40...50...60...70...80...90...100 - done.
/bin/rm -f ./scratch/cbd.bsq ./scratch/cbd.hdr ./scratch/cbd.prj ./scratch/cbd.bsq.aux.xml
/usr/bin/gdal_translate -of ENVI -co "INTERLEAVE=BSQ" ./inputs/cbd.tif ./scratch/cbd.bsq
Input file size is 600, 600
0...10...20...30...40...50...60...70...80...90...100 - done.
/bin/rm -f ./scratch/cc.bsq ./scratch/cc.hdr ./scratch/cc.prj ./scratch/cc.bsq.aux.xml
/usr/bin/gdal_translate -of ENVI -co "INTERLEAVE=BSQ" ./inputs/cc.tif ./scratch/cc.bsq
Input file size is 600, 600
0...10...20...30...40...50...60...70...80...90...100 - done.
/bin/rm -f ./scratch/ch.bsq ./scratch/ch.hdr ./scratch/ch.prj ./scratch/ch.bsq.aux.xml
/usr/bin/gdal_translate -of ENVI -co "INTERLEAVE=BSQ" ./inputs/ch.tif ./scratch/ch.bsq
Input file size is 600, 600
0...10...20...30...40...50...60...70...80...90...100 - done.
/bin/rm -f ./scratch/dem.bsq ./scratch/dem.hdr ./scratch/dem.prj ./scratch/dem.bsq.aux.xml
/usr/bin/gdal_translate -of ENVI -co "INTERLEAVE=BSQ" ./inputs/dem.tif ./scratch/dem.bsq
Input file size is 600, 600
0...10...20...30...40...50...60...70...80...90...100 - done.
/bin/rm -f ./scratch/fbfm40.bsq ./scratch/fbfm40.hdr ./scratch/fbfm40.prj ./scratch/fbfm40.bsq.aux.xml
/usr/bin/gdal_translate -of ENVI -co "INTERLEAVE=BSQ" ./inputs/fbfm40.tif ./scratch/fbfm40.bsq
Input file size is 600, 600
0...10...20...30...40...50...60...70...80...90...100 - done.
/bin/rm -f ./scratch/slp.bsq ./scratch/slp.hdr ./scratch/slp.prj ./scratch/slp.bsq.aux.xml
/usr/bin/gdal_translate -of ENVI -co "INTERLEAVE=BSQ" ./inputs/slp.tif ./scratch/slp.bsq
Input file size is 600, 600
0...10...20...30...40...50...60...70...80...90...100 - done.
/bin/rm -f ./scratch/adj.bsq ./scratch/adj.hdr ./scratch/adj.prj ./scratch/adj.bsq.aux.xml
/usr/bin/gdal_translate -of ENVI -co "INTERLEAVE=BSQ" ./inputs/adj.tif ./scratch/adj.bsq
Input file size is 600, 600
0...10...20...30...40...50...60...70...80...90...100 - done.
/bin/rm -f ./scratch/phi.bsq ./scratch/phi.hdr ./scratch/phi.prj ./scratch/phi.bsq.aux.xml
/usr/bin/gdal_translate -of ENVI -co "INTERLEAVE=BSQ" ./inputs/phi.tif ./scratch/phi.bsq
Input file size is 600, 600
0...10...20...30...40...50...60...70...80...90...100 - done.
 Allocating additional rasters
 Setting up shared memory, part 2
 Setting up statistics arrays
 ELMFIRE is running each ensemble member
Meteorology band      1: Case #       1 complete.  Fire area:    286.3 acres.
 End of simulation reached successfully. Shutting down.
+ for f in $OUTPUTS_DIR/*.bil
++ basename ./outputs_C20.0_W5/flin_0000001_0043520.bil
++ cut -d. -f1
+ gdal_translate -a_srs 'EPSG: 32610' -co COMPRESS=DEFLATE -co ZLEVEL=9 ./outputs_C20.0_W5/flin_0000001_0043520.bil ./outputs_C20.0_W5/flin_0000001_0043520.tif
Input file size is 600, 600
0...10...20...30...40...50...60...70...80...90...100 - done.
+ for f in $OUTPUTS_DIR/*.bil
++ basename ./outputs_C20.0_W5/time_of_arrival_0000001_0043520.bil
++ cut -d. -f1
+ gdal_translate -a_srs 'EPSG: 32610' -co COMPRESS=DEFLATE -co ZLEVEL=9 ./outputs_C20.0_W5/time_of_arrival_0000001_0043520.bil ./outputs_C20.0_W5/time_of_arrival_0000001_0043520.tif
Input file size is 600, 600
0...10...20...30...40...50...60...70...80...90...100 - done.
+ for f in $OUTPUTS_DIR/*.bil
++ basename ./outputs_C20.0_W5/vs_0000001_0043520.bil
++ cut -d. -f1
+ gdal_translate -a_srs 'EPSG: 32610' -co COMPRESS=DEFLATE -co ZLEVEL=9 ./outputs_C20.0_W5/vs_0000001_0043520.bil ./outputs_C20.0_W5/vs_0000001_0043520.tif
Input file size is 600, 600
0...10...20...30...40...50...60...70...80...90...100 - done.
+ rm -f -r ./outputs_C20.0_W5/fire_size_stats.csv ./outputs_C20.0_W5/timings_firelabserver.csv ./outputs_C20.0_W5/flin_0000001_0043520.bil ./outputs_C20.0_W5/time_of_arrival_0000001_0043520.bil ./outputs_C20.0_W5/vs_0000001_0043520.bil ./outputs_C20.0_W5/flin_0000001_0043520.hdr ./outputs_C20.0_W5/time_of_arrival_0000001_0043520.hdr ./outputs_C20.0_W5/vs_0000001_0043520.hdr ./inputs/ws.tif
+ for WIND_SPEED in $(seq 0 1 30)
+ OUTPUTS_DIR=./outputs_C20.0_W6
+ replace_line OUTPUTS_DIRECTORY ./outputs_C20.0_W6 yes
+ MATCH_PATTERN=OUTPUTS_DIRECTORY
+ NEW_VALUE=./outputs_C20.0_W6
+ IS_STRING=yes
++ cut -d: -f1
++ grep -n OUTPUTS_DIRECTORY ./inputs/elmfire.data
+ LINE=25
+ sed -i '25 d' ./inputs/elmfire.data
+ '[' yes = yes ']'
+ sed -i '25 i OUTPUTS_DIRECTORY = '\''./outputs_C20.0_W6'\''' ./inputs/elmfire.data
+ '[' -d ./outputs_C20.0_W6 ']'
+ mkdir ./outputs_C20.0_W6
+ gdal_calc.py -A ./scratch/float.tif --co=COMPRESS=DEFLATE --co=ZLEVEL=9 --NoDataValue=-9999 --outfile=./inputs/ws.tif '--calc=A + 6'
0...10...20...30...40...50...60...70...80...90...100 - done.
+ /home/dwip/binYiren_SU/elmfire_2024.0916 ./inputs/elmfire.data
 ELMFIRE 2024.0916
 Reading &MISCELLANEOUS namelist group
 Reading &INPUTS namelist group
 Reading &OUTPUTS namelist group
 Reading &COMPUTATIONAL_DOMAIN namelist group
 Reading &TIME_CONTROL namelist group
 Reading &SIMULATOR namelist group
 Reading &WUI namelist group
 Reading &CALIBRATION namelist group
 Reading &SUPPRESSION namelist group
 Reading &SPOTTING namelist group
 Reading &SMOKE namelist group
 Reading &MONTE_CARLO namelist group
 Reading headers for fuels/topography and weather rasters
/usr/bin/gdal_translate -of ENVI -co "INTERLEAVE=BSQ" ./inputs/asp.tif ./scratch/asp.bsq
Input file size is 600, 600
0...10...20...30...40...50...60...70...80...90...100 - done.
/usr/bin/gdal_translate -of ENVI -co "INTERLEAVE=BSQ" ./inputs/ws.tif ./scratch/ws.bsq
Input file size is 600, 600
0...10...20...30...40...50...60...70...80...90...100 - done.
 Setting up shared memory, part 1
 Reading weather, fuel, and topography rasters
/bin/rm -f ./scratch/ws.bsq ./scratch/ws.hdr ./scratch/ws.prj ./scratch/ws.bsq.aux.xml
/usr/bin/gdal_translate -of ENVI -co "INTERLEAVE=BSQ" ./inputs/ws.tif ./scratch/ws.bsq
Input file size is 600, 600
0...10...20...30...40...50...60...70...80...90...100 - done.
/bin/rm -f ./scratch/wd.bsq ./scratch/wd.hdr ./scratch/wd.prj ./scratch/wd.bsq.aux.xml
/usr/bin/gdal_translate -of ENVI -co "INTERLEAVE=BSQ" ./inputs/wd.tif ./scratch/wd.bsq
Input file size is 600, 600
0...10...20...30...40...50...60...70...80...90...100 - done.
/bin/rm -f ./scratch/m1.bsq ./scratch/m1.hdr ./scratch/m1.prj ./scratch/m1.bsq.aux.xml
/usr/bin/gdal_translate -of ENVI -co "INTERLEAVE=BSQ" ./inputs/m1.tif ./scratch/m1.bsq
Input file size is 600, 600
0...10...20...30...40...50...60...70...80...90...100 - done.
/bin/rm -f ./scratch/m10.bsq ./scratch/m10.hdr ./scratch/m10.prj ./scratch/m10.bsq.aux.xml
/usr/bin/gdal_translate -of ENVI -co "INTERLEAVE=BSQ" ./inputs/m10.tif ./scratch/m10.bsq
Input file size is 600, 600
0...10...20...30...40...50...60...70...80...90...100 - done.
/bin/rm -f ./scratch/m100.bsq ./scratch/m100.hdr ./scratch/m100.prj ./scratch/m100.bsq.aux.xml
/usr/bin/gdal_translate -of ENVI -co "INTERLEAVE=BSQ" ./inputs/m100.tif ./scratch/m100.bsq
Input file size is 600, 600
0...10...20...30...40...50...60...70...80...90...100 - done.
 Reading fuel and topography rasters
/bin/rm -f ./scratch/asp.bsq ./scratch/asp.hdr ./scratch/asp.prj ./scratch/asp.bsq.aux.xml
/usr/bin/gdal_translate -of ENVI -co "INTERLEAVE=BSQ" ./inputs/asp.tif ./scratch/asp.bsq
Input file size is 600, 600
0...10...20...30...40...50...60...70...80...90...100 - done.
/bin/rm -f ./scratch/cbh.bsq ./scratch/cbh.hdr ./scratch/cbh.prj ./scratch/cbh.bsq.aux.xml
/usr/bin/gdal_translate -of ENVI -co "INTERLEAVE=BSQ" ./inputs/cbh.tif ./scratch/cbh.bsq
Input file size is 600, 600
0...10...20...30...40...50...60...70...80...90...100 - done.
/bin/rm -f ./scratch/cbd.bsq ./scratch/cbd.hdr ./scratch/cbd.prj ./scratch/cbd.bsq.aux.xml
/usr/bin/gdal_translate -of ENVI -co "INTERLEAVE=BSQ" ./inputs/cbd.tif ./scratch/cbd.bsq
Input file size is 600, 600
0...10...20...30...40...50...60...70...80...90...100 - done.
/bin/rm -f ./scratch/cc.bsq ./scratch/cc.hdr ./scratch/cc.prj ./scratch/cc.bsq.aux.xml
/usr/bin/gdal_translate -of ENVI -co "INTERLEAVE=BSQ" ./inputs/cc.tif ./scratch/cc.bsq
Input file size is 600, 600
0...10...20...30...40...50...60...70...80...90...100 - done.
/bin/rm -f ./scratch/ch.bsq ./scratch/ch.hdr ./scratch/ch.prj ./scratch/ch.bsq.aux.xml
/usr/bin/gdal_translate -of ENVI -co "INTERLEAVE=BSQ" ./inputs/ch.tif ./scratch/ch.bsq
Input file size is 600, 600
0...10...20...30...40...50...60...70...80...90...100 - done.
/bin/rm -f ./scratch/dem.bsq ./scratch/dem.hdr ./scratch/dem.prj ./scratch/dem.bsq.aux.xml
/usr/bin/gdal_translate -of ENVI -co "INTERLEAVE=BSQ" ./inputs/dem.tif ./scratch/dem.bsq
Input file size is 600, 600
0...10...20...30...40...50...60...70...80...90...100 - done.
/bin/rm -f ./scratch/fbfm40.bsq ./scratch/fbfm40.hdr ./scratch/fbfm40.prj ./scratch/fbfm40.bsq.aux.xml
/usr/bin/gdal_translate -of ENVI -co "INTERLEAVE=BSQ" ./inputs/fbfm40.tif ./scratch/fbfm40.bsq
Input file size is 600, 600
0...10...20...30...40...50...60...70...80...90...100 - done.
/bin/rm -f ./scratch/slp.bsq ./scratch/slp.hdr ./scratch/slp.prj ./scratch/slp.bsq.aux.xml
/usr/bin/gdal_translate -of ENVI -co "INTERLEAVE=BSQ" ./inputs/slp.tif ./scratch/slp.bsq
Input file size is 600, 600
0...10...20...30...40...50...60...70...80...90...100 - done.
/bin/rm -f ./scratch/adj.bsq ./scratch/adj.hdr ./scratch/adj.prj ./scratch/adj.bsq.aux.xml
/usr/bin/gdal_translate -of ENVI -co "INTERLEAVE=BSQ" ./inputs/adj.tif ./scratch/adj.bsq
Input file size is 600, 600
0...10...20...30...40...50...60...70...80...90...100 - done.
/bin/rm -f ./scratch/phi.bsq ./scratch/phi.hdr ./scratch/phi.prj ./scratch/phi.bsq.aux.xml
/usr/bin/gdal_translate -of ENVI -co "INTERLEAVE=BSQ" ./inputs/phi.tif ./scratch/phi.bsq
Input file size is 600, 600
0...10...20...30...40...50...60...70...80...90...100 - done.
 Allocating additional rasters
 Setting up shared memory, part 2
 Setting up statistics arrays
 ELMFIRE is running each ensemble member
Meteorology band      1: Case #       1 complete.  Fire area:    346.5 acres.
 End of simulation reached successfully. Shutting down.
+ for f in $OUTPUTS_DIR/*.bil
++ basename ./outputs_C20.0_W6/flin_0000001_0043463.bil
++ cut -d. -f1
+ gdal_translate -a_srs 'EPSG: 32610' -co COMPRESS=DEFLATE -co ZLEVEL=9 ./outputs_C20.0_W6/flin_0000001_0043463.bil ./outputs_C20.0_W6/flin_0000001_0043463.tif
Input file size is 600, 600
0...10...20...30...40...50...60...70...80...90...100 - done.
+ for f in $OUTPUTS_DIR/*.bil
++ basename ./outputs_C20.0_W6/time_of_arrival_0000001_0043463.bil
++ cut -d. -f1
+ gdal_translate -a_srs 'EPSG: 32610' -co COMPRESS=DEFLATE -co ZLEVEL=9 ./outputs_C20.0_W6/time_of_arrival_0000001_0043463.bil ./outputs_C20.0_W6/time_of_arrival_0000001_0043463.tif
Input file size is 600, 600
0...10...20...30...40...50...60...70...80...90...100 - done.
+ for f in $OUTPUTS_DIR/*.bil
++ cut -d. -f1
++ basename ./outputs_C20.0_W6/vs_0000001_0043463.bil
+ gdal_translate -a_srs 'EPSG: 32610' -co COMPRESS=DEFLATE -co ZLEVEL=9 ./outputs_C20.0_W6/vs_0000001_0043463.bil ./outputs_C20.0_W6/vs_0000001_0043463.tif
Input file size is 600, 600
0...10...20...30...40...50...60...70...80...90...100 - done.
+ rm -f -r ./outputs_C20.0_W6/fire_size_stats.csv ./outputs_C20.0_W6/timings_firelabserver.csv ./outputs_C20.0_W6/flin_0000001_0043463.bil ./outputs_C20.0_W6/time_of_arrival_0000001_0043463.bil ./outputs_C20.0_W6/vs_0000001_0043463.bil ./outputs_C20.0_W6/flin_0000001_0043463.hdr ./outputs_C20.0_W6/time_of_arrival_0000001_0043463.hdr ./outputs_C20.0_W6/vs_0000001_0043463.hdr ./inputs/ws.tif
+ for WIND_SPEED in $(seq 0 1 30)
+ OUTPUTS_DIR=./outputs_C20.0_W7
+ replace_line OUTPUTS_DIRECTORY ./outputs_C20.0_W7 yes
+ MATCH_PATTERN=OUTPUTS_DIRECTORY
+ NEW_VALUE=./outputs_C20.0_W7
+ IS_STRING=yes
++ grep -n OUTPUTS_DIRECTORY ./inputs/elmfire.data
++ cut -d: -f1
+ LINE=25
+ sed -i '25 d' ./inputs/elmfire.data
+ '[' yes = yes ']'
+ sed -i '25 i OUTPUTS_DIRECTORY = '\''./outputs_C20.0_W7'\''' ./inputs/elmfire.data
+ '[' -d ./outputs_C20.0_W7 ']'
+ mkdir ./outputs_C20.0_W7
+ gdal_calc.py -A ./scratch/float.tif --co=COMPRESS=DEFLATE --co=ZLEVEL=9 --NoDataValue=-9999 --outfile=./inputs/ws.tif '--calc=A + 7'
0...10...20...30...40...50...60...70...80...90...100 - done.
+ /home/dwip/binYiren_SU/elmfire_2024.0916 ./inputs/elmfire.data
 ELMFIRE 2024.0916
 Reading &MISCELLANEOUS namelist group
 Reading &INPUTS namelist group
 Reading &OUTPUTS namelist group
 Reading &COMPUTATIONAL_DOMAIN namelist group
 Reading &TIME_CONTROL namelist group
 Reading &SIMULATOR namelist group
 Reading &WUI namelist group
 Reading &CALIBRATION namelist group
 Reading &SUPPRESSION namelist group
 Reading &SPOTTING namelist group
 Reading &SMOKE namelist group
 Reading &MONTE_CARLO namelist group
 Reading headers for fuels/topography and weather rasters
/usr/bin/gdal_translate -of ENVI -co "INTERLEAVE=BSQ" ./inputs/asp.tif ./scratch/asp.bsq
Input file size is 600, 600
0...10...20...30...40...50...60...70...80...90...100 - done.
/usr/bin/gdal_translate -of ENVI -co "INTERLEAVE=BSQ" ./inputs/ws.tif ./scratch/ws.bsq
Input file size is 600, 600
0...10...20...30...40...50...60...70...80...90...100 - done.
 Setting up shared memory, part 1
 Reading weather, fuel, and topography rasters
/bin/rm -f ./scratch/ws.bsq ./scratch/ws.hdr ./scratch/ws.prj ./scratch/ws.bsq.aux.xml
/usr/bin/gdal_translate -of ENVI -co "INTERLEAVE=BSQ" ./inputs/ws.tif ./scratch/ws.bsq
Input file size is 600, 600
0...10...20...30...40...50...60...70...80...90...100 - done.
/bin/rm -f ./scratch/wd.bsq ./scratch/wd.hdr ./scratch/wd.prj ./scratch/wd.bsq.aux.xml
/usr/bin/gdal_translate -of ENVI -co "INTERLEAVE=BSQ" ./inputs/wd.tif ./scratch/wd.bsq
Input file size is 600, 600
0...10...20...30...40...50...60...70...80...90...100 - done.
/bin/rm -f ./scratch/m1.bsq ./scratch/m1.hdr ./scratch/m1.prj ./scratch/m1.bsq.aux.xml
/usr/bin/gdal_translate -of ENVI -co "INTERLEAVE=BSQ" ./inputs/m1.tif ./scratch/m1.bsq
Input file size is 600, 600
0...10...20...30...40...50...60...70...80...90...100 - done.
/bin/rm -f ./scratch/m10.bsq ./scratch/m10.hdr ./scratch/m10.prj ./scratch/m10.bsq.aux.xml
/usr/bin/gdal_translate -of ENVI -co "INTERLEAVE=BSQ" ./inputs/m10.tif ./scratch/m10.bsq
Input file size is 600, 600
0...10...20...30...40...50...60...70...80...90...100 - done.
/bin/rm -f ./scratch/m100.bsq ./scratch/m100.hdr ./scratch/m100.prj ./scratch/m100.bsq.aux.xml
/usr/bin/gdal_translate -of ENVI -co "INTERLEAVE=BSQ" ./inputs/m100.tif ./scratch/m100.bsq
Input file size is 600, 600
0...10...20...30...40...50...60...70...80...90...100 - done.
 Reading fuel and topography rasters
/bin/rm -f ./scratch/asp.bsq ./scratch/asp.hdr ./scratch/asp.prj ./scratch/asp.bsq.aux.xml
/usr/bin/gdal_translate -of ENVI -co "INTERLEAVE=BSQ" ./inputs/asp.tif ./scratch/asp.bsq
Input file size is 600, 600
0...10...20...30...40...50...60...70...80...90...100 - done.
/bin/rm -f ./scratch/cbh.bsq ./scratch/cbh.hdr ./scratch/cbh.prj ./scratch/cbh.bsq.aux.xml
/usr/bin/gdal_translate -of ENVI -co "INTERLEAVE=BSQ" ./inputs/cbh.tif ./scratch/cbh.bsq
Input file size is 600, 600
0...10...20...30...40...50...60...70...80...90...100 - done.
/bin/rm -f ./scratch/cbd.bsq ./scratch/cbd.hdr ./scratch/cbd.prj ./scratch/cbd.bsq.aux.xml
/usr/bin/gdal_translate -of ENVI -co "INTERLEAVE=BSQ" ./inputs/cbd.tif ./scratch/cbd.bsq
Input file size is 600, 600
0...10...20...30...40...50...60...70...80...90...100 - done.
/bin/rm -f ./scratch/cc.bsq ./scratch/cc.hdr ./scratch/cc.prj ./scratch/cc.bsq.aux.xml
/usr/bin/gdal_translate -of ENVI -co "INTERLEAVE=BSQ" ./inputs/cc.tif ./scratch/cc.bsq
Input file size is 600, 600
0...10...20...30...40...50...60...70...80...90...100 - done.
/bin/rm -f ./scratch/ch.bsq ./scratch/ch.hdr ./scratch/ch.prj ./scratch/ch.bsq.aux.xml
/usr/bin/gdal_translate -of ENVI -co "INTERLEAVE=BSQ" ./inputs/ch.tif ./scratch/ch.bsq
Input file size is 600, 600
0...10...20...30...40...50...60...70...80...90...100 - done.
/bin/rm -f ./scratch/dem.bsq ./scratch/dem.hdr ./scratch/dem.prj ./scratch/dem.bsq.aux.xml
/usr/bin/gdal_translate -of ENVI -co "INTERLEAVE=BSQ" ./inputs/dem.tif ./scratch/dem.bsq
Input file size is 600, 600
0...10...20...30...40...50...60...70...80...90...100 - done.
/bin/rm -f ./scratch/fbfm40.bsq ./scratch/fbfm40.hdr ./scratch/fbfm40.prj ./scratch/fbfm40.bsq.aux.xml
/usr/bin/gdal_translate -of ENVI -co "INTERLEAVE=BSQ" ./inputs/fbfm40.tif ./scratch/fbfm40.bsq
Input file size is 600, 600
0...10...20...30...40...50...60...70...80...90...100 - done.
/bin/rm -f ./scratch/slp.bsq ./scratch/slp.hdr ./scratch/slp.prj ./scratch/slp.bsq.aux.xml
/usr/bin/gdal_translate -of ENVI -co "INTERLEAVE=BSQ" ./inputs/slp.tif ./scratch/slp.bsq
Input file size is 600, 600
0...10...20...30...40...50...60...70...80...90...100 - done.
/bin/rm -f ./scratch/adj.bsq ./scratch/adj.hdr ./scratch/adj.prj ./scratch/adj.bsq.aux.xml
/usr/bin/gdal_translate -of ENVI -co "INTERLEAVE=BSQ" ./inputs/adj.tif ./scratch/adj.bsq
Input file size is 600, 600
0...10...20...30...40...50...60...70...80...90...100 - done.
/bin/rm -f ./scratch/phi.bsq ./scratch/phi.hdr ./scratch/phi.prj ./scratch/phi.bsq.aux.xml
/usr/bin/gdal_translate -of ENVI -co "INTERLEAVE=BSQ" ./inputs/phi.tif ./scratch/phi.bsq
Input file size is 600, 600
0...10...20...30...40...50...60...70...80...90...100 - done.
 Allocating additional rasters
 Setting up shared memory, part 2
 Setting up statistics arrays
 ELMFIRE is running each ensemble member
Meteorology band      1: Case #       1 complete.  Fire area:    548.3 acres.
 End of simulation reached successfully. Shutting down.
+ for f in $OUTPUTS_DIR/*.bil
++ basename ./outputs_C20.0_W7/flin_0000001_0043352.bil
++ cut -d. -f1
+ gdal_translate -a_srs 'EPSG: 32610' -co COMPRESS=DEFLATE -co ZLEVEL=9 ./outputs_C20.0_W7/flin_0000001_0043352.bil ./outputs_C20.0_W7/flin_0000001_0043352.tif
Input file size is 600, 600
0...10...20...30...40...50...60...70...80...90...100 - done.
+ for f in $OUTPUTS_DIR/*.bil
++ basename ./outputs_C20.0_W7/time_of_arrival_0000001_0043352.bil
++ cut -d. -f1
+ gdal_translate -a_srs 'EPSG: 32610' -co COMPRESS=DEFLATE -co ZLEVEL=9 ./outputs_C20.0_W7/time_of_arrival_0000001_0043352.bil ./outputs_C20.0_W7/time_of_arrival_0000001_0043352.tif
Input file size is 600, 600
0...10...20...30...40...50...60...70...80...90...100 - done.
+ for f in $OUTPUTS_DIR/*.bil
++ basename ./outputs_C20.0_W7/vs_0000001_0043352.bil
++ cut -d. -f1
+ gdal_translate -a_srs 'EPSG: 32610' -co COMPRESS=DEFLATE -co ZLEVEL=9 ./outputs_C20.0_W7/vs_0000001_0043352.bil ./outputs_C20.0_W7/vs_0000001_0043352.tif
Input file size is 600, 600
0...10...20...30...40...50...60...70...80...90...100 - done.
+ rm -f -r ./outputs_C20.0_W7/fire_size_stats.csv ./outputs_C20.0_W7/timings_firelabserver.csv ./outputs_C20.0_W7/flin_0000001_0043352.bil ./outputs_C20.0_W7/time_of_arrival_0000001_0043352.bil ./outputs_C20.0_W7/vs_0000001_0043352.bil ./outputs_C20.0_W7/flin_0000001_0043352.hdr ./outputs_C20.0_W7/time_of_arrival_0000001_0043352.hdr ./outputs_C20.0_W7/vs_0000001_0043352.hdr ./inputs/ws.tif
+ for WIND_SPEED in $(seq 0 1 30)
+ OUTPUTS_DIR=./outputs_C20.0_W8
+ replace_line OUTPUTS_DIRECTORY ./outputs_C20.0_W8 yes
+ MATCH_PATTERN=OUTPUTS_DIRECTORY
+ NEW_VALUE=./outputs_C20.0_W8
+ IS_STRING=yes
++ grep -n OUTPUTS_DIRECTORY ./inputs/elmfire.data
++ cut -d: -f1
+ LINE=25
+ sed -i '25 d' ./inputs/elmfire.data
+ '[' yes = yes ']'
+ sed -i '25 i OUTPUTS_DIRECTORY = '\''./outputs_C20.0_W8'\''' ./inputs/elmfire.data
+ '[' -d ./outputs_C20.0_W8 ']'
+ mkdir ./outputs_C20.0_W8
+ gdal_calc.py -A ./scratch/float.tif --co=COMPRESS=DEFLATE --co=ZLEVEL=9 --NoDataValue=-9999 --outfile=./inputs/ws.tif '--calc=A + 8'
0...10...20...30...40...50...60...70...80...90...100 - done.
+ /home/dwip/binYiren_SU/elmfire_2024.0916 ./inputs/elmfire.data
 ELMFIRE 2024.0916
 Reading &MISCELLANEOUS namelist group
 Reading &INPUTS namelist group
 Reading &OUTPUTS namelist group
 Reading &COMPUTATIONAL_DOMAIN namelist group
 Reading &TIME_CONTROL namelist group
 Reading &SIMULATOR namelist group
 Reading &WUI namelist group
 Reading &CALIBRATION namelist group
 Reading &SUPPRESSION namelist group
 Reading &SPOTTING namelist group
 Reading &SMOKE namelist group
 Reading &MONTE_CARLO namelist group
 Reading headers for fuels/topography and weather rasters
/usr/bin/gdal_translate -of ENVI -co "INTERLEAVE=BSQ" ./inputs/asp.tif ./scratch/asp.bsq
Input file size is 600, 600
0...10...20...30...40...50...60...70...80...90...100 - done.
/usr/bin/gdal_translate -of ENVI -co "INTERLEAVE=BSQ" ./inputs/ws.tif ./scratch/ws.bsq
Input file size is 600, 600
0...10...20...30...40...50...60...70...80...90...100 - done.
 Setting up shared memory, part 1
 Reading weather, fuel, and topography rasters
/bin/rm -f ./scratch/ws.bsq ./scratch/ws.hdr ./scratch/ws.prj ./scratch/ws.bsq.aux.xml
/usr/bin/gdal_translate -of ENVI -co "INTERLEAVE=BSQ" ./inputs/ws.tif ./scratch/ws.bsq
Input file size is 600, 600
0...10...20...30...40...50...60...70...80...90...100 - done.
/bin/rm -f ./scratch/wd.bsq ./scratch/wd.hdr ./scratch/wd.prj ./scratch/wd.bsq.aux.xml
/usr/bin/gdal_translate -of ENVI -co "INTERLEAVE=BSQ" ./inputs/wd.tif ./scratch/wd.bsq
Input file size is 600, 600
0...10...20...30...40...50...60...70...80...90...100 - done.
/bin/rm -f ./scratch/m1.bsq ./scratch/m1.hdr ./scratch/m1.prj ./scratch/m1.bsq.aux.xml
/usr/bin/gdal_translate -of ENVI -co "INTERLEAVE=BSQ" ./inputs/m1.tif ./scratch/m1.bsq
Input file size is 600, 600
0...10...20...30...40...50...60...70...80...90...100 - done.
/bin/rm -f ./scratch/m10.bsq ./scratch/m10.hdr ./scratch/m10.prj ./scratch/m10.bsq.aux.xml
/usr/bin/gdal_translate -of ENVI -co "INTERLEAVE=BSQ" ./inputs/m10.tif ./scratch/m10.bsq
Input file size is 600, 600
0...10...20...30...40...50...60...70...80...90...100 - done.
/bin/rm -f ./scratch/m100.bsq ./scratch/m100.hdr ./scratch/m100.prj ./scratch/m100.bsq.aux.xml
/usr/bin/gdal_translate -of ENVI -co "INTERLEAVE=BSQ" ./inputs/m100.tif ./scratch/m100.bsq
Input file size is 600, 600
0...10...20...30...40...50...60...70...80...90...100 - done.
 Reading fuel and topography rasters
/bin/rm -f ./scratch/asp.bsq ./scratch/asp.hdr ./scratch/asp.prj ./scratch/asp.bsq.aux.xml
/usr/bin/gdal_translate -of ENVI -co "INTERLEAVE=BSQ" ./inputs/asp.tif ./scratch/asp.bsq
Input file size is 600, 600
0...10...20...30...40...50...60...70...80...90...100 - done.
/bin/rm -f ./scratch/cbh.bsq ./scratch/cbh.hdr ./scratch/cbh.prj ./scratch/cbh.bsq.aux.xml
/usr/bin/gdal_translate -of ENVI -co "INTERLEAVE=BSQ" ./inputs/cbh.tif ./scratch/cbh.bsq
Input file size is 600, 600
0...10...20...30...40...50...60...70...80...90...100 - done.
/bin/rm -f ./scratch/cbd.bsq ./scratch/cbd.hdr ./scratch/cbd.prj ./scratch/cbd.bsq.aux.xml
/usr/bin/gdal_translate -of ENVI -co "INTERLEAVE=BSQ" ./inputs/cbd.tif ./scratch/cbd.bsq
Input file size is 600, 600
0...10...20...30...40...50...60...70...80...90...100 - done.
/bin/rm -f ./scratch/cc.bsq ./scratch/cc.hdr ./scratch/cc.prj ./scratch/cc.bsq.aux.xml
/usr/bin/gdal_translate -of ENVI -co "INTERLEAVE=BSQ" ./inputs/cc.tif ./scratch/cc.bsq
Input file size is 600, 600
0...10...20...30...40...50...60...70...80...90...100 - done.
/bin/rm -f ./scratch/ch.bsq ./scratch/ch.hdr ./scratch/ch.prj ./scratch/ch.bsq.aux.xml
/usr/bin/gdal_translate -of ENVI -co "INTERLEAVE=BSQ" ./inputs/ch.tif ./scratch/ch.bsq
Input file size is 600, 600
0...10...20...30...40...50...60...70...80...90...100 - done.
/bin/rm -f ./scratch/dem.bsq ./scratch/dem.hdr ./scratch/dem.prj ./scratch/dem.bsq.aux.xml
/usr/bin/gdal_translate -of ENVI -co "INTERLEAVE=BSQ" ./inputs/dem.tif ./scratch/dem.bsq
Input file size is 600, 600
0...10...20...30...40...50...60...70...80...90...100 - done.
/bin/rm -f ./scratch/fbfm40.bsq ./scratch/fbfm40.hdr ./scratch/fbfm40.prj ./scratch/fbfm40.bsq.aux.xml
/usr/bin/gdal_translate -of ENVI -co "INTERLEAVE=BSQ" ./inputs/fbfm40.tif ./scratch/fbfm40.bsq
Input file size is 600, 600
0...10...20...30...40...50...60...70...80...90...100 - done.
/bin/rm -f ./scratch/slp.bsq ./scratch/slp.hdr ./scratch/slp.prj ./scratch/slp.bsq.aux.xml
/usr/bin/gdal_translate -of ENVI -co "INTERLEAVE=BSQ" ./inputs/slp.tif ./scratch/slp.bsq
Input file size is 600, 600
0...10...20...30...40...50...60...70...80...90...100 - done.
/bin/rm -f ./scratch/adj.bsq ./scratch/adj.hdr ./scratch/adj.prj ./scratch/adj.bsq.aux.xml
/usr/bin/gdal_translate -of ENVI -co "INTERLEAVE=BSQ" ./inputs/adj.tif ./scratch/adj.bsq
Input file size is 600, 600
0...10...20...30...40...50...60...70...80...90...100 - done.
/bin/rm -f ./scratch/phi.bsq ./scratch/phi.hdr ./scratch/phi.prj ./scratch/phi.bsq.aux.xml
/usr/bin/gdal_translate -of ENVI -co "INTERLEAVE=BSQ" ./inputs/phi.tif ./scratch/phi.bsq
Input file size is 600, 600
0...10...20...30...40...50...60...70...80...90...100 - done.
 Allocating additional rasters
 Setting up shared memory, part 2
 Setting up statistics arrays
 ELMFIRE is running each ensemble member
Meteorology band      1: Case #       1 complete.  Fire area:    302.7 acres.
 End of simulation reached successfully. Shutting down.
+ for f in $OUTPUTS_DIR/*.bil
++ basename ./outputs_C20.0_W8/flin_0000001_0043429.bil
++ cut -d. -f1
+ gdal_translate -a_srs 'EPSG: 32610' -co COMPRESS=DEFLATE -co ZLEVEL=9 ./outputs_C20.0_W8/flin_0000001_0043429.bil ./outputs_C20.0_W8/flin_0000001_0043429.tif
Input file size is 600, 600
0...10...20...30...40...50...60...70...80...90...100 - done.
+ for f in $OUTPUTS_DIR/*.bil
++ basename ./outputs_C20.0_W8/time_of_arrival_0000001_0043429.bil
++ cut -d. -f1
+ gdal_translate -a_srs 'EPSG: 32610' -co COMPRESS=DEFLATE -co ZLEVEL=9 ./outputs_C20.0_W8/time_of_arrival_0000001_0043429.bil ./outputs_C20.0_W8/time_of_arrival_0000001_0043429.tif
Input file size is 600, 600
0...10...20...30...40...50...60...70...80...90...100 - done.
+ for f in $OUTPUTS_DIR/*.bil
++ basename ./outputs_C20.0_W8/vs_0000001_0043429.bil
++ cut -d. -f1
+ gdal_translate -a_srs 'EPSG: 32610' -co COMPRESS=DEFLATE -co ZLEVEL=9 ./outputs_C20.0_W8/vs_0000001_0043429.bil ./outputs_C20.0_W8/vs_0000001_0043429.tif
Input file size is 600, 600
0...10...20...30...40...50...60...70...80...90...100 - done.
+ rm -f -r ./outputs_C20.0_W8/fire_size_stats.csv ./outputs_C20.0_W8/timings_firelabserver.csv ./outputs_C20.0_W8/flin_0000001_0043429.bil ./outputs_C20.0_W8/time_of_arrival_0000001_0043429.bil ./outputs_C20.0_W8/vs_0000001_0043429.bil ./outputs_C20.0_W8/flin_0000001_0043429.hdr ./outputs_C20.0_W8/time_of_arrival_0000001_0043429.hdr ./outputs_C20.0_W8/vs_0000001_0043429.hdr ./inputs/ws.tif
+ for WIND_SPEED in $(seq 0 1 30)
+ OUTPUTS_DIR=./outputs_C20.0_W9
+ replace_line OUTPUTS_DIRECTORY ./outputs_C20.0_W9 yes
+ MATCH_PATTERN=OUTPUTS_DIRECTORY
+ NEW_VALUE=./outputs_C20.0_W9
+ IS_STRING=yes
++ grep -n OUTPUTS_DIRECTORY ./inputs/elmfire.data
++ cut -d: -f1
+ LINE=25
+ sed -i '25 d' ./inputs/elmfire.data
+ '[' yes = yes ']'
+ sed -i '25 i OUTPUTS_DIRECTORY = '\''./outputs_C20.0_W9'\''' ./inputs/elmfire.data
+ '[' -d ./outputs_C20.0_W9 ']'
+ mkdir ./outputs_C20.0_W9
+ gdal_calc.py -A ./scratch/float.tif --co=COMPRESS=DEFLATE --co=ZLEVEL=9 --NoDataValue=-9999 --outfile=./inputs/ws.tif '--calc=A + 9'
0...10...20...30...40...50...60...70...80...90...100 - done.
+ /home/dwip/binYiren_SU/elmfire_2024.0916 ./inputs/elmfire.data
 ELMFIRE 2024.0916
 Reading &MISCELLANEOUS namelist group
 Reading &INPUTS namelist group
 Reading &OUTPUTS namelist group
 Reading &COMPUTATIONAL_DOMAIN namelist group
 Reading &TIME_CONTROL namelist group
 Reading &SIMULATOR namelist group
 Reading &WUI namelist group
 Reading &CALIBRATION namelist group
 Reading &SUPPRESSION namelist group
 Reading &SPOTTING namelist group
 Reading &SMOKE namelist group
 Reading &MONTE_CARLO namelist group
 Reading headers for fuels/topography and weather rasters
/usr/bin/gdal_translate -of ENVI -co "INTERLEAVE=BSQ" ./inputs/asp.tif ./scratch/asp.bsq
Input file size is 600, 600
0...10...20...30...40...50...60...70...80...90...100 - done.
/usr/bin/gdal_translate -of ENVI -co "INTERLEAVE=BSQ" ./inputs/ws.tif ./scratch/ws.bsq
Input file size is 600, 600
0...10...20...30...40...50...60...70...80...90...100 - done.
 Setting up shared memory, part 1
 Reading weather, fuel, and topography rasters
/bin/rm -f ./scratch/ws.bsq ./scratch/ws.hdr ./scratch/ws.prj ./scratch/ws.bsq.aux.xml
/usr/bin/gdal_translate -of ENVI -co "INTERLEAVE=BSQ" ./inputs/ws.tif ./scratch/ws.bsq
Input file size is 600, 600
0...10...20...30...40...50...60...70...80...90...100 - done.
/bin/rm -f ./scratch/wd.bsq ./scratch/wd.hdr ./scratch/wd.prj ./scratch/wd.bsq.aux.xml
/usr/bin/gdal_translate -of ENVI -co "INTERLEAVE=BSQ" ./inputs/wd.tif ./scratch/wd.bsq
Input file size is 600, 600
0...10...20...30...40...50...60...70...80...90...100 - done.
/bin/rm -f ./scratch/m1.bsq ./scratch/m1.hdr ./scratch/m1.prj ./scratch/m1.bsq.aux.xml
/usr/bin/gdal_translate -of ENVI -co "INTERLEAVE=BSQ" ./inputs/m1.tif ./scratch/m1.bsq
Input file size is 600, 600
0...10...20...30...40...50...60...70...80...90...100 - done.
/bin/rm -f ./scratch/m10.bsq ./scratch/m10.hdr ./scratch/m10.prj ./scratch/m10.bsq.aux.xml
/usr/bin/gdal_translate -of ENVI -co "INTERLEAVE=BSQ" ./inputs/m10.tif ./scratch/m10.bsq
Input file size is 600, 600
0...10...20...30...40...50...60...70...80...90...100 - done.
/bin/rm -f ./scratch/m100.bsq ./scratch/m100.hdr ./scratch/m100.prj ./scratch/m100.bsq.aux.xml
/usr/bin/gdal_translate -of ENVI -co "INTERLEAVE=BSQ" ./inputs/m100.tif ./scratch/m100.bsq
Input file size is 600, 600
0...10...20...30...40...50...60...70...80...90...100 - done.
 Reading fuel and topography rasters
/bin/rm -f ./scratch/asp.bsq ./scratch/asp.hdr ./scratch/asp.prj ./scratch/asp.bsq.aux.xml
/usr/bin/gdal_translate -of ENVI -co "INTERLEAVE=BSQ" ./inputs/asp.tif ./scratch/asp.bsq
Input file size is 600, 600
0...10...20...30...40...50...60...70...80...90...100 - done.
/bin/rm -f ./scratch/cbh.bsq ./scratch/cbh.hdr ./scratch/cbh.prj ./scratch/cbh.bsq.aux.xml
/usr/bin/gdal_translate -of ENVI -co "INTERLEAVE=BSQ" ./inputs/cbh.tif ./scratch/cbh.bsq
Input file size is 600, 600
0...10...20...30...40...50...60...70...80...90...100 - done.
/bin/rm -f ./scratch/cbd.bsq ./scratch/cbd.hdr ./scratch/cbd.prj ./scratch/cbd.bsq.aux.xml
/usr/bin/gdal_translate -of ENVI -co "INTERLEAVE=BSQ" ./inputs/cbd.tif ./scratch/cbd.bsq
Input file size is 600, 600
0...10...20...30...40...50...60...70...80...90...100 - done.
/bin/rm -f ./scratch/cc.bsq ./scratch/cc.hdr ./scratch/cc.prj ./scratch/cc.bsq.aux.xml
/usr/bin/gdal_translate -of ENVI -co "INTERLEAVE=BSQ" ./inputs/cc.tif ./scratch/cc.bsq
Input file size is 600, 600
0...10...20...30...40...50...60...70...80...90...100 - done.
/bin/rm -f ./scratch/ch.bsq ./scratch/ch.hdr ./scratch/ch.prj ./scratch/ch.bsq.aux.xml
/usr/bin/gdal_translate -of ENVI -co "INTERLEAVE=BSQ" ./inputs/ch.tif ./scratch/ch.bsq
Input file size is 600, 600
0...10...20...30...40...50...60...70...80...90...100 - done.
/bin/rm -f ./scratch/dem.bsq ./scratch/dem.hdr ./scratch/dem.prj ./scratch/dem.bsq.aux.xml
/usr/bin/gdal_translate -of ENVI -co "INTERLEAVE=BSQ" ./inputs/dem.tif ./scratch/dem.bsq
Input file size is 600, 600
0...10...20...30...40...50...60...70...80...90...100 - done.
/bin/rm -f ./scratch/fbfm40.bsq ./scratch/fbfm40.hdr ./scratch/fbfm40.prj ./scratch/fbfm40.bsq.aux.xml
/usr/bin/gdal_translate -of ENVI -co "INTERLEAVE=BSQ" ./inputs/fbfm40.tif ./scratch/fbfm40.bsq
Input file size is 600, 600
0...10...20...30...40...50...60...70...80...90...100 - done.
/bin/rm -f ./scratch/slp.bsq ./scratch/slp.hdr ./scratch/slp.prj ./scratch/slp.bsq.aux.xml
/usr/bin/gdal_translate -of ENVI -co "INTERLEAVE=BSQ" ./inputs/slp.tif ./scratch/slp.bsq
Input file size is 600, 600
0...10...20...30...40...50...60...70...80...90...100 - done.
/bin/rm -f ./scratch/adj.bsq ./scratch/adj.hdr ./scratch/adj.prj ./scratch/adj.bsq.aux.xml
/usr/bin/gdal_translate -of ENVI -co "INTERLEAVE=BSQ" ./inputs/adj.tif ./scratch/adj.bsq
Input file size is 600, 600
0...10...20...30...40...50...60...70...80...90...100 - done.
/bin/rm -f ./scratch/phi.bsq ./scratch/phi.hdr ./scratch/phi.prj ./scratch/phi.bsq.aux.xml
/usr/bin/gdal_translate -of ENVI -co "INTERLEAVE=BSQ" ./inputs/phi.tif ./scratch/phi.bsq
Input file size is 600, 600
0...10...20...30...40...50...60...70...80...90...100 - done.
 Allocating additional rasters
 Setting up shared memory, part 2
 Setting up statistics arrays
 ELMFIRE is running each ensemble member
Meteorology band      1: Case #       1 complete.  Fire area:    337.4 acres.
 End of simulation reached successfully. Shutting down.
+ for f in $OUTPUTS_DIR/*.bil
++ basename ./outputs_C20.0_W9/flin_0000001_0043484.bil
++ cut -d. -f1
+ gdal_translate -a_srs 'EPSG: 32610' -co COMPRESS=DEFLATE -co ZLEVEL=9 ./outputs_C20.0_W9/flin_0000001_0043484.bil ./outputs_C20.0_W9/flin_0000001_0043484.tif
Input file size is 600, 600
0...10...20...30...40...50...60...70...80...90...100 - done.
+ for f in $OUTPUTS_DIR/*.bil
++ basename ./outputs_C20.0_W9/time_of_arrival_0000001_0043484.bil
++ cut -d. -f1
+ gdal_translate -a_srs 'EPSG: 32610' -co COMPRESS=DEFLATE -co ZLEVEL=9 ./outputs_C20.0_W9/time_of_arrival_0000001_0043484.bil ./outputs_C20.0_W9/time_of_arrival_0000001_0043484.tif
Input file size is 600, 600
0...10...20...30...40...50...60...70...80...90...100 - done.
+ for f in $OUTPUTS_DIR/*.bil
++ basename ./outputs_C20.0_W9/vs_0000001_0043484.bil
++ cut -d. -f1
+ gdal_translate -a_srs 'EPSG: 32610' -co COMPRESS=DEFLATE -co ZLEVEL=9 ./outputs_C20.0_W9/vs_0000001_0043484.bil ./outputs_C20.0_W9/vs_0000001_0043484.tif
Input file size is 600, 600
0...10...20...30...40...50...60...70...80...90...100 - done.
+ rm -f -r ./outputs_C20.0_W9/fire_size_stats.csv ./outputs_C20.0_W9/timings_firelabserver.csv ./outputs_C20.0_W9/flin_0000001_0043484.bil ./outputs_C20.0_W9/time_of_arrival_0000001_0043484.bil ./outputs_C20.0_W9/vs_0000001_0043484.bil ./outputs_C20.0_W9/flin_0000001_0043484.hdr ./outputs_C20.0_W9/time_of_arrival_0000001_0043484.hdr ./outputs_C20.0_W9/vs_0000001_0043484.hdr ./inputs/ws.tif
+ for WIND_SPEED in $(seq 0 1 30)
+ OUTPUTS_DIR=./outputs_C20.0_W10
+ replace_line OUTPUTS_DIRECTORY ./outputs_C20.0_W10 yes
+ MATCH_PATTERN=OUTPUTS_DIRECTORY
+ NEW_VALUE=./outputs_C20.0_W10
+ IS_STRING=yes
++ grep -n OUTPUTS_DIRECTORY ./inputs/elmfire.data
++ cut -d: -f1
+ LINE=25
+ sed -i '25 d' ./inputs/elmfire.data
+ '[' yes = yes ']'
+ sed -i '25 i OUTPUTS_DIRECTORY = '\''./outputs_C20.0_W10'\''' ./inputs/elmfire.data
+ '[' -d ./outputs_C20.0_W10 ']'
+ mkdir ./outputs_C20.0_W10
+ gdal_calc.py -A ./scratch/float.tif --co=COMPRESS=DEFLATE --co=ZLEVEL=9 --NoDataValue=-9999 --outfile=./inputs/ws.tif '--calc=A + 10'
0...10...20...30...40...50...60...70...80...90...100 - done.
+ /home/dwip/binYiren_SU/elmfire_2024.0916 ./inputs/elmfire.data
 ELMFIRE 2024.0916
 Reading &MISCELLANEOUS namelist group
 Reading &INPUTS namelist group
 Reading &OUTPUTS namelist group
 Reading &COMPUTATIONAL_DOMAIN namelist group
 Reading &TIME_CONTROL namelist group
 Reading &SIMULATOR namelist group
 Reading &WUI namelist group
 Reading &CALIBRATION namelist group
 Reading &SUPPRESSION namelist group
 Reading &SPOTTING namelist group
 Reading &SMOKE namelist group
 Reading &MONTE_CARLO namelist group
 Reading headers for fuels/topography and weather rasters
/usr/bin/gdal_translate -of ENVI -co "INTERLEAVE=BSQ" ./inputs/asp.tif ./scratch/asp.bsq
Input file size is 600, 600
0...10...20...30...40...50...60...70...80...90...100 - done.
/usr/bin/gdal_translate -of ENVI -co "INTERLEAVE=BSQ" ./inputs/ws.tif ./scratch/ws.bsq
Input file size is 600, 600
0...10...20...30...40...50...60...70...80...90...100 - done.
 Setting up shared memory, part 1
 Reading weather, fuel, and topography rasters
/bin/rm -f ./scratch/ws.bsq ./scratch/ws.hdr ./scratch/ws.prj ./scratch/ws.bsq.aux.xml
/usr/bin/gdal_translate -of ENVI -co "INTERLEAVE=BSQ" ./inputs/ws.tif ./scratch/ws.bsq
Input file size is 600, 600
0...10...20...30...40...50...60...70...80...90...100 - done.
/bin/rm -f ./scratch/wd.bsq ./scratch/wd.hdr ./scratch/wd.prj ./scratch/wd.bsq.aux.xml
/usr/bin/gdal_translate -of ENVI -co "INTERLEAVE=BSQ" ./inputs/wd.tif ./scratch/wd.bsq
Input file size is 600, 600
0...10...20...30...40...50...60...70...80...90...100 - done.
/bin/rm -f ./scratch/m1.bsq ./scratch/m1.hdr ./scratch/m1.prj ./scratch/m1.bsq.aux.xml
/usr/bin/gdal_translate -of ENVI -co "INTERLEAVE=BSQ" ./inputs/m1.tif ./scratch/m1.bsq
Input file size is 600, 600
0...10...20...30...40...50...60...70...80...90...100 - done.
/bin/rm -f ./scratch/m10.bsq ./scratch/m10.hdr ./scratch/m10.prj ./scratch/m10.bsq.aux.xml
/usr/bin/gdal_translate -of ENVI -co "INTERLEAVE=BSQ" ./inputs/m10.tif ./scratch/m10.bsq
Input file size is 600, 600
0...10...20...30...40...50...60...70...80...90...100 - done.
/bin/rm -f ./scratch/m100.bsq ./scratch/m100.hdr ./scratch/m100.prj ./scratch/m100.bsq.aux.xml
/usr/bin/gdal_translate -of ENVI -co "INTERLEAVE=BSQ" ./inputs/m100.tif ./scratch/m100.bsq
Input file size is 600, 600
0...10...20...30...40...50...60...70...80...90...100 - done.
 Reading fuel and topography rasters
/bin/rm -f ./scratch/asp.bsq ./scratch/asp.hdr ./scratch/asp.prj ./scratch/asp.bsq.aux.xml
/usr/bin/gdal_translate -of ENVI -co "INTERLEAVE=BSQ" ./inputs/asp.tif ./scratch/asp.bsq
Input file size is 600, 600
0...10...20...30...40...50...60...70...80...90...100 - done.
/bin/rm -f ./scratch/cbh.bsq ./scratch/cbh.hdr ./scratch/cbh.prj ./scratch/cbh.bsq.aux.xml
/usr/bin/gdal_translate -of ENVI -co "INTERLEAVE=BSQ" ./inputs/cbh.tif ./scratch/cbh.bsq
Input file size is 600, 600
0...10...20...30...40...50...60...70...80...90...100 - done.
/bin/rm -f ./scratch/cbd.bsq ./scratch/cbd.hdr ./scratch/cbd.prj ./scratch/cbd.bsq.aux.xml
/usr/bin/gdal_translate -of ENVI -co "INTERLEAVE=BSQ" ./inputs/cbd.tif ./scratch/cbd.bsq
Input file size is 600, 600
0...10...20...30...40...50...60...70...80...90...100 - done.
/bin/rm -f ./scratch/cc.bsq ./scratch/cc.hdr ./scratch/cc.prj ./scratch/cc.bsq.aux.xml
/usr/bin/gdal_translate -of ENVI -co "INTERLEAVE=BSQ" ./inputs/cc.tif ./scratch/cc.bsq
Input file size is 600, 600
0...10...20...30...40...50...60...70...80...90...100 - done.
/bin/rm -f ./scratch/ch.bsq ./scratch/ch.hdr ./scratch/ch.prj ./scratch/ch.bsq.aux.xml
/usr/bin/gdal_translate -of ENVI -co "INTERLEAVE=BSQ" ./inputs/ch.tif ./scratch/ch.bsq
Input file size is 600, 600
0...10...20...30...40...50...60...70...80...90...100 - done.
/bin/rm -f ./scratch/dem.bsq ./scratch/dem.hdr ./scratch/dem.prj ./scratch/dem.bsq.aux.xml
/usr/bin/gdal_translate -of ENVI -co "INTERLEAVE=BSQ" ./inputs/dem.tif ./scratch/dem.bsq
Input file size is 600, 600
0...10...20...30...40...50...60...70...80...90...100 - done.
/bin/rm -f ./scratch/fbfm40.bsq ./scratch/fbfm40.hdr ./scratch/fbfm40.prj ./scratch/fbfm40.bsq.aux.xml
/usr/bin/gdal_translate -of ENVI -co "INTERLEAVE=BSQ" ./inputs/fbfm40.tif ./scratch/fbfm40.bsq
Input file size is 600, 600
0...10...20...30...40...50...60...70...80...90...100 - done.
/bin/rm -f ./scratch/slp.bsq ./scratch/slp.hdr ./scratch/slp.prj ./scratch/slp.bsq.aux.xml
/usr/bin/gdal_translate -of ENVI -co "INTERLEAVE=BSQ" ./inputs/slp.tif ./scratch/slp.bsq
Input file size is 600, 600
0...10...20...30...40...50...60...70...80...90...100 - done.
/bin/rm -f ./scratch/adj.bsq ./scratch/adj.hdr ./scratch/adj.prj ./scratch/adj.bsq.aux.xml
/usr/bin/gdal_translate -of ENVI -co "INTERLEAVE=BSQ" ./inputs/adj.tif ./scratch/adj.bsq
Input file size is 600, 600
0...10...20...30...40...50...60...70...80...90...100 - done.
/bin/rm -f ./scratch/phi.bsq ./scratch/phi.hdr ./scratch/phi.prj ./scratch/phi.bsq.aux.xml
/usr/bin/gdal_translate -of ENVI -co "INTERLEAVE=BSQ" ./inputs/phi.tif ./scratch/phi.bsq
Input file size is 600, 600
0...10...20...30...40...50...60...70...80...90...100 - done.
 Allocating additional rasters
 Setting up shared memory, part 2
 Setting up statistics arrays
 ELMFIRE is running each ensemble member
Meteorology band      1: Case #       1 complete.  Fire area:    380.5 acres.
 End of simulation reached successfully. Shutting down.
+ for f in $OUTPUTS_DIR/*.bil
++ basename ./outputs_C20.0_W10/flin_0000001_0043449.bil
++ cut -d. -f1
+ gdal_translate -a_srs 'EPSG: 32610' -co COMPRESS=DEFLATE -co ZLEVEL=9 ./outputs_C20.0_W10/flin_0000001_0043449.bil ./outputs_C20.0_W10/flin_0000001_0043449.tif
Input file size is 600, 600
0...10...20...30...40...50...60...70...80...90...100 - done.
+ for f in $OUTPUTS_DIR/*.bil
++ basename ./outputs_C20.0_W10/time_of_arrival_0000001_0043449.bil
++ cut -d. -f1
+ gdal_translate -a_srs 'EPSG: 32610' -co COMPRESS=DEFLATE -co ZLEVEL=9 ./outputs_C20.0_W10/time_of_arrival_0000001_0043449.bil ./outputs_C20.0_W10/time_of_arrival_0000001_0043449.tif
Input file size is 600, 600
0...10...20...30...40...50...60...70...80...90...100 - done.
+ for f in $OUTPUTS_DIR/*.bil
++ basename ./outputs_C20.0_W10/vs_0000001_0043449.bil
++ cut -d. -f1
+ gdal_translate -a_srs 'EPSG: 32610' -co COMPRESS=DEFLATE -co ZLEVEL=9 ./outputs_C20.0_W10/vs_0000001_0043449.bil ./outputs_C20.0_W10/vs_0000001_0043449.tif
Input file size is 600, 600
0...10...20...30...40...50...60...70...80...90...100 - done.
+ rm -f -r ./outputs_C20.0_W10/fire_size_stats.csv ./outputs_C20.0_W10/timings_firelabserver.csv ./outputs_C20.0_W10/flin_0000001_0043449.bil ./outputs_C20.0_W10/time_of_arrival_0000001_0043449.bil ./outputs_C20.0_W10/vs_0000001_0043449.bil ./outputs_C20.0_W10/flin_0000001_0043449.hdr ./outputs_C20.0_W10/time_of_arrival_0000001_0043449.hdr ./outputs_C20.0_W10/vs_0000001_0043449.hdr ./inputs/ws.tif
+ for WIND_SPEED in $(seq 0 1 30)
+ OUTPUTS_DIR=./outputs_C20.0_W11
+ replace_line OUTPUTS_DIRECTORY ./outputs_C20.0_W11 yes
+ MATCH_PATTERN=OUTPUTS_DIRECTORY
+ NEW_VALUE=./outputs_C20.0_W11
+ IS_STRING=yes
++ grep -n OUTPUTS_DIRECTORY ./inputs/elmfire.data
++ cut -d: -f1
+ LINE=25
+ sed -i '25 d' ./inputs/elmfire.data
+ '[' yes = yes ']'
+ sed -i '25 i OUTPUTS_DIRECTORY = '\''./outputs_C20.0_W11'\''' ./inputs/elmfire.data
+ '[' -d ./outputs_C20.0_W11 ']'
+ mkdir ./outputs_C20.0_W11
+ gdal_calc.py -A ./scratch/float.tif --co=COMPRESS=DEFLATE --co=ZLEVEL=9 --NoDataValue=-9999 --outfile=./inputs/ws.tif '--calc=A + 11'
0...10...20...30...40...50...60...70...80...90...100 - done.
+ /home/dwip/binYiren_SU/elmfire_2024.0916 ./inputs/elmfire.data
 ELMFIRE 2024.0916
 Reading &MISCELLANEOUS namelist group
 Reading &INPUTS namelist group
 Reading &OUTPUTS namelist group
 Reading &COMPUTATIONAL_DOMAIN namelist group
 Reading &TIME_CONTROL namelist group
 Reading &SIMULATOR namelist group
 Reading &WUI namelist group
 Reading &CALIBRATION namelist group
 Reading &SUPPRESSION namelist group
 Reading &SPOTTING namelist group
 Reading &SMOKE namelist group
 Reading &MONTE_CARLO namelist group
 Reading headers for fuels/topography and weather rasters
/usr/bin/gdal_translate -of ENVI -co "INTERLEAVE=BSQ" ./inputs/asp.tif ./scratch/asp.bsq
Input file size is 600, 600
0...10...20...30...40...50...60...70...80...90...100 - done.
/usr/bin/gdal_translate -of ENVI -co "INTERLEAVE=BSQ" ./inputs/ws.tif ./scratch/ws.bsq
Input file size is 600, 600
0...10...20...30...40...50...60...70...80...90...100 - done.
 Setting up shared memory, part 1
 Reading weather, fuel, and topography rasters
/bin/rm -f ./scratch/ws.bsq ./scratch/ws.hdr ./scratch/ws.prj ./scratch/ws.bsq.aux.xml
/usr/bin/gdal_translate -of ENVI -co "INTERLEAVE=BSQ" ./inputs/ws.tif ./scratch/ws.bsq
Input file size is 600, 600
0...10...20...30...40...50...60...70...80...90...100 - done.
/bin/rm -f ./scratch/wd.bsq ./scratch/wd.hdr ./scratch/wd.prj ./scratch/wd.bsq.aux.xml
/usr/bin/gdal_translate -of ENVI -co "INTERLEAVE=BSQ" ./inputs/wd.tif ./scratch/wd.bsq
Input file size is 600, 600
0...10...20...30...40...50...60...70...80...90...100 - done.
/bin/rm -f ./scratch/m1.bsq ./scratch/m1.hdr ./scratch/m1.prj ./scratch/m1.bsq.aux.xml
/usr/bin/gdal_translate -of ENVI -co "INTERLEAVE=BSQ" ./inputs/m1.tif ./scratch/m1.bsq
Input file size is 600, 600
0...10...20...30...40...50...60...70...80...90...100 - done.
/bin/rm -f ./scratch/m10.bsq ./scratch/m10.hdr ./scratch/m10.prj ./scratch/m10.bsq.aux.xml
/usr/bin/gdal_translate -of ENVI -co "INTERLEAVE=BSQ" ./inputs/m10.tif ./scratch/m10.bsq
Input file size is 600, 600
0...10...20...30...40...50...60...70...80...90...100 - done.
/bin/rm -f ./scratch/m100.bsq ./scratch/m100.hdr ./scratch/m100.prj ./scratch/m100.bsq.aux.xml
/usr/bin/gdal_translate -of ENVI -co "INTERLEAVE=BSQ" ./inputs/m100.tif ./scratch/m100.bsq
Input file size is 600, 600
0...10...20...30...40...50...60...70...80...90...100 - done.
 Reading fuel and topography rasters
/bin/rm -f ./scratch/asp.bsq ./scratch/asp.hdr ./scratch/asp.prj ./scratch/asp.bsq.aux.xml
/usr/bin/gdal_translate -of ENVI -co "INTERLEAVE=BSQ" ./inputs/asp.tif ./scratch/asp.bsq
Input file size is 600, 600
0...10...20...30...40...50...60...70...80...90...100 - done.
/bin/rm -f ./scratch/cbh.bsq ./scratch/cbh.hdr ./scratch/cbh.prj ./scratch/cbh.bsq.aux.xml
/usr/bin/gdal_translate -of ENVI -co "INTERLEAVE=BSQ" ./inputs/cbh.tif ./scratch/cbh.bsq
Input file size is 600, 600
0...10...20...30...40...50...60...70...80...90...100 - done.
/bin/rm -f ./scratch/cbd.bsq ./scratch/cbd.hdr ./scratch/cbd.prj ./scratch/cbd.bsq.aux.xml
/usr/bin/gdal_translate -of ENVI -co "INTERLEAVE=BSQ" ./inputs/cbd.tif ./scratch/cbd.bsq
Input file size is 600, 600
0...10...20...30...40...50...60...70...80...90...100 - done.
/bin/rm -f ./scratch/cc.bsq ./scratch/cc.hdr ./scratch/cc.prj ./scratch/cc.bsq.aux.xml
/usr/bin/gdal_translate -of ENVI -co "INTERLEAVE=BSQ" ./inputs/cc.tif ./scratch/cc.bsq
Input file size is 600, 600
0...10...20...30...40...50...60...70...80...90...100 - done.
/bin/rm -f ./scratch/ch.bsq ./scratch/ch.hdr ./scratch/ch.prj ./scratch/ch.bsq.aux.xml
/usr/bin/gdal_translate -of ENVI -co "INTERLEAVE=BSQ" ./inputs/ch.tif ./scratch/ch.bsq
Input file size is 600, 600
0...10...20...30...40...50...60...70...80...90...100 - done.
/bin/rm -f ./scratch/dem.bsq ./scratch/dem.hdr ./scratch/dem.prj ./scratch/dem.bsq.aux.xml
/usr/bin/gdal_translate -of ENVI -co "INTERLEAVE=BSQ" ./inputs/dem.tif ./scratch/dem.bsq
Input file size is 600, 600
0...10...20...30...40...50...60...70...80...90...100 - done.
/bin/rm -f ./scratch/fbfm40.bsq ./scratch/fbfm40.hdr ./scratch/fbfm40.prj ./scratch/fbfm40.bsq.aux.xml
/usr/bin/gdal_translate -of ENVI -co "INTERLEAVE=BSQ" ./inputs/fbfm40.tif ./scratch/fbfm40.bsq
Input file size is 600, 600
0...10...20...30...40...50...60...70...80...90...100 - done.
/bin/rm -f ./scratch/slp.bsq ./scratch/slp.hdr ./scratch/slp.prj ./scratch/slp.bsq.aux.xml
/usr/bin/gdal_translate -of ENVI -co "INTERLEAVE=BSQ" ./inputs/slp.tif ./scratch/slp.bsq
Input file size is 600, 600
0...10...20...30...40...50...60...70...80...90...100 - done.
/bin/rm -f ./scratch/adj.bsq ./scratch/adj.hdr ./scratch/adj.prj ./scratch/adj.bsq.aux.xml
/usr/bin/gdal_translate -of ENVI -co "INTERLEAVE=BSQ" ./inputs/adj.tif ./scratch/adj.bsq
Input file size is 600, 600
0...10...20...30...40...50...60...70...80...90...100 - done.
/bin/rm -f ./scratch/phi.bsq ./scratch/phi.hdr ./scratch/phi.prj ./scratch/phi.bsq.aux.xml
/usr/bin/gdal_translate -of ENVI -co "INTERLEAVE=BSQ" ./inputs/phi.tif ./scratch/phi.bsq
Input file size is 600, 600
0...10...20...30...40...50...60...70...80...90...100 - done.
 Allocating additional rasters
 Setting up shared memory, part 2
 Setting up statistics arrays
 ELMFIRE is running each ensemble member
Meteorology band      1: Case #       1 complete.  Fire area:    424.6 acres.
 End of simulation reached successfully. Shutting down.
+ for f in $OUTPUTS_DIR/*.bil
++ basename ./outputs_C20.0_W11/flin_0000001_0043332.bil
++ cut -d. -f1
+ gdal_translate -a_srs 'EPSG: 32610' -co COMPRESS=DEFLATE -co ZLEVEL=9 ./outputs_C20.0_W11/flin_0000001_0043332.bil ./outputs_C20.0_W11/flin_0000001_0043332.tif
Input file size is 600, 600
0...10...20...30...40...50...60...70...80...90...100 - done.
+ for f in $OUTPUTS_DIR/*.bil
++ basename ./outputs_C20.0_W11/time_of_arrival_0000001_0043332.bil
++ cut -d. -f1
+ gdal_translate -a_srs 'EPSG: 32610' -co COMPRESS=DEFLATE -co ZLEVEL=9 ./outputs_C20.0_W11/time_of_arrival_0000001_0043332.bil ./outputs_C20.0_W11/time_of_arrival_0000001_0043332.tif
Input file size is 600, 600
0...10...20...30...40...50...60...70...80...90...100 - done.
+ for f in $OUTPUTS_DIR/*.bil
++ basename ./outputs_C20.0_W11/vs_0000001_0043332.bil
++ cut -d. -f1
+ gdal_translate -a_srs 'EPSG: 32610' -co COMPRESS=DEFLATE -co ZLEVEL=9 ./outputs_C20.0_W11/vs_0000001_0043332.bil ./outputs_C20.0_W11/vs_0000001_0043332.tif
Input file size is 600, 600
0...10...20...30...40...50...60...70...80...90...100 - done.
+ rm -f -r ./outputs_C20.0_W11/fire_size_stats.csv ./outputs_C20.0_W11/timings_firelabserver.csv ./outputs_C20.0_W11/flin_0000001_0043332.bil ./outputs_C20.0_W11/time_of_arrival_0000001_0043332.bil ./outputs_C20.0_W11/vs_0000001_0043332.bil ./outputs_C20.0_W11/flin_0000001_0043332.hdr ./outputs_C20.0_W11/time_of_arrival_0000001_0043332.hdr ./outputs_C20.0_W11/vs_0000001_0043332.hdr ./inputs/ws.tif
+ for WIND_SPEED in $(seq 0 1 30)
+ OUTPUTS_DIR=./outputs_C20.0_W12
+ replace_line OUTPUTS_DIRECTORY ./outputs_C20.0_W12 yes
+ MATCH_PATTERN=OUTPUTS_DIRECTORY
+ NEW_VALUE=./outputs_C20.0_W12
+ IS_STRING=yes
++ grep -n OUTPUTS_DIRECTORY ./inputs/elmfire.data
++ cut -d: -f1
+ LINE=25
+ sed -i '25 d' ./inputs/elmfire.data
+ '[' yes = yes ']'
+ sed -i '25 i OUTPUTS_DIRECTORY = '\''./outputs_C20.0_W12'\''' ./inputs/elmfire.data
+ '[' -d ./outputs_C20.0_W12 ']'
+ mkdir ./outputs_C20.0_W12
+ gdal_calc.py -A ./scratch/float.tif --co=COMPRESS=DEFLATE --co=ZLEVEL=9 --NoDataValue=-9999 --outfile=./inputs/ws.tif '--calc=A + 12'
0...10...20...30...40...50...60...70...80...90...100 - done.
+ /home/dwip/binYiren_SU/elmfire_2024.0916 ./inputs/elmfire.data
 ELMFIRE 2024.0916
 Reading &MISCELLANEOUS namelist group
 Reading &INPUTS namelist group
 Reading &OUTPUTS namelist group
 Reading &COMPUTATIONAL_DOMAIN namelist group
 Reading &TIME_CONTROL namelist group
 Reading &SIMULATOR namelist group
 Reading &WUI namelist group
 Reading &CALIBRATION namelist group
 Reading &SUPPRESSION namelist group
 Reading &SPOTTING namelist group
 Reading &SMOKE namelist group
 Reading &MONTE_CARLO namelist group
 Reading headers for fuels/topography and weather rasters
/usr/bin/gdal_translate -of ENVI -co "INTERLEAVE=BSQ" ./inputs/asp.tif ./scratch/asp.bsq
Input file size is 600, 600
0...10...20...30...40...50...60...70...80...90...100 - done.
/usr/bin/gdal_translate -of ENVI -co "INTERLEAVE=BSQ" ./inputs/ws.tif ./scratch/ws.bsq
Input file size is 600, 600
0...10...20...30...40...50...60...70...80...90...100 - done.
 Setting up shared memory, part 1
 Reading weather, fuel, and topography rasters
/bin/rm -f ./scratch/ws.bsq ./scratch/ws.hdr ./scratch/ws.prj ./scratch/ws.bsq.aux.xml
/usr/bin/gdal_translate -of ENVI -co "INTERLEAVE=BSQ" ./inputs/ws.tif ./scratch/ws.bsq
Input file size is 600, 600
0...10...20...30...40...50...60...70...80...90...100 - done.
/bin/rm -f ./scratch/wd.bsq ./scratch/wd.hdr ./scratch/wd.prj ./scratch/wd.bsq.aux.xml
/usr/bin/gdal_translate -of ENVI -co "INTERLEAVE=BSQ" ./inputs/wd.tif ./scratch/wd.bsq
Input file size is 600, 600
0...10...20...30...40...50...60...70...80...90...100 - done.
/bin/rm -f ./scratch/m1.bsq ./scratch/m1.hdr ./scratch/m1.prj ./scratch/m1.bsq.aux.xml
/usr/bin/gdal_translate -of ENVI -co "INTERLEAVE=BSQ" ./inputs/m1.tif ./scratch/m1.bsq
Input file size is 600, 600
0...10...20...30...40...50...60...70...80...90...100 - done.
/bin/rm -f ./scratch/m10.bsq ./scratch/m10.hdr ./scratch/m10.prj ./scratch/m10.bsq.aux.xml
/usr/bin/gdal_translate -of ENVI -co "INTERLEAVE=BSQ" ./inputs/m10.tif ./scratch/m10.bsq
Input file size is 600, 600
0...10...20...30...40...50...60...70...80...90...100 - done.
/bin/rm -f ./scratch/m100.bsq ./scratch/m100.hdr ./scratch/m100.prj ./scratch/m100.bsq.aux.xml
/usr/bin/gdal_translate -of ENVI -co "INTERLEAVE=BSQ" ./inputs/m100.tif ./scratch/m100.bsq
Input file size is 600, 600
0...10...20...30...40...50...60...70...80...90...100 - done.
 Reading fuel and topography rasters
/bin/rm -f ./scratch/asp.bsq ./scratch/asp.hdr ./scratch/asp.prj ./scratch/asp.bsq.aux.xml
/usr/bin/gdal_translate -of ENVI -co "INTERLEAVE=BSQ" ./inputs/asp.tif ./scratch/asp.bsq
Input file size is 600, 600
0...10...20...30...40...50...60...70...80...90...100 - done.
/bin/rm -f ./scratch/cbh.bsq ./scratch/cbh.hdr ./scratch/cbh.prj ./scratch/cbh.bsq.aux.xml
/usr/bin/gdal_translate -of ENVI -co "INTERLEAVE=BSQ" ./inputs/cbh.tif ./scratch/cbh.bsq
Input file size is 600, 600
0...10...20...30...40...50...60...70...80...90...100 - done.
/bin/rm -f ./scratch/cbd.bsq ./scratch/cbd.hdr ./scratch/cbd.prj ./scratch/cbd.bsq.aux.xml
/usr/bin/gdal_translate -of ENVI -co "INTERLEAVE=BSQ" ./inputs/cbd.tif ./scratch/cbd.bsq
Input file size is 600, 600
0...10...20...30...40...50...60...70...80...90...100 - done.
/bin/rm -f ./scratch/cc.bsq ./scratch/cc.hdr ./scratch/cc.prj ./scratch/cc.bsq.aux.xml
/usr/bin/gdal_translate -of ENVI -co "INTERLEAVE=BSQ" ./inputs/cc.tif ./scratch/cc.bsq
Input file size is 600, 600
0...10...20...30...40...50...60...70...80...90...100 - done.
/bin/rm -f ./scratch/ch.bsq ./scratch/ch.hdr ./scratch/ch.prj ./scratch/ch.bsq.aux.xml
/usr/bin/gdal_translate -of ENVI -co "INTERLEAVE=BSQ" ./inputs/ch.tif ./scratch/ch.bsq
Input file size is 600, 600
0...10...20...30...40...50...60...70...80...90...100 - done.
/bin/rm -f ./scratch/dem.bsq ./scratch/dem.hdr ./scratch/dem.prj ./scratch/dem.bsq.aux.xml
/usr/bin/gdal_translate -of ENVI -co "INTERLEAVE=BSQ" ./inputs/dem.tif ./scratch/dem.bsq
Input file size is 600, 600
0...10...20...30...40...50...60...70...80...90...100 - done.
/bin/rm -f ./scratch/fbfm40.bsq ./scratch/fbfm40.hdr ./scratch/fbfm40.prj ./scratch/fbfm40.bsq.aux.xml
/usr/bin/gdal_translate -of ENVI -co "INTERLEAVE=BSQ" ./inputs/fbfm40.tif ./scratch/fbfm40.bsq
Input file size is 600, 600
0...10...20...30...40...50...60...70...80...90...100 - done.
/bin/rm -f ./scratch/slp.bsq ./scratch/slp.hdr ./scratch/slp.prj ./scratch/slp.bsq.aux.xml
/usr/bin/gdal_translate -of ENVI -co "INTERLEAVE=BSQ" ./inputs/slp.tif ./scratch/slp.bsq
Input file size is 600, 600
0...10...20...30...40...50...60...70...80...90...100 - done.
/bin/rm -f ./scratch/adj.bsq ./scratch/adj.hdr ./scratch/adj.prj ./scratch/adj.bsq.aux.xml
/usr/bin/gdal_translate -of ENVI -co "INTERLEAVE=BSQ" ./inputs/adj.tif ./scratch/adj.bsq
Input file size is 600, 600
0...10...20...30...40...50...60...70...80...90...100 - done.
/bin/rm -f ./scratch/phi.bsq ./scratch/phi.hdr ./scratch/phi.prj ./scratch/phi.bsq.aux.xml
/usr/bin/gdal_translate -of ENVI -co "INTERLEAVE=BSQ" ./inputs/phi.tif ./scratch/phi.bsq
Input file size is 600, 600
0...10...20...30...40...50...60...70...80...90...100 - done.
 Allocating additional rasters
 Setting up shared memory, part 2
 Setting up statistics arrays
 ELMFIRE is running each ensemble member
Meteorology band      1: Case #       1 complete.  Fire area:    477.4 acres.
 End of simulation reached successfully. Shutting down.
+ for f in $OUTPUTS_DIR/*.bil
++ basename ./outputs_C20.0_W12/flin_0000001_0043399.bil
++ cut -d. -f1
+ gdal_translate -a_srs 'EPSG: 32610' -co COMPRESS=DEFLATE -co ZLEVEL=9 ./outputs_C20.0_W12/flin_0000001_0043399.bil ./outputs_C20.0_W12/flin_0000001_0043399.tif
Input file size is 600, 600
0...10...20...30...40...50...60...70...80...90...100 - done.
+ for f in $OUTPUTS_DIR/*.bil
++ basename ./outputs_C20.0_W12/time_of_arrival_0000001_0043399.bil
++ cut -d. -f1
+ gdal_translate -a_srs 'EPSG: 32610' -co COMPRESS=DEFLATE -co ZLEVEL=9 ./outputs_C20.0_W12/time_of_arrival_0000001_0043399.bil ./outputs_C20.0_W12/time_of_arrival_0000001_0043399.tif
Input file size is 600, 600
0...10...20...30...40...50...60...70...80...90...100 - done.
+ for f in $OUTPUTS_DIR/*.bil
++ basename ./outputs_C20.0_W12/vs_0000001_0043399.bil
++ cut -d. -f1
+ gdal_translate -a_srs 'EPSG: 32610' -co COMPRESS=DEFLATE -co ZLEVEL=9 ./outputs_C20.0_W12/vs_0000001_0043399.bil ./outputs_C20.0_W12/vs_0000001_0043399.tif
Input file size is 600, 600
0...10...20...30...40...50...60...70...80...90...100 - done.
+ rm -f -r ./outputs_C20.0_W12/fire_size_stats.csv ./outputs_C20.0_W12/timings_firelabserver.csv ./outputs_C20.0_W12/flin_0000001_0043399.bil ./outputs_C20.0_W12/time_of_arrival_0000001_0043399.bil ./outputs_C20.0_W12/vs_0000001_0043399.bil ./outputs_C20.0_W12/flin_0000001_0043399.hdr ./outputs_C20.0_W12/time_of_arrival_0000001_0043399.hdr ./outputs_C20.0_W12/vs_0000001_0043399.hdr ./inputs/ws.tif
+ for WIND_SPEED in $(seq 0 1 30)
+ OUTPUTS_DIR=./outputs_C20.0_W13
+ replace_line OUTPUTS_DIRECTORY ./outputs_C20.0_W13 yes
+ MATCH_PATTERN=OUTPUTS_DIRECTORY
+ NEW_VALUE=./outputs_C20.0_W13
+ IS_STRING=yes
++ grep -n OUTPUTS_DIRECTORY ./inputs/elmfire.data
++ cut -d: -f1
+ LINE=25
+ sed -i '25 d' ./inputs/elmfire.data
+ '[' yes = yes ']'
+ sed -i '25 i OUTPUTS_DIRECTORY = '\''./outputs_C20.0_W13'\''' ./inputs/elmfire.data
+ '[' -d ./outputs_C20.0_W13 ']'
+ mkdir ./outputs_C20.0_W13
+ gdal_calc.py -A ./scratch/float.tif --co=COMPRESS=DEFLATE --co=ZLEVEL=9 --NoDataValue=-9999 --outfile=./inputs/ws.tif '--calc=A + 13'
0...10...20...30...40...50...60...70...80...90...100 - done.
+ /home/dwip/binYiren_SU/elmfire_2024.0916 ./inputs/elmfire.data
 ELMFIRE 2024.0916
 Reading &MISCELLANEOUS namelist group
 Reading &INPUTS namelist group
 Reading &OUTPUTS namelist group
 Reading &COMPUTATIONAL_DOMAIN namelist group
 Reading &TIME_CONTROL namelist group
 Reading &SIMULATOR namelist group
 Reading &WUI namelist group
 Reading &CALIBRATION namelist group
 Reading &SUPPRESSION namelist group
 Reading &SPOTTING namelist group
 Reading &SMOKE namelist group
 Reading &MONTE_CARLO namelist group
 Reading headers for fuels/topography and weather rasters
/usr/bin/gdal_translate -of ENVI -co "INTERLEAVE=BSQ" ./inputs/asp.tif ./scratch/asp.bsq
Input file size is 600, 600
0...10...20...30...40...50...60...70...80...90...100 - done.
/usr/bin/gdal_translate -of ENVI -co "INTERLEAVE=BSQ" ./inputs/ws.tif ./scratch/ws.bsq
Input file size is 600, 600
0...10...20...30...40...50...60...70...80...90...100 - done.
 Setting up shared memory, part 1
 Reading weather, fuel, and topography rasters
/bin/rm -f ./scratch/ws.bsq ./scratch/ws.hdr ./scratch/ws.prj ./scratch/ws.bsq.aux.xml
/usr/bin/gdal_translate -of ENVI -co "INTERLEAVE=BSQ" ./inputs/ws.tif ./scratch/ws.bsq
Input file size is 600, 600
0...10...20...30...40...50...60...70...80...90...100 - done.
/bin/rm -f ./scratch/wd.bsq ./scratch/wd.hdr ./scratch/wd.prj ./scratch/wd.bsq.aux.xml
/usr/bin/gdal_translate -of ENVI -co "INTERLEAVE=BSQ" ./inputs/wd.tif ./scratch/wd.bsq
Input file size is 600, 600
0...10...20...30...40...50...60...70...80...90...100 - done.
/bin/rm -f ./scratch/m1.bsq ./scratch/m1.hdr ./scratch/m1.prj ./scratch/m1.bsq.aux.xml
/usr/bin/gdal_translate -of ENVI -co "INTERLEAVE=BSQ" ./inputs/m1.tif ./scratch/m1.bsq
Input file size is 600, 600
0...10...20...30...40...50...60...70...80...90...100 - done.
/bin/rm -f ./scratch/m10.bsq ./scratch/m10.hdr ./scratch/m10.prj ./scratch/m10.bsq.aux.xml
/usr/bin/gdal_translate -of ENVI -co "INTERLEAVE=BSQ" ./inputs/m10.tif ./scratch/m10.bsq
Input file size is 600, 600
0...10...20...30...40...50...60...70...80...90...100 - done.
/bin/rm -f ./scratch/m100.bsq ./scratch/m100.hdr ./scratch/m100.prj ./scratch/m100.bsq.aux.xml
/usr/bin/gdal_translate -of ENVI -co "INTERLEAVE=BSQ" ./inputs/m100.tif ./scratch/m100.bsq
Input file size is 600, 600
0...10...20...30...40...50...60...70...80...90...100 - done.
 Reading fuel and topography rasters
/bin/rm -f ./scratch/asp.bsq ./scratch/asp.hdr ./scratch/asp.prj ./scratch/asp.bsq.aux.xml
/usr/bin/gdal_translate -of ENVI -co "INTERLEAVE=BSQ" ./inputs/asp.tif ./scratch/asp.bsq
Input file size is 600, 600
0...10...20...30...40...50...60...70...80...90...100 - done.
/bin/rm -f ./scratch/cbh.bsq ./scratch/cbh.hdr ./scratch/cbh.prj ./scratch/cbh.bsq.aux.xml
/usr/bin/gdal_translate -of ENVI -co "INTERLEAVE=BSQ" ./inputs/cbh.tif ./scratch/cbh.bsq
Input file size is 600, 600
0...10...20...30...40...50...60...70...80...90...100 - done.
/bin/rm -f ./scratch/cbd.bsq ./scratch/cbd.hdr ./scratch/cbd.prj ./scratch/cbd.bsq.aux.xml
/usr/bin/gdal_translate -of ENVI -co "INTERLEAVE=BSQ" ./inputs/cbd.tif ./scratch/cbd.bsq
Input file size is 600, 600
0...10...20...30...40...50...60...70...80...90...100 - done.
/bin/rm -f ./scratch/cc.bsq ./scratch/cc.hdr ./scratch/cc.prj ./scratch/cc.bsq.aux.xml
/usr/bin/gdal_translate -of ENVI -co "INTERLEAVE=BSQ" ./inputs/cc.tif ./scratch/cc.bsq
Input file size is 600, 600
0...10...20...30...40...50...60...70...80...90...100 - done.
/bin/rm -f ./scratch/ch.bsq ./scratch/ch.hdr ./scratch/ch.prj ./scratch/ch.bsq.aux.xml
/usr/bin/gdal_translate -of ENVI -co "INTERLEAVE=BSQ" ./inputs/ch.tif ./scratch/ch.bsq
Input file size is 600, 600
0...10...20...30...40...50...60...70...80...90...100 - done.
/bin/rm -f ./scratch/dem.bsq ./scratch/dem.hdr ./scratch/dem.prj ./scratch/dem.bsq.aux.xml
/usr/bin/gdal_translate -of ENVI -co "INTERLEAVE=BSQ" ./inputs/dem.tif ./scratch/dem.bsq
Input file size is 600, 600
0...10...20...30...40...50...60...70...80...90...100 - done.
/bin/rm -f ./scratch/fbfm40.bsq ./scratch/fbfm40.hdr ./scratch/fbfm40.prj ./scratch/fbfm40.bsq.aux.xml
/usr/bin/gdal_translate -of ENVI -co "INTERLEAVE=BSQ" ./inputs/fbfm40.tif ./scratch/fbfm40.bsq
Input file size is 600, 600
0...10...20...30...40...50...60...70...80...90...100 - done.
/bin/rm -f ./scratch/slp.bsq ./scratch/slp.hdr ./scratch/slp.prj ./scratch/slp.bsq.aux.xml
/usr/bin/gdal_translate -of ENVI -co "INTERLEAVE=BSQ" ./inputs/slp.tif ./scratch/slp.bsq
Input file size is 600, 600
0...10...20...30...40...50...60...70...80...90...100 - done.
/bin/rm -f ./scratch/adj.bsq ./scratch/adj.hdr ./scratch/adj.prj ./scratch/adj.bsq.aux.xml
/usr/bin/gdal_translate -of ENVI -co "INTERLEAVE=BSQ" ./inputs/adj.tif ./scratch/adj.bsq
Input file size is 600, 600
0...10...20...30...40...50...60...70...80...90...100 - done.
/bin/rm -f ./scratch/phi.bsq ./scratch/phi.hdr ./scratch/phi.prj ./scratch/phi.bsq.aux.xml
/usr/bin/gdal_translate -of ENVI -co "INTERLEAVE=BSQ" ./inputs/phi.tif ./scratch/phi.bsq
Input file size is 600, 600
0...10...20...30...40...50...60...70...80...90...100 - done.
 Allocating additional rasters
 Setting up shared memory, part 2
 Setting up statistics arrays
 ELMFIRE is running each ensemble member
Meteorology band      1: Case #       1 complete.  Fire area:    506.7 acres.
 End of simulation reached successfully. Shutting down.
+ for f in $OUTPUTS_DIR/*.bil
++ basename ./outputs_C20.0_W13/flin_0000001_0043286.bil
++ cut -d. -f1
+ gdal_translate -a_srs 'EPSG: 32610' -co COMPRESS=DEFLATE -co ZLEVEL=9 ./outputs_C20.0_W13/flin_0000001_0043286.bil ./outputs_C20.0_W13/flin_0000001_0043286.tif
Input file size is 600, 600
0...10...20...30...40...50...60...70...80...90...100 - done.
+ for f in $OUTPUTS_DIR/*.bil
++ basename ./outputs_C20.0_W13/time_of_arrival_0000001_0043286.bil
++ cut -d. -f1
+ gdal_translate -a_srs 'EPSG: 32610' -co COMPRESS=DEFLATE -co ZLEVEL=9 ./outputs_C20.0_W13/time_of_arrival_0000001_0043286.bil ./outputs_C20.0_W13/time_of_arrival_0000001_0043286.tif
Input file size is 600, 600
0...10...20...30...40...50...60...70...80...90...100 - done.
+ for f in $OUTPUTS_DIR/*.bil
++ basename ./outputs_C20.0_W13/vs_0000001_0043286.bil
++ cut -d. -f1
+ gdal_translate -a_srs 'EPSG: 32610' -co COMPRESS=DEFLATE -co ZLEVEL=9 ./outputs_C20.0_W13/vs_0000001_0043286.bil ./outputs_C20.0_W13/vs_0000001_0043286.tif
Input file size is 600, 600
0...10...20...30...40...50...60...70...80...90...100 - done.
+ rm -f -r ./outputs_C20.0_W13/fire_size_stats.csv ./outputs_C20.0_W13/timings_firelabserver.csv ./outputs_C20.0_W13/flin_0000001_0043286.bil ./outputs_C20.0_W13/time_of_arrival_0000001_0043286.bil ./outputs_C20.0_W13/vs_0000001_0043286.bil ./outputs_C20.0_W13/flin_0000001_0043286.hdr ./outputs_C20.0_W13/time_of_arrival_0000001_0043286.hdr ./outputs_C20.0_W13/vs_0000001_0043286.hdr ./inputs/ws.tif
+ for WIND_SPEED in $(seq 0 1 30)
+ OUTPUTS_DIR=./outputs_C20.0_W14
+ replace_line OUTPUTS_DIRECTORY ./outputs_C20.0_W14 yes
+ MATCH_PATTERN=OUTPUTS_DIRECTORY
+ NEW_VALUE=./outputs_C20.0_W14
+ IS_STRING=yes
++ cut -d: -f1
++ grep -n OUTPUTS_DIRECTORY ./inputs/elmfire.data
+ LINE=25
+ sed -i '25 d' ./inputs/elmfire.data
+ '[' yes = yes ']'
+ sed -i '25 i OUTPUTS_DIRECTORY = '\''./outputs_C20.0_W14'\''' ./inputs/elmfire.data
+ '[' -d ./outputs_C20.0_W14 ']'
+ mkdir ./outputs_C20.0_W14
+ gdal_calc.py -A ./scratch/float.tif --co=COMPRESS=DEFLATE --co=ZLEVEL=9 --NoDataValue=-9999 --outfile=./inputs/ws.tif '--calc=A + 14'
0...10...20...30...40...50...60...70...80...90...100 - done.
+ /home/dwip/binYiren_SU/elmfire_2024.0916 ./inputs/elmfire.data
 ELMFIRE 2024.0916
 Reading &MISCELLANEOUS namelist group
 Reading &INPUTS namelist group
 Reading &OUTPUTS namelist group
 Reading &COMPUTATIONAL_DOMAIN namelist group
 Reading &TIME_CONTROL namelist group
 Reading &SIMULATOR namelist group
 Reading &WUI namelist group
 Reading &CALIBRATION namelist group
 Reading &SUPPRESSION namelist group
 Reading &SPOTTING namelist group
 Reading &SMOKE namelist group
 Reading &MONTE_CARLO namelist group
 Reading headers for fuels/topography and weather rasters
/usr/bin/gdal_translate -of ENVI -co "INTERLEAVE=BSQ" ./inputs/asp.tif ./scratch/asp.bsq
Input file size is 600, 600
0...10...20...30...40...50...60...70...80...90...100 - done.
/usr/bin/gdal_translate -of ENVI -co "INTERLEAVE=BSQ" ./inputs/ws.tif ./scratch/ws.bsq
Input file size is 600, 600
0...10...20...30...40...50...60...70...80...90...100 - done.
 Setting up shared memory, part 1
 Reading weather, fuel, and topography rasters
/bin/rm -f ./scratch/ws.bsq ./scratch/ws.hdr ./scratch/ws.prj ./scratch/ws.bsq.aux.xml
/usr/bin/gdal_translate -of ENVI -co "INTERLEAVE=BSQ" ./inputs/ws.tif ./scratch/ws.bsq
Input file size is 600, 600
0...10...20...30...40...50...60...70...80...90...100 - done.
/bin/rm -f ./scratch/wd.bsq ./scratch/wd.hdr ./scratch/wd.prj ./scratch/wd.bsq.aux.xml
/usr/bin/gdal_translate -of ENVI -co "INTERLEAVE=BSQ" ./inputs/wd.tif ./scratch/wd.bsq
Input file size is 600, 600
0...10...20...30...40...50...60...70...80...90...100 - done.
/bin/rm -f ./scratch/m1.bsq ./scratch/m1.hdr ./scratch/m1.prj ./scratch/m1.bsq.aux.xml
/usr/bin/gdal_translate -of ENVI -co "INTERLEAVE=BSQ" ./inputs/m1.tif ./scratch/m1.bsq
Input file size is 600, 600
0...10...20...30...40...50...60...70...80...90...100 - done.
/bin/rm -f ./scratch/m10.bsq ./scratch/m10.hdr ./scratch/m10.prj ./scratch/m10.bsq.aux.xml
/usr/bin/gdal_translate -of ENVI -co "INTERLEAVE=BSQ" ./inputs/m10.tif ./scratch/m10.bsq
Input file size is 600, 600
0...10...20...30...40...50...60...70...80...90...100 - done.
/bin/rm -f ./scratch/m100.bsq ./scratch/m100.hdr ./scratch/m100.prj ./scratch/m100.bsq.aux.xml
/usr/bin/gdal_translate -of ENVI -co "INTERLEAVE=BSQ" ./inputs/m100.tif ./scratch/m100.bsq
Input file size is 600, 600
0...10...20...30...40...50...60...70...80...90...100 - done.
 Reading fuel and topography rasters
/bin/rm -f ./scratch/asp.bsq ./scratch/asp.hdr ./scratch/asp.prj ./scratch/asp.bsq.aux.xml
/usr/bin/gdal_translate -of ENVI -co "INTERLEAVE=BSQ" ./inputs/asp.tif ./scratch/asp.bsq
Input file size is 600, 600
0...10...20...30...40...50...60...70...80...90...100 - done.
/bin/rm -f ./scratch/cbh.bsq ./scratch/cbh.hdr ./scratch/cbh.prj ./scratch/cbh.bsq.aux.xml
/usr/bin/gdal_translate -of ENVI -co "INTERLEAVE=BSQ" ./inputs/cbh.tif ./scratch/cbh.bsq
Input file size is 600, 600
0...10...20...30...40...50...60...70...80...90...100 - done.
/bin/rm -f ./scratch/cbd.bsq ./scratch/cbd.hdr ./scratch/cbd.prj ./scratch/cbd.bsq.aux.xml
/usr/bin/gdal_translate -of ENVI -co "INTERLEAVE=BSQ" ./inputs/cbd.tif ./scratch/cbd.bsq
Input file size is 600, 600
0...10...20...30...40...50...60...70...80...90...100 - done.
/bin/rm -f ./scratch/cc.bsq ./scratch/cc.hdr ./scratch/cc.prj ./scratch/cc.bsq.aux.xml
/usr/bin/gdal_translate -of ENVI -co "INTERLEAVE=BSQ" ./inputs/cc.tif ./scratch/cc.bsq
Input file size is 600, 600
0...10...20...30...40...50...60...70...80...90...100 - done.
/bin/rm -f ./scratch/ch.bsq ./scratch/ch.hdr ./scratch/ch.prj ./scratch/ch.bsq.aux.xml
/usr/bin/gdal_translate -of ENVI -co "INTERLEAVE=BSQ" ./inputs/ch.tif ./scratch/ch.bsq
Input file size is 600, 600
0...10...20...30...40...50...60...70...80...90...100 - done.
/bin/rm -f ./scratch/dem.bsq ./scratch/dem.hdr ./scratch/dem.prj ./scratch/dem.bsq.aux.xml
/usr/bin/gdal_translate -of ENVI -co "INTERLEAVE=BSQ" ./inputs/dem.tif ./scratch/dem.bsq
Input file size is 600, 600
0...10...20...30...40...50...60...70...80...90...100 - done.
/bin/rm -f ./scratch/fbfm40.bsq ./scratch/fbfm40.hdr ./scratch/fbfm40.prj ./scratch/fbfm40.bsq.aux.xml
/usr/bin/gdal_translate -of ENVI -co "INTERLEAVE=BSQ" ./inputs/fbfm40.tif ./scratch/fbfm40.bsq
Input file size is 600, 600
0...10...20...30...40...50...60...70...80...90...100 - done.
/bin/rm -f ./scratch/slp.bsq ./scratch/slp.hdr ./scratch/slp.prj ./scratch/slp.bsq.aux.xml
/usr/bin/gdal_translate -of ENVI -co "INTERLEAVE=BSQ" ./inputs/slp.tif ./scratch/slp.bsq
Input file size is 600, 600
0...10...20...30...40...50...60...70...80...90...100 - done.
/bin/rm -f ./scratch/adj.bsq ./scratch/adj.hdr ./scratch/adj.prj ./scratch/adj.bsq.aux.xml
/usr/bin/gdal_translate -of ENVI -co "INTERLEAVE=BSQ" ./inputs/adj.tif ./scratch/adj.bsq
Input file size is 600, 600
0...10...20...30...40...50...60...70...80...90...100 - done.
/bin/rm -f ./scratch/phi.bsq ./scratch/phi.hdr ./scratch/phi.prj ./scratch/phi.bsq.aux.xml
/usr/bin/gdal_translate -of ENVI -co "INTERLEAVE=BSQ" ./inputs/phi.tif ./scratch/phi.bsq
Input file size is 600, 600
0...10...20...30...40...50...60...70...80...90...100 - done.
 Allocating additional rasters
 Setting up shared memory, part 2
 Setting up statistics arrays
 ELMFIRE is running each ensemble member
Meteorology band      1: Case #       1 complete.  Fire area:    551.8 acres.
 End of simulation reached successfully. Shutting down.
+ for f in $OUTPUTS_DIR/*.bil
++ basename ./outputs_C20.0_W14/flin_0000001_0043363.bil
++ cut -d. -f1
+ gdal_translate -a_srs 'EPSG: 32610' -co COMPRESS=DEFLATE -co ZLEVEL=9 ./outputs_C20.0_W14/flin_0000001_0043363.bil ./outputs_C20.0_W14/flin_0000001_0043363.tif
Input file size is 600, 600
0...10...20...30...40...50...60...70...80...90...100 - done.
+ for f in $OUTPUTS_DIR/*.bil
++ basename ./outputs_C20.0_W14/time_of_arrival_0000001_0043363.bil
++ cut -d. -f1
+ gdal_translate -a_srs 'EPSG: 32610' -co COMPRESS=DEFLATE -co ZLEVEL=9 ./outputs_C20.0_W14/time_of_arrival_0000001_0043363.bil ./outputs_C20.0_W14/time_of_arrival_0000001_0043363.tif
Input file size is 600, 600
0...10...20...30...40...50...60...70...80...90...100 - done.
+ for f in $OUTPUTS_DIR/*.bil
++ basename ./outputs_C20.0_W14/vs_0000001_0043363.bil
++ cut -d. -f1
+ gdal_translate -a_srs 'EPSG: 32610' -co COMPRESS=DEFLATE -co ZLEVEL=9 ./outputs_C20.0_W14/vs_0000001_0043363.bil ./outputs_C20.0_W14/vs_0000001_0043363.tif
Input file size is 600, 600
0...10...20...30...40...50...60...70...80...90...100 - done.
+ rm -f -r ./outputs_C20.0_W14/fire_size_stats.csv ./outputs_C20.0_W14/timings_firelabserver.csv ./outputs_C20.0_W14/flin_0000001_0043363.bil ./outputs_C20.0_W14/time_of_arrival_0000001_0043363.bil ./outputs_C20.0_W14/vs_0000001_0043363.bil ./outputs_C20.0_W14/flin_0000001_0043363.hdr ./outputs_C20.0_W14/time_of_arrival_0000001_0043363.hdr ./outputs_C20.0_W14/vs_0000001_0043363.hdr ./inputs/ws.tif
+ for WIND_SPEED in $(seq 0 1 30)
+ OUTPUTS_DIR=./outputs_C20.0_W15
+ replace_line OUTPUTS_DIRECTORY ./outputs_C20.0_W15 yes
+ MATCH_PATTERN=OUTPUTS_DIRECTORY
+ NEW_VALUE=./outputs_C20.0_W15
+ IS_STRING=yes
++ grep -n OUTPUTS_DIRECTORY ./inputs/elmfire.data
++ cut -d: -f1
+ LINE=25
+ sed -i '25 d' ./inputs/elmfire.data
+ '[' yes = yes ']'
+ sed -i '25 i OUTPUTS_DIRECTORY = '\''./outputs_C20.0_W15'\''' ./inputs/elmfire.data
+ '[' -d ./outputs_C20.0_W15 ']'
+ mkdir ./outputs_C20.0_W15
+ gdal_calc.py -A ./scratch/float.tif --co=COMPRESS=DEFLATE --co=ZLEVEL=9 --NoDataValue=-9999 --outfile=./inputs/ws.tif '--calc=A + 15'
0...10...20...30...40...50...60...70...80...90...100 - done.
+ /home/dwip/binYiren_SU/elmfire_2024.0916 ./inputs/elmfire.data
 ELMFIRE 2024.0916
 Reading &MISCELLANEOUS namelist group
 Reading &INPUTS namelist group
 Reading &OUTPUTS namelist group
 Reading &COMPUTATIONAL_DOMAIN namelist group
 Reading &TIME_CONTROL namelist group
 Reading &SIMULATOR namelist group
 Reading &WUI namelist group
 Reading &CALIBRATION namelist group
 Reading &SUPPRESSION namelist group
 Reading &SPOTTING namelist group
 Reading &SMOKE namelist group
 Reading &MONTE_CARLO namelist group
 Reading headers for fuels/topography and weather rasters
/usr/bin/gdal_translate -of ENVI -co "INTERLEAVE=BSQ" ./inputs/asp.tif ./scratch/asp.bsq
Input file size is 600, 600
0...10...20...30...40...50...60...70...80...90...100 - done.
/usr/bin/gdal_translate -of ENVI -co "INTERLEAVE=BSQ" ./inputs/ws.tif ./scratch/ws.bsq
Input file size is 600, 600
0...10...20...30...40...50...60...70...80...90...100 - done.
 Setting up shared memory, part 1
 Reading weather, fuel, and topography rasters
/bin/rm -f ./scratch/ws.bsq ./scratch/ws.hdr ./scratch/ws.prj ./scratch/ws.bsq.aux.xml
/usr/bin/gdal_translate -of ENVI -co "INTERLEAVE=BSQ" ./inputs/ws.tif ./scratch/ws.bsq
Input file size is 600, 600
0...10...20...30...40...50...60...70...80...90...100 - done.
/bin/rm -f ./scratch/wd.bsq ./scratch/wd.hdr ./scratch/wd.prj ./scratch/wd.bsq.aux.xml
/usr/bin/gdal_translate -of ENVI -co "INTERLEAVE=BSQ" ./inputs/wd.tif ./scratch/wd.bsq
Input file size is 600, 600
0...10...20...30...40...50...60...70...80...90...100 - done.
/bin/rm -f ./scratch/m1.bsq ./scratch/m1.hdr ./scratch/m1.prj ./scratch/m1.bsq.aux.xml
/usr/bin/gdal_translate -of ENVI -co "INTERLEAVE=BSQ" ./inputs/m1.tif ./scratch/m1.bsq
Input file size is 600, 600
0...10...20...30...40...50...60...70...80...90...100 - done.
/bin/rm -f ./scratch/m10.bsq ./scratch/m10.hdr ./scratch/m10.prj ./scratch/m10.bsq.aux.xml
/usr/bin/gdal_translate -of ENVI -co "INTERLEAVE=BSQ" ./inputs/m10.tif ./scratch/m10.bsq
Input file size is 600, 600
0...10...20...30...40...50...60...70...80...90...100 - done.
/bin/rm -f ./scratch/m100.bsq ./scratch/m100.hdr ./scratch/m100.prj ./scratch/m100.bsq.aux.xml
/usr/bin/gdal_translate -of ENVI -co "INTERLEAVE=BSQ" ./inputs/m100.tif ./scratch/m100.bsq
Input file size is 600, 600
0...10...20...30...40...50...60...70...80...90...100 - done.
 Reading fuel and topography rasters
/bin/rm -f ./scratch/asp.bsq ./scratch/asp.hdr ./scratch/asp.prj ./scratch/asp.bsq.aux.xml
/usr/bin/gdal_translate -of ENVI -co "INTERLEAVE=BSQ" ./inputs/asp.tif ./scratch/asp.bsq
Input file size is 600, 600
0...10...20...30...40...50...60...70...80...90...100 - done.
/bin/rm -f ./scratch/cbh.bsq ./scratch/cbh.hdr ./scratch/cbh.prj ./scratch/cbh.bsq.aux.xml
/usr/bin/gdal_translate -of ENVI -co "INTERLEAVE=BSQ" ./inputs/cbh.tif ./scratch/cbh.bsq
Input file size is 600, 600
0...10...20...30...40...50...60...70...80...90...100 - done.
/bin/rm -f ./scratch/cbd.bsq ./scratch/cbd.hdr ./scratch/cbd.prj ./scratch/cbd.bsq.aux.xml
/usr/bin/gdal_translate -of ENVI -co "INTERLEAVE=BSQ" ./inputs/cbd.tif ./scratch/cbd.bsq
Input file size is 600, 600
0...10...20...30...40...50...60...70...80...90...100 - done.
/bin/rm -f ./scratch/cc.bsq ./scratch/cc.hdr ./scratch/cc.prj ./scratch/cc.bsq.aux.xml
/usr/bin/gdal_translate -of ENVI -co "INTERLEAVE=BSQ" ./inputs/cc.tif ./scratch/cc.bsq
Input file size is 600, 600
0...10...20...30...40...50...60...70...80...90...100 - done.
/bin/rm -f ./scratch/ch.bsq ./scratch/ch.hdr ./scratch/ch.prj ./scratch/ch.bsq.aux.xml
/usr/bin/gdal_translate -of ENVI -co "INTERLEAVE=BSQ" ./inputs/ch.tif ./scratch/ch.bsq
Input file size is 600, 600
0...10...20...30...40...50...60...70...80...90...100 - done.
/bin/rm -f ./scratch/dem.bsq ./scratch/dem.hdr ./scratch/dem.prj ./scratch/dem.bsq.aux.xml
/usr/bin/gdal_translate -of ENVI -co "INTERLEAVE=BSQ" ./inputs/dem.tif ./scratch/dem.bsq
Input file size is 600, 600
0...10...20...30...40...50...60...70...80...90...100 - done.
/bin/rm -f ./scratch/fbfm40.bsq ./scratch/fbfm40.hdr ./scratch/fbfm40.prj ./scratch/fbfm40.bsq.aux.xml
/usr/bin/gdal_translate -of ENVI -co "INTERLEAVE=BSQ" ./inputs/fbfm40.tif ./scratch/fbfm40.bsq
Input file size is 600, 600
0...10...20...30...40...50...60...70...80...90...100 - done.
/bin/rm -f ./scratch/slp.bsq ./scratch/slp.hdr ./scratch/slp.prj ./scratch/slp.bsq.aux.xml
/usr/bin/gdal_translate -of ENVI -co "INTERLEAVE=BSQ" ./inputs/slp.tif ./scratch/slp.bsq
Input file size is 600, 600
0...10...20...30...40...50...60...70...80...90...100 - done.
/bin/rm -f ./scratch/adj.bsq ./scratch/adj.hdr ./scratch/adj.prj ./scratch/adj.bsq.aux.xml
/usr/bin/gdal_translate -of ENVI -co "INTERLEAVE=BSQ" ./inputs/adj.tif ./scratch/adj.bsq
Input file size is 600, 600
0...10...20...30...40...50...60...70...80...90...100 - done.
/bin/rm -f ./scratch/phi.bsq ./scratch/phi.hdr ./scratch/phi.prj ./scratch/phi.bsq.aux.xml
/usr/bin/gdal_translate -of ENVI -co "INTERLEAVE=BSQ" ./inputs/phi.tif ./scratch/phi.bsq
Input file size is 600, 600
0...10...20...30...40...50...60...70...80...90...100 - done.
 Allocating additional rasters
 Setting up shared memory, part 2
 Setting up statistics arrays
 ELMFIRE is running each ensemble member
Meteorology band      1: Case #       1 complete.  Fire area:    596.7 acres.
 End of simulation reached successfully. Shutting down.
+ for f in $OUTPUTS_DIR/*.bil
++ basename ./outputs_C20.0_W15/flin_0000001_0043305.bil
++ cut -d. -f1
+ gdal_translate -a_srs 'EPSG: 32610' -co COMPRESS=DEFLATE -co ZLEVEL=9 ./outputs_C20.0_W15/flin_0000001_0043305.bil ./outputs_C20.0_W15/flin_0000001_0043305.tif
Input file size is 600, 600
0...10...20...30...40...50...60...70...80...90...100 - done.
+ for f in $OUTPUTS_DIR/*.bil
++ basename ./outputs_C20.0_W15/time_of_arrival_0000001_0043305.bil
++ cut -d. -f1
+ gdal_translate -a_srs 'EPSG: 32610' -co COMPRESS=DEFLATE -co ZLEVEL=9 ./outputs_C20.0_W15/time_of_arrival_0000001_0043305.bil ./outputs_C20.0_W15/time_of_arrival_0000001_0043305.tif
Input file size is 600, 600
0...10...20...30...40...50...60...70...80...90...100 - done.
+ for f in $OUTPUTS_DIR/*.bil
++ basename ./outputs_C20.0_W15/vs_0000001_0043305.bil
++ cut -d. -f1
+ gdal_translate -a_srs 'EPSG: 32610' -co COMPRESS=DEFLATE -co ZLEVEL=9 ./outputs_C20.0_W15/vs_0000001_0043305.bil ./outputs_C20.0_W15/vs_0000001_0043305.tif
Input file size is 600, 600
0...10...20...30...40...50...60...70...80...90...100 - done.
+ rm -f -r ./outputs_C20.0_W15/fire_size_stats.csv ./outputs_C20.0_W15/timings_firelabserver.csv ./outputs_C20.0_W15/flin_0000001_0043305.bil ./outputs_C20.0_W15/time_of_arrival_0000001_0043305.bil ./outputs_C20.0_W15/vs_0000001_0043305.bil ./outputs_C20.0_W15/flin_0000001_0043305.hdr ./outputs_C20.0_W15/time_of_arrival_0000001_0043305.hdr ./outputs_C20.0_W15/vs_0000001_0043305.hdr ./inputs/ws.tif
+ for WIND_SPEED in $(seq 0 1 30)
+ OUTPUTS_DIR=./outputs_C20.0_W16
+ replace_line OUTPUTS_DIRECTORY ./outputs_C20.0_W16 yes
+ MATCH_PATTERN=OUTPUTS_DIRECTORY
+ NEW_VALUE=./outputs_C20.0_W16
+ IS_STRING=yes
++ grep -n OUTPUTS_DIRECTORY ./inputs/elmfire.data
++ cut -d: -f1
+ LINE=25
+ sed -i '25 d' ./inputs/elmfire.data
+ '[' yes = yes ']'
+ sed -i '25 i OUTPUTS_DIRECTORY = '\''./outputs_C20.0_W16'\''' ./inputs/elmfire.data
+ '[' -d ./outputs_C20.0_W16 ']'
+ mkdir ./outputs_C20.0_W16
+ gdal_calc.py -A ./scratch/float.tif --co=COMPRESS=DEFLATE --co=ZLEVEL=9 --NoDataValue=-9999 --outfile=./inputs/ws.tif '--calc=A + 16'
0...10...20...30...40...50...60...70...80...90...100 - done.
+ /home/dwip/binYiren_SU/elmfire_2024.0916 ./inputs/elmfire.data
 ELMFIRE 2024.0916
 Reading &MISCELLANEOUS namelist group
 Reading &INPUTS namelist group
 Reading &OUTPUTS namelist group
 Reading &COMPUTATIONAL_DOMAIN namelist group
 Reading &TIME_CONTROL namelist group
 Reading &SIMULATOR namelist group
 Reading &WUI namelist group
 Reading &CALIBRATION namelist group
 Reading &SUPPRESSION namelist group
 Reading &SPOTTING namelist group
 Reading &SMOKE namelist group
 Reading &MONTE_CARLO namelist group
 Reading headers for fuels/topography and weather rasters
/usr/bin/gdal_translate -of ENVI -co "INTERLEAVE=BSQ" ./inputs/asp.tif ./scratch/asp.bsq
Input file size is 600, 600
0...10...20...30...40...50...60...70...80...90...100 - done.
/usr/bin/gdal_translate -of ENVI -co "INTERLEAVE=BSQ" ./inputs/ws.tif ./scratch/ws.bsq
Input file size is 600, 600
0...10...20...30...40...50...60...70...80...90...100 - done.
 Setting up shared memory, part 1
 Reading weather, fuel, and topography rasters
/bin/rm -f ./scratch/ws.bsq ./scratch/ws.hdr ./scratch/ws.prj ./scratch/ws.bsq.aux.xml
/usr/bin/gdal_translate -of ENVI -co "INTERLEAVE=BSQ" ./inputs/ws.tif ./scratch/ws.bsq
Input file size is 600, 600
0...10...20...30...40...50...60...70...80...90...100 - done.
/bin/rm -f ./scratch/wd.bsq ./scratch/wd.hdr ./scratch/wd.prj ./scratch/wd.bsq.aux.xml
/usr/bin/gdal_translate -of ENVI -co "INTERLEAVE=BSQ" ./inputs/wd.tif ./scratch/wd.bsq
Input file size is 600, 600
0...10...20...30...40...50...60...70...80...90...100 - done.
/bin/rm -f ./scratch/m1.bsq ./scratch/m1.hdr ./scratch/m1.prj ./scratch/m1.bsq.aux.xml
/usr/bin/gdal_translate -of ENVI -co "INTERLEAVE=BSQ" ./inputs/m1.tif ./scratch/m1.bsq
Input file size is 600, 600
0...10...20...30...40...50...60...70...80...90...100 - done.
/bin/rm -f ./scratch/m10.bsq ./scratch/m10.hdr ./scratch/m10.prj ./scratch/m10.bsq.aux.xml
/usr/bin/gdal_translate -of ENVI -co "INTERLEAVE=BSQ" ./inputs/m10.tif ./scratch/m10.bsq
Input file size is 600, 600
0...10...20...30...40...50...60...70...80...90...100 - done.
/bin/rm -f ./scratch/m100.bsq ./scratch/m100.hdr ./scratch/m100.prj ./scratch/m100.bsq.aux.xml
/usr/bin/gdal_translate -of ENVI -co "INTERLEAVE=BSQ" ./inputs/m100.tif ./scratch/m100.bsq
Input file size is 600, 600
0...10...20...30...40...50...60...70...80...90...100 - done.
 Reading fuel and topography rasters
/bin/rm -f ./scratch/asp.bsq ./scratch/asp.hdr ./scratch/asp.prj ./scratch/asp.bsq.aux.xml
/usr/bin/gdal_translate -of ENVI -co "INTERLEAVE=BSQ" ./inputs/asp.tif ./scratch/asp.bsq
Input file size is 600, 600
0...10...20...30...40...50...60...70...80...90...100 - done.
/bin/rm -f ./scratch/cbh.bsq ./scratch/cbh.hdr ./scratch/cbh.prj ./scratch/cbh.bsq.aux.xml
/usr/bin/gdal_translate -of ENVI -co "INTERLEAVE=BSQ" ./inputs/cbh.tif ./scratch/cbh.bsq
Input file size is 600, 600
0...10...20...30...40...50...60...70...80...90...100 - done.
/bin/rm -f ./scratch/cbd.bsq ./scratch/cbd.hdr ./scratch/cbd.prj ./scratch/cbd.bsq.aux.xml
/usr/bin/gdal_translate -of ENVI -co "INTERLEAVE=BSQ" ./inputs/cbd.tif ./scratch/cbd.bsq
Input file size is 600, 600
0...10...20...30...40...50...60...70...80...90...100 - done.
/bin/rm -f ./scratch/cc.bsq ./scratch/cc.hdr ./scratch/cc.prj ./scratch/cc.bsq.aux.xml
/usr/bin/gdal_translate -of ENVI -co "INTERLEAVE=BSQ" ./inputs/cc.tif ./scratch/cc.bsq
Input file size is 600, 600
0...10...20...30...40...50...60...70...80...90...100 - done.
/bin/rm -f ./scratch/ch.bsq ./scratch/ch.hdr ./scratch/ch.prj ./scratch/ch.bsq.aux.xml
/usr/bin/gdal_translate -of ENVI -co "INTERLEAVE=BSQ" ./inputs/ch.tif ./scratch/ch.bsq
Input file size is 600, 600
0...10...20...30...40...50...60...70...80...90...100 - done.
/bin/rm -f ./scratch/dem.bsq ./scratch/dem.hdr ./scratch/dem.prj ./scratch/dem.bsq.aux.xml
/usr/bin/gdal_translate -of ENVI -co "INTERLEAVE=BSQ" ./inputs/dem.tif ./scratch/dem.bsq
Input file size is 600, 600
0...10...20...30...40...50...60...70...80...90...100 - done.
/bin/rm -f ./scratch/fbfm40.bsq ./scratch/fbfm40.hdr ./scratch/fbfm40.prj ./scratch/fbfm40.bsq.aux.xml
/usr/bin/gdal_translate -of ENVI -co "INTERLEAVE=BSQ" ./inputs/fbfm40.tif ./scratch/fbfm40.bsq
Input file size is 600, 600
0...10...20...30...40...50...60...70...80...90...100 - done.
/bin/rm -f ./scratch/slp.bsq ./scratch/slp.hdr ./scratch/slp.prj ./scratch/slp.bsq.aux.xml
/usr/bin/gdal_translate -of ENVI -co "INTERLEAVE=BSQ" ./inputs/slp.tif ./scratch/slp.bsq
Input file size is 600, 600
0...10...20...30...40...50...60...70...80...90...100 - done.
/bin/rm -f ./scratch/adj.bsq ./scratch/adj.hdr ./scratch/adj.prj ./scratch/adj.bsq.aux.xml
/usr/bin/gdal_translate -of ENVI -co "INTERLEAVE=BSQ" ./inputs/adj.tif ./scratch/adj.bsq
Input file size is 600, 600
0...10...20...30...40...50...60...70...80...90...100 - done.
/bin/rm -f ./scratch/phi.bsq ./scratch/phi.hdr ./scratch/phi.prj ./scratch/phi.bsq.aux.xml
/usr/bin/gdal_translate -of ENVI -co "INTERLEAVE=BSQ" ./inputs/phi.tif ./scratch/phi.bsq
Input file size is 600, 600
0...10...20...30...40...50...60...70...80...90...100 - done.
 Allocating additional rasters
 Setting up shared memory, part 2
 Setting up statistics arrays
 ELMFIRE is running each ensemble member
Meteorology band      1: Case #       1 complete.  Fire area:    656.5 acres.
 End of simulation reached successfully. Shutting down.
+ for f in $OUTPUTS_DIR/*.bil
++ basename ./outputs_C20.0_W16/flin_0000001_0043282.bil
++ cut -d. -f1
+ gdal_translate -a_srs 'EPSG: 32610' -co COMPRESS=DEFLATE -co ZLEVEL=9 ./outputs_C20.0_W16/flin_0000001_0043282.bil ./outputs_C20.0_W16/flin_0000001_0043282.tif
Input file size is 600, 600
0...10...20...30...40...50...60...70...80...90...100 - done.
+ for f in $OUTPUTS_DIR/*.bil
++ basename ./outputs_C20.0_W16/time_of_arrival_0000001_0043282.bil
++ cut -d. -f1
+ gdal_translate -a_srs 'EPSG: 32610' -co COMPRESS=DEFLATE -co ZLEVEL=9 ./outputs_C20.0_W16/time_of_arrival_0000001_0043282.bil ./outputs_C20.0_W16/time_of_arrival_0000001_0043282.tif
Input file size is 600, 600
0...10...20...30...40...50...60...70...80...90...100 - done.
+ for f in $OUTPUTS_DIR/*.bil
++ basename ./outputs_C20.0_W16/vs_0000001_0043282.bil
++ cut -d. -f1
+ gdal_translate -a_srs 'EPSG: 32610' -co COMPRESS=DEFLATE -co ZLEVEL=9 ./outputs_C20.0_W16/vs_0000001_0043282.bil ./outputs_C20.0_W16/vs_0000001_0043282.tif
Input file size is 600, 600
0...10...20...30...40...50...60...70...80...90...100 - done.
+ rm -f -r ./outputs_C20.0_W16/fire_size_stats.csv ./outputs_C20.0_W16/timings_firelabserver.csv ./outputs_C20.0_W16/flin_0000001_0043282.bil ./outputs_C20.0_W16/time_of_arrival_0000001_0043282.bil ./outputs_C20.0_W16/vs_0000001_0043282.bil ./outputs_C20.0_W16/flin_0000001_0043282.hdr ./outputs_C20.0_W16/time_of_arrival_0000001_0043282.hdr ./outputs_C20.0_W16/vs_0000001_0043282.hdr ./inputs/ws.tif
+ for WIND_SPEED in $(seq 0 1 30)
+ OUTPUTS_DIR=./outputs_C20.0_W17
+ replace_line OUTPUTS_DIRECTORY ./outputs_C20.0_W17 yes
+ MATCH_PATTERN=OUTPUTS_DIRECTORY
+ NEW_VALUE=./outputs_C20.0_W17
+ IS_STRING=yes
++ grep -n OUTPUTS_DIRECTORY ./inputs/elmfire.data
++ cut -d: -f1
+ LINE=25
+ sed -i '25 d' ./inputs/elmfire.data
+ '[' yes = yes ']'
+ sed -i '25 i OUTPUTS_DIRECTORY = '\''./outputs_C20.0_W17'\''' ./inputs/elmfire.data
+ '[' -d ./outputs_C20.0_W17 ']'
+ mkdir ./outputs_C20.0_W17
+ gdal_calc.py -A ./scratch/float.tif --co=COMPRESS=DEFLATE --co=ZLEVEL=9 --NoDataValue=-9999 --outfile=./inputs/ws.tif '--calc=A + 17'
0...10...20...30...40...50...60...70...80...90...100 - done.
+ /home/dwip/binYiren_SU/elmfire_2024.0916 ./inputs/elmfire.data
 ELMFIRE 2024.0916
 Reading &MISCELLANEOUS namelist group
 Reading &INPUTS namelist group
 Reading &OUTPUTS namelist group
 Reading &COMPUTATIONAL_DOMAIN namelist group
 Reading &TIME_CONTROL namelist group
 Reading &SIMULATOR namelist group
 Reading &WUI namelist group
 Reading &CALIBRATION namelist group
 Reading &SUPPRESSION namelist group
 Reading &SPOTTING namelist group
 Reading &SMOKE namelist group
 Reading &MONTE_CARLO namelist group
 Reading headers for fuels/topography and weather rasters
/usr/bin/gdal_translate -of ENVI -co "INTERLEAVE=BSQ" ./inputs/asp.tif ./scratch/asp.bsq
Input file size is 600, 600
0...10...20...30...40...50...60...70...80...90...100 - done.
/usr/bin/gdal_translate -of ENVI -co "INTERLEAVE=BSQ" ./inputs/ws.tif ./scratch/ws.bsq
Input file size is 600, 600
0...10...20...30...40...50...60...70...80...90...100 - done.
 Setting up shared memory, part 1
 Reading weather, fuel, and topography rasters
/bin/rm -f ./scratch/ws.bsq ./scratch/ws.hdr ./scratch/ws.prj ./scratch/ws.bsq.aux.xml
/usr/bin/gdal_translate -of ENVI -co "INTERLEAVE=BSQ" ./inputs/ws.tif ./scratch/ws.bsq
Input file size is 600, 600
0...10...20...30...40...50...60...70...80...90...100 - done.
/bin/rm -f ./scratch/wd.bsq ./scratch/wd.hdr ./scratch/wd.prj ./scratch/wd.bsq.aux.xml
/usr/bin/gdal_translate -of ENVI -co "INTERLEAVE=BSQ" ./inputs/wd.tif ./scratch/wd.bsq
Input file size is 600, 600
0...10...20...30...40...50...60...70...80...90...100 - done.
/bin/rm -f ./scratch/m1.bsq ./scratch/m1.hdr ./scratch/m1.prj ./scratch/m1.bsq.aux.xml
/usr/bin/gdal_translate -of ENVI -co "INTERLEAVE=BSQ" ./inputs/m1.tif ./scratch/m1.bsq
Input file size is 600, 600
0...10...20...30...40...50...60...70...80...90...100 - done.
/bin/rm -f ./scratch/m10.bsq ./scratch/m10.hdr ./scratch/m10.prj ./scratch/m10.bsq.aux.xml
/usr/bin/gdal_translate -of ENVI -co "INTERLEAVE=BSQ" ./inputs/m10.tif ./scratch/m10.bsq
Input file size is 600, 600
0...10...20...30...40...50...60...70...80...90...100 - done.
/bin/rm -f ./scratch/m100.bsq ./scratch/m100.hdr ./scratch/m100.prj ./scratch/m100.bsq.aux.xml
/usr/bin/gdal_translate -of ENVI -co "INTERLEAVE=BSQ" ./inputs/m100.tif ./scratch/m100.bsq
Input file size is 600, 600
0...10...20...30...40...50...60...70...80...90...100 - done.
 Reading fuel and topography rasters
/bin/rm -f ./scratch/asp.bsq ./scratch/asp.hdr ./scratch/asp.prj ./scratch/asp.bsq.aux.xml
/usr/bin/gdal_translate -of ENVI -co "INTERLEAVE=BSQ" ./inputs/asp.tif ./scratch/asp.bsq
Input file size is 600, 600
0...10...20...30...40...50...60...70...80...90...100 - done.
/bin/rm -f ./scratch/cbh.bsq ./scratch/cbh.hdr ./scratch/cbh.prj ./scratch/cbh.bsq.aux.xml
/usr/bin/gdal_translate -of ENVI -co "INTERLEAVE=BSQ" ./inputs/cbh.tif ./scratch/cbh.bsq
Input file size is 600, 600
0...10...20...30...40...50...60...70...80...90...100 - done.
/bin/rm -f ./scratch/cbd.bsq ./scratch/cbd.hdr ./scratch/cbd.prj ./scratch/cbd.bsq.aux.xml
/usr/bin/gdal_translate -of ENVI -co "INTERLEAVE=BSQ" ./inputs/cbd.tif ./scratch/cbd.bsq
Input file size is 600, 600
0...10...20...30...40...50...60...70...80...90...100 - done.
/bin/rm -f ./scratch/cc.bsq ./scratch/cc.hdr ./scratch/cc.prj ./scratch/cc.bsq.aux.xml
/usr/bin/gdal_translate -of ENVI -co "INTERLEAVE=BSQ" ./inputs/cc.tif ./scratch/cc.bsq
Input file size is 600, 600
0...10...20...30...40...50...60...70...80...90...100 - done.
/bin/rm -f ./scratch/ch.bsq ./scratch/ch.hdr ./scratch/ch.prj ./scratch/ch.bsq.aux.xml
/usr/bin/gdal_translate -of ENVI -co "INTERLEAVE=BSQ" ./inputs/ch.tif ./scratch/ch.bsq
Input file size is 600, 600
0...10...20...30...40...50...60...70...80...90...100 - done.
/bin/rm -f ./scratch/dem.bsq ./scratch/dem.hdr ./scratch/dem.prj ./scratch/dem.bsq.aux.xml
/usr/bin/gdal_translate -of ENVI -co "INTERLEAVE=BSQ" ./inputs/dem.tif ./scratch/dem.bsq
Input file size is 600, 600
0...10...20...30...40...50...60...70...80...90...100 - done.
/bin/rm -f ./scratch/fbfm40.bsq ./scratch/fbfm40.hdr ./scratch/fbfm40.prj ./scratch/fbfm40.bsq.aux.xml
/usr/bin/gdal_translate -of ENVI -co "INTERLEAVE=BSQ" ./inputs/fbfm40.tif ./scratch/fbfm40.bsq
Input file size is 600, 600
0...10...20...30...40...50...60...70...80...90...100 - done.
/bin/rm -f ./scratch/slp.bsq ./scratch/slp.hdr ./scratch/slp.prj ./scratch/slp.bsq.aux.xml
/usr/bin/gdal_translate -of ENVI -co "INTERLEAVE=BSQ" ./inputs/slp.tif ./scratch/slp.bsq
Input file size is 600, 600
0...10...20...30...40...50...60...70...80...90...100 - done.
/bin/rm -f ./scratch/adj.bsq ./scratch/adj.hdr ./scratch/adj.prj ./scratch/adj.bsq.aux.xml
/usr/bin/gdal_translate -of ENVI -co "INTERLEAVE=BSQ" ./inputs/adj.tif ./scratch/adj.bsq
Input file size is 600, 600
0...10...20...30...40...50...60...70...80...90...100 - done.
/bin/rm -f ./scratch/phi.bsq ./scratch/phi.hdr ./scratch/phi.prj ./scratch/phi.bsq.aux.xml
/usr/bin/gdal_translate -of ENVI -co "INTERLEAVE=BSQ" ./inputs/phi.tif ./scratch/phi.bsq
Input file size is 600, 600
0...10...20...30...40...50...60...70...80...90...100 - done.
 Allocating additional rasters
 Setting up shared memory, part 2
 Setting up statistics arrays
 ELMFIRE is running each ensemble member
Meteorology band      1: Case #       1 complete.  Fire area:    887.8 acres.
 End of simulation reached successfully. Shutting down.
+ for f in $OUTPUTS_DIR/*.bil
++ basename ./outputs_C20.0_W17/flin_0000001_0043247.bil
++ cut -d. -f1
+ gdal_translate -a_srs 'EPSG: 32610' -co COMPRESS=DEFLATE -co ZLEVEL=9 ./outputs_C20.0_W17/flin_0000001_0043247.bil ./outputs_C20.0_W17/flin_0000001_0043247.tif
Input file size is 600, 600
0...10...20...30...40...50...60...70...80...90...100 - done.
+ for f in $OUTPUTS_DIR/*.bil
++ basename ./outputs_C20.0_W17/time_of_arrival_0000001_0043247.bil
++ cut -d. -f1
+ gdal_translate -a_srs 'EPSG: 32610' -co COMPRESS=DEFLATE -co ZLEVEL=9 ./outputs_C20.0_W17/time_of_arrival_0000001_0043247.bil ./outputs_C20.0_W17/time_of_arrival_0000001_0043247.tif
Input file size is 600, 600
0...10...20...30...40...50...60...70...80...90...100 - done.
+ for f in $OUTPUTS_DIR/*.bil
++ basename ./outputs_C20.0_W17/vs_0000001_0043247.bil
++ cut -d. -f1
+ gdal_translate -a_srs 'EPSG: 32610' -co COMPRESS=DEFLATE -co ZLEVEL=9 ./outputs_C20.0_W17/vs_0000001_0043247.bil ./outputs_C20.0_W17/vs_0000001_0043247.tif
Input file size is 600, 600
0...10...20...30...40...50...60...70...80...90...100 - done.
+ rm -f -r ./outputs_C20.0_W17/fire_size_stats.csv ./outputs_C20.0_W17/timings_firelabserver.csv ./outputs_C20.0_W17/flin_0000001_0043247.bil ./outputs_C20.0_W17/time_of_arrival_0000001_0043247.bil ./outputs_C20.0_W17/vs_0000001_0043247.bil ./outputs_C20.0_W17/flin_0000001_0043247.hdr ./outputs_C20.0_W17/time_of_arrival_0000001_0043247.hdr ./outputs_C20.0_W17/vs_0000001_0043247.hdr ./inputs/ws.tif
+ for WIND_SPEED in $(seq 0 1 30)
+ OUTPUTS_DIR=./outputs_C20.0_W18
+ replace_line OUTPUTS_DIRECTORY ./outputs_C20.0_W18 yes
+ MATCH_PATTERN=OUTPUTS_DIRECTORY
+ NEW_VALUE=./outputs_C20.0_W18
+ IS_STRING=yes
++ grep -n OUTPUTS_DIRECTORY ./inputs/elmfire.data
++ cut -d: -f1
+ LINE=25
+ sed -i '25 d' ./inputs/elmfire.data
+ '[' yes = yes ']'
+ sed -i '25 i OUTPUTS_DIRECTORY = '\''./outputs_C20.0_W18'\''' ./inputs/elmfire.data
+ '[' -d ./outputs_C20.0_W18 ']'
+ mkdir ./outputs_C20.0_W18
+ gdal_calc.py -A ./scratch/float.tif --co=COMPRESS=DEFLATE --co=ZLEVEL=9 --NoDataValue=-9999 --outfile=./inputs/ws.tif '--calc=A + 18'
0...10...20...30...40...50...60...70...80...90...100 - done.
+ /home/dwip/binYiren_SU/elmfire_2024.0916 ./inputs/elmfire.data
 ELMFIRE 2024.0916
 Reading &MISCELLANEOUS namelist group
 Reading &INPUTS namelist group
 Reading &OUTPUTS namelist group
 Reading &COMPUTATIONAL_DOMAIN namelist group
 Reading &TIME_CONTROL namelist group
 Reading &SIMULATOR namelist group
 Reading &WUI namelist group
 Reading &CALIBRATION namelist group
 Reading &SUPPRESSION namelist group
 Reading &SPOTTING namelist group
 Reading &SMOKE namelist group
 Reading &MONTE_CARLO namelist group
 Reading headers for fuels/topography and weather rasters
/usr/bin/gdal_translate -of ENVI -co "INTERLEAVE=BSQ" ./inputs/asp.tif ./scratch/asp.bsq
Input file size is 600, 600
0...10...20...30...40...50...60...70...80...90...100 - done.
/usr/bin/gdal_translate -of ENVI -co "INTERLEAVE=BSQ" ./inputs/ws.tif ./scratch/ws.bsq
Input file size is 600, 600
0...10...20...30...40...50...60...70...80...90...100 - done.
 Setting up shared memory, part 1
 Reading weather, fuel, and topography rasters
/bin/rm -f ./scratch/ws.bsq ./scratch/ws.hdr ./scratch/ws.prj ./scratch/ws.bsq.aux.xml
/usr/bin/gdal_translate -of ENVI -co "INTERLEAVE=BSQ" ./inputs/ws.tif ./scratch/ws.bsq
Input file size is 600, 600
0...10...20...30...40...50...60...70...80...90...100 - done.
/bin/rm -f ./scratch/wd.bsq ./scratch/wd.hdr ./scratch/wd.prj ./scratch/wd.bsq.aux.xml
/usr/bin/gdal_translate -of ENVI -co "INTERLEAVE=BSQ" ./inputs/wd.tif ./scratch/wd.bsq
Input file size is 600, 600
0...10...20...30...40...50...60...70...80...90...100 - done.
/bin/rm -f ./scratch/m1.bsq ./scratch/m1.hdr ./scratch/m1.prj ./scratch/m1.bsq.aux.xml
/usr/bin/gdal_translate -of ENVI -co "INTERLEAVE=BSQ" ./inputs/m1.tif ./scratch/m1.bsq
Input file size is 600, 600
0...10...20...30...40...50...60...70...80...90...100 - done.
/bin/rm -f ./scratch/m10.bsq ./scratch/m10.hdr ./scratch/m10.prj ./scratch/m10.bsq.aux.xml
/usr/bin/gdal_translate -of ENVI -co "INTERLEAVE=BSQ" ./inputs/m10.tif ./scratch/m10.bsq
Input file size is 600, 600
0...10...20...30...40...50...60...70...80...90...100 - done.
/bin/rm -f ./scratch/m100.bsq ./scratch/m100.hdr ./scratch/m100.prj ./scratch/m100.bsq.aux.xml
/usr/bin/gdal_translate -of ENVI -co "INTERLEAVE=BSQ" ./inputs/m100.tif ./scratch/m100.bsq
Input file size is 600, 600
0...10...20...30...40...50...60...70...80...90...100 - done.
 Reading fuel and topography rasters
/bin/rm -f ./scratch/asp.bsq ./scratch/asp.hdr ./scratch/asp.prj ./scratch/asp.bsq.aux.xml
/usr/bin/gdal_translate -of ENVI -co "INTERLEAVE=BSQ" ./inputs/asp.tif ./scratch/asp.bsq
Input file size is 600, 600
0...10...20...30...40...50...60...70...80...90...100 - done.
/bin/rm -f ./scratch/cbh.bsq ./scratch/cbh.hdr ./scratch/cbh.prj ./scratch/cbh.bsq.aux.xml
/usr/bin/gdal_translate -of ENVI -co "INTERLEAVE=BSQ" ./inputs/cbh.tif ./scratch/cbh.bsq
Input file size is 600, 600
0...10...20...30...40...50...60...70...80...90...100 - done.
/bin/rm -f ./scratch/cbd.bsq ./scratch/cbd.hdr ./scratch/cbd.prj ./scratch/cbd.bsq.aux.xml
/usr/bin/gdal_translate -of ENVI -co "INTERLEAVE=BSQ" ./inputs/cbd.tif ./scratch/cbd.bsq
Input file size is 600, 600
0...10...20...30...40...50...60...70...80...90...100 - done.
/bin/rm -f ./scratch/cc.bsq ./scratch/cc.hdr ./scratch/cc.prj ./scratch/cc.bsq.aux.xml
/usr/bin/gdal_translate -of ENVI -co "INTERLEAVE=BSQ" ./inputs/cc.tif ./scratch/cc.bsq
Input file size is 600, 600
0...10...20...30...40...50...60...70...80...90...100 - done.
/bin/rm -f ./scratch/ch.bsq ./scratch/ch.hdr ./scratch/ch.prj ./scratch/ch.bsq.aux.xml
/usr/bin/gdal_translate -of ENVI -co "INTERLEAVE=BSQ" ./inputs/ch.tif ./scratch/ch.bsq
Input file size is 600, 600
0...10...20...30...40...50...60...70...80...90...100 - done.
/bin/rm -f ./scratch/dem.bsq ./scratch/dem.hdr ./scratch/dem.prj ./scratch/dem.bsq.aux.xml
/usr/bin/gdal_translate -of ENVI -co "INTERLEAVE=BSQ" ./inputs/dem.tif ./scratch/dem.bsq
Input file size is 600, 600
0...10...20...30...40...50...60...70...80...90...100 - done.
/bin/rm -f ./scratch/fbfm40.bsq ./scratch/fbfm40.hdr ./scratch/fbfm40.prj ./scratch/fbfm40.bsq.aux.xml
/usr/bin/gdal_translate -of ENVI -co "INTERLEAVE=BSQ" ./inputs/fbfm40.tif ./scratch/fbfm40.bsq
Input file size is 600, 600
0...10...20...30...40...50...60...70...80...90...100 - done.
/bin/rm -f ./scratch/slp.bsq ./scratch/slp.hdr ./scratch/slp.prj ./scratch/slp.bsq.aux.xml
/usr/bin/gdal_translate -of ENVI -co "INTERLEAVE=BSQ" ./inputs/slp.tif ./scratch/slp.bsq
Input file size is 600, 600
0...10...20...30...40...50...60...70...80...90...100 - done.
/bin/rm -f ./scratch/adj.bsq ./scratch/adj.hdr ./scratch/adj.prj ./scratch/adj.bsq.aux.xml
/usr/bin/gdal_translate -of ENVI -co "INTERLEAVE=BSQ" ./inputs/adj.tif ./scratch/adj.bsq
Input file size is 600, 600
0...10...20...30...40...50...60...70...80...90...100 - done.
/bin/rm -f ./scratch/phi.bsq ./scratch/phi.hdr ./scratch/phi.prj ./scratch/phi.bsq.aux.xml
/usr/bin/gdal_translate -of ENVI -co "INTERLEAVE=BSQ" ./inputs/phi.tif ./scratch/phi.bsq
Input file size is 600, 600
0...10...20...30...40...50...60...70...80...90...100 - done.
 Allocating additional rasters
 Setting up shared memory, part 2
 Setting up statistics arrays
 ELMFIRE is running each ensemble member
Meteorology band      1: Case #       1 complete.  Fire area:   1216.1 acres.
 End of simulation reached successfully. Shutting down.
+ for f in $OUTPUTS_DIR/*.bil
++ basename ./outputs_C20.0_W18/flin_0000001_0043289.bil
++ cut -d. -f1
+ gdal_translate -a_srs 'EPSG: 32610' -co COMPRESS=DEFLATE -co ZLEVEL=9 ./outputs_C20.0_W18/flin_0000001_0043289.bil ./outputs_C20.0_W18/flin_0000001_0043289.tif
Input file size is 600, 600
0...10...20...30...40...50...60...70...80...90...100 - done.
+ for f in $OUTPUTS_DIR/*.bil
++ basename ./outputs_C20.0_W18/time_of_arrival_0000001_0043289.bil
++ cut -d. -f1
+ gdal_translate -a_srs 'EPSG: 32610' -co COMPRESS=DEFLATE -co ZLEVEL=9 ./outputs_C20.0_W18/time_of_arrival_0000001_0043289.bil ./outputs_C20.0_W18/time_of_arrival_0000001_0043289.tif
Input file size is 600, 600
0...10...20...30...40...50...60...70...80...90...100 - done.
+ for f in $OUTPUTS_DIR/*.bil
++ basename ./outputs_C20.0_W18/vs_0000001_0043289.bil
++ cut -d. -f1
+ gdal_translate -a_srs 'EPSG: 32610' -co COMPRESS=DEFLATE -co ZLEVEL=9 ./outputs_C20.0_W18/vs_0000001_0043289.bil ./outputs_C20.0_W18/vs_0000001_0043289.tif
Input file size is 600, 600
0...10...20...30...40...50...60...70...80...90...100 - done.
+ rm -f -r ./outputs_C20.0_W18/fire_size_stats.csv ./outputs_C20.0_W18/timings_firelabserver.csv ./outputs_C20.0_W18/flin_0000001_0043289.bil ./outputs_C20.0_W18/time_of_arrival_0000001_0043289.bil ./outputs_C20.0_W18/vs_0000001_0043289.bil ./outputs_C20.0_W18/flin_0000001_0043289.hdr ./outputs_C20.0_W18/time_of_arrival_0000001_0043289.hdr ./outputs_C20.0_W18/vs_0000001_0043289.hdr ./inputs/ws.tif
+ for WIND_SPEED in $(seq 0 1 30)
+ OUTPUTS_DIR=./outputs_C20.0_W19
+ replace_line OUTPUTS_DIRECTORY ./outputs_C20.0_W19 yes
+ MATCH_PATTERN=OUTPUTS_DIRECTORY
+ NEW_VALUE=./outputs_C20.0_W19
+ IS_STRING=yes
++ grep -n OUTPUTS_DIRECTORY ./inputs/elmfire.data
++ cut -d: -f1
+ LINE=25
+ sed -i '25 d' ./inputs/elmfire.data
+ '[' yes = yes ']'
+ sed -i '25 i OUTPUTS_DIRECTORY = '\''./outputs_C20.0_W19'\''' ./inputs/elmfire.data
+ '[' -d ./outputs_C20.0_W19 ']'
+ mkdir ./outputs_C20.0_W19
+ gdal_calc.py -A ./scratch/float.tif --co=COMPRESS=DEFLATE --co=ZLEVEL=9 --NoDataValue=-9999 --outfile=./inputs/ws.tif '--calc=A + 19'
0...10...20...30...40...50...60...70...80...90...100 - done.
+ /home/dwip/binYiren_SU/elmfire_2024.0916 ./inputs/elmfire.data
 ELMFIRE 2024.0916
 Reading &MISCELLANEOUS namelist group
 Reading &INPUTS namelist group
 Reading &OUTPUTS namelist group
 Reading &COMPUTATIONAL_DOMAIN namelist group
 Reading &TIME_CONTROL namelist group
 Reading &SIMULATOR namelist group
 Reading &WUI namelist group
 Reading &CALIBRATION namelist group
 Reading &SUPPRESSION namelist group
 Reading &SPOTTING namelist group
 Reading &SMOKE namelist group
 Reading &MONTE_CARLO namelist group
 Reading headers for fuels/topography and weather rasters
/usr/bin/gdal_translate -of ENVI -co "INTERLEAVE=BSQ" ./inputs/asp.tif ./scratch/asp.bsq
Input file size is 600, 600
0...10...20...30...40...50...60...70...80...90...100 - done.
/usr/bin/gdal_translate -of ENVI -co "INTERLEAVE=BSQ" ./inputs/ws.tif ./scratch/ws.bsq
Input file size is 600, 600
0...10...20...30...40...50...60...70...80...90...100 - done.
 Setting up shared memory, part 1
 Reading weather, fuel, and topography rasters
/bin/rm -f ./scratch/ws.bsq ./scratch/ws.hdr ./scratch/ws.prj ./scratch/ws.bsq.aux.xml
/usr/bin/gdal_translate -of ENVI -co "INTERLEAVE=BSQ" ./inputs/ws.tif ./scratch/ws.bsq
Input file size is 600, 600
0...10...20...30...40...50...60...70...80...90...100 - done.
/bin/rm -f ./scratch/wd.bsq ./scratch/wd.hdr ./scratch/wd.prj ./scratch/wd.bsq.aux.xml
/usr/bin/gdal_translate -of ENVI -co "INTERLEAVE=BSQ" ./inputs/wd.tif ./scratch/wd.bsq
Input file size is 600, 600
0...10...20...30...40...50...60...70...80...90...100 - done.
/bin/rm -f ./scratch/m1.bsq ./scratch/m1.hdr ./scratch/m1.prj ./scratch/m1.bsq.aux.xml
/usr/bin/gdal_translate -of ENVI -co "INTERLEAVE=BSQ" ./inputs/m1.tif ./scratch/m1.bsq
Input file size is 600, 600
0...10...20...30...40...50...60...70...80...90...100 - done.
/bin/rm -f ./scratch/m10.bsq ./scratch/m10.hdr ./scratch/m10.prj ./scratch/m10.bsq.aux.xml
/usr/bin/gdal_translate -of ENVI -co "INTERLEAVE=BSQ" ./inputs/m10.tif ./scratch/m10.bsq
Input file size is 600, 600
0...10...20...30...40...50...60...70...80...90...100 - done.
/bin/rm -f ./scratch/m100.bsq ./scratch/m100.hdr ./scratch/m100.prj ./scratch/m100.bsq.aux.xml
/usr/bin/gdal_translate -of ENVI -co "INTERLEAVE=BSQ" ./inputs/m100.tif ./scratch/m100.bsq
Input file size is 600, 600
0...10...20...30...40...50...60...70...80...90...100 - done.
 Reading fuel and topography rasters
/bin/rm -f ./scratch/asp.bsq ./scratch/asp.hdr ./scratch/asp.prj ./scratch/asp.bsq.aux.xml
/usr/bin/gdal_translate -of ENVI -co "INTERLEAVE=BSQ" ./inputs/asp.tif ./scratch/asp.bsq
Input file size is 600, 600
0...10...20...30...40...50...60...70...80...90...100 - done.
/bin/rm -f ./scratch/cbh.bsq ./scratch/cbh.hdr ./scratch/cbh.prj ./scratch/cbh.bsq.aux.xml
/usr/bin/gdal_translate -of ENVI -co "INTERLEAVE=BSQ" ./inputs/cbh.tif ./scratch/cbh.bsq
Input file size is 600, 600
0...10...20...30...40...50...60...70...80...90...100 - done.
/bin/rm -f ./scratch/cbd.bsq ./scratch/cbd.hdr ./scratch/cbd.prj ./scratch/cbd.bsq.aux.xml
/usr/bin/gdal_translate -of ENVI -co "INTERLEAVE=BSQ" ./inputs/cbd.tif ./scratch/cbd.bsq
Input file size is 600, 600
0...10...20...30...40...50...60...70...80...90...100 - done.
/bin/rm -f ./scratch/cc.bsq ./scratch/cc.hdr ./scratch/cc.prj ./scratch/cc.bsq.aux.xml
/usr/bin/gdal_translate -of ENVI -co "INTERLEAVE=BSQ" ./inputs/cc.tif ./scratch/cc.bsq
Input file size is 600, 600
0...10...20...30...40...50...60...70...80...90...100 - done.
/bin/rm -f ./scratch/ch.bsq ./scratch/ch.hdr ./scratch/ch.prj ./scratch/ch.bsq.aux.xml
/usr/bin/gdal_translate -of ENVI -co "INTERLEAVE=BSQ" ./inputs/ch.tif ./scratch/ch.bsq
Input file size is 600, 600
0...10...20...30...40...50...60...70...80...90...100 - done.
/bin/rm -f ./scratch/dem.bsq ./scratch/dem.hdr ./scratch/dem.prj ./scratch/dem.bsq.aux.xml
/usr/bin/gdal_translate -of ENVI -co "INTERLEAVE=BSQ" ./inputs/dem.tif ./scratch/dem.bsq
Input file size is 600, 600
0...10...20...30...40...50...60...70...80...90...100 - done.
/bin/rm -f ./scratch/fbfm40.bsq ./scratch/fbfm40.hdr ./scratch/fbfm40.prj ./scratch/fbfm40.bsq.aux.xml
/usr/bin/gdal_translate -of ENVI -co "INTERLEAVE=BSQ" ./inputs/fbfm40.tif ./scratch/fbfm40.bsq
Input file size is 600, 600
0...10...20...30...40...50...60...70...80...90...100 - done.
/bin/rm -f ./scratch/slp.bsq ./scratch/slp.hdr ./scratch/slp.prj ./scratch/slp.bsq.aux.xml
/usr/bin/gdal_translate -of ENVI -co "INTERLEAVE=BSQ" ./inputs/slp.tif ./scratch/slp.bsq
Input file size is 600, 600
0...10...20...30...40...50...60...70...80...90...100 - done.
/bin/rm -f ./scratch/adj.bsq ./scratch/adj.hdr ./scratch/adj.prj ./scratch/adj.bsq.aux.xml
/usr/bin/gdal_translate -of ENVI -co "INTERLEAVE=BSQ" ./inputs/adj.tif ./scratch/adj.bsq
Input file size is 600, 600
0...10...20...30...40...50...60...70...80...90...100 - done.
/bin/rm -f ./scratch/phi.bsq ./scratch/phi.hdr ./scratch/phi.prj ./scratch/phi.bsq.aux.xml
/usr/bin/gdal_translate -of ENVI -co "INTERLEAVE=BSQ" ./inputs/phi.tif ./scratch/phi.bsq
Input file size is 600, 600
0...10...20...30...40...50...60...70...80...90...100 - done.
 Allocating additional rasters
 Setting up shared memory, part 2
 Setting up statistics arrays
 ELMFIRE is running each ensemble member
Meteorology band      1: Case #       1 complete.  Fire area:   1641.2 acres.
 End of simulation reached successfully. Shutting down.
+ for f in $OUTPUTS_DIR/*.bil
++ basename ./outputs_C20.0_W19/flin_0000001_0043285.bil
++ cut -d. -f1
+ gdal_translate -a_srs 'EPSG: 32610' -co COMPRESS=DEFLATE -co ZLEVEL=9 ./outputs_C20.0_W19/flin_0000001_0043285.bil ./outputs_C20.0_W19/flin_0000001_0043285.tif
Input file size is 600, 600
0...10...20...30...40...50...60...70...80...90...100 - done.
+ for f in $OUTPUTS_DIR/*.bil
++ basename ./outputs_C20.0_W19/time_of_arrival_0000001_0043285.bil
++ cut -d. -f1
+ gdal_translate -a_srs 'EPSG: 32610' -co COMPRESS=DEFLATE -co ZLEVEL=9 ./outputs_C20.0_W19/time_of_arrival_0000001_0043285.bil ./outputs_C20.0_W19/time_of_arrival_0000001_0043285.tif
Input file size is 600, 600
0...10...20...30...40...50...60...70...80...90...100 - done.
+ for f in $OUTPUTS_DIR/*.bil
++ basename ./outputs_C20.0_W19/vs_0000001_0043285.bil
++ cut -d. -f1
+ gdal_translate -a_srs 'EPSG: 32610' -co COMPRESS=DEFLATE -co ZLEVEL=9 ./outputs_C20.0_W19/vs_0000001_0043285.bil ./outputs_C20.0_W19/vs_0000001_0043285.tif
Input file size is 600, 600
0...10...20...30...40...50...60...70...80...90...100 - done.
+ rm -f -r ./outputs_C20.0_W19/fire_size_stats.csv ./outputs_C20.0_W19/timings_firelabserver.csv ./outputs_C20.0_W19/flin_0000001_0043285.bil ./outputs_C20.0_W19/time_of_arrival_0000001_0043285.bil ./outputs_C20.0_W19/vs_0000001_0043285.bil ./outputs_C20.0_W19/flin_0000001_0043285.hdr ./outputs_C20.0_W19/time_of_arrival_0000001_0043285.hdr ./outputs_C20.0_W19/vs_0000001_0043285.hdr ./inputs/ws.tif
+ for WIND_SPEED in $(seq 0 1 30)
+ OUTPUTS_DIR=./outputs_C20.0_W20
+ replace_line OUTPUTS_DIRECTORY ./outputs_C20.0_W20 yes
+ MATCH_PATTERN=OUTPUTS_DIRECTORY
+ NEW_VALUE=./outputs_C20.0_W20
+ IS_STRING=yes
++ grep -n OUTPUTS_DIRECTORY ./inputs/elmfire.data
++ cut -d: -f1
+ LINE=25
+ sed -i '25 d' ./inputs/elmfire.data
+ '[' yes = yes ']'
+ sed -i '25 i OUTPUTS_DIRECTORY = '\''./outputs_C20.0_W20'\''' ./inputs/elmfire.data
+ '[' -d ./outputs_C20.0_W20 ']'
+ mkdir ./outputs_C20.0_W20
+ gdal_calc.py -A ./scratch/float.tif --co=COMPRESS=DEFLATE --co=ZLEVEL=9 --NoDataValue=-9999 --outfile=./inputs/ws.tif '--calc=A + 20'
0...10...20...30...40...50...60...70...80...90...100 - done.
+ /home/dwip/binYiren_SU/elmfire_2024.0916 ./inputs/elmfire.data
 ELMFIRE 2024.0916
 Reading &MISCELLANEOUS namelist group
 Reading &INPUTS namelist group
 Reading &OUTPUTS namelist group
 Reading &COMPUTATIONAL_DOMAIN namelist group
 Reading &TIME_CONTROL namelist group
 Reading &SIMULATOR namelist group
 Reading &WUI namelist group
 Reading &CALIBRATION namelist group
 Reading &SUPPRESSION namelist group
 Reading &SPOTTING namelist group
 Reading &SMOKE namelist group
 Reading &MONTE_CARLO namelist group
 Reading headers for fuels/topography and weather rasters
/usr/bin/gdal_translate -of ENVI -co "INTERLEAVE=BSQ" ./inputs/asp.tif ./scratch/asp.bsq
Input file size is 600, 600
0...10...20...30...40...50...60...70...80...90...100 - done.
/usr/bin/gdal_translate -of ENVI -co "INTERLEAVE=BSQ" ./inputs/ws.tif ./scratch/ws.bsq
Input file size is 600, 600
0...10...20...30...40...50...60...70...80...90...100 - done.
 Setting up shared memory, part 1
 Reading weather, fuel, and topography rasters
/bin/rm -f ./scratch/ws.bsq ./scratch/ws.hdr ./scratch/ws.prj ./scratch/ws.bsq.aux.xml
/usr/bin/gdal_translate -of ENVI -co "INTERLEAVE=BSQ" ./inputs/ws.tif ./scratch/ws.bsq
Input file size is 600, 600
0...10...20...30...40...50...60...70...80...90...100 - done.
/bin/rm -f ./scratch/wd.bsq ./scratch/wd.hdr ./scratch/wd.prj ./scratch/wd.bsq.aux.xml
/usr/bin/gdal_translate -of ENVI -co "INTERLEAVE=BSQ" ./inputs/wd.tif ./scratch/wd.bsq
Input file size is 600, 600
0...10...20...30...40...50...60...70...80...90...100 - done.
/bin/rm -f ./scratch/m1.bsq ./scratch/m1.hdr ./scratch/m1.prj ./scratch/m1.bsq.aux.xml
/usr/bin/gdal_translate -of ENVI -co "INTERLEAVE=BSQ" ./inputs/m1.tif ./scratch/m1.bsq
Input file size is 600, 600
0...10...20...30...40...50...60...70...80...90...100 - done.
/bin/rm -f ./scratch/m10.bsq ./scratch/m10.hdr ./scratch/m10.prj ./scratch/m10.bsq.aux.xml
/usr/bin/gdal_translate -of ENVI -co "INTERLEAVE=BSQ" ./inputs/m10.tif ./scratch/m10.bsq
Input file size is 600, 600
0...10...20...30...40...50...60...70...80...90...100 - done.
/bin/rm -f ./scratch/m100.bsq ./scratch/m100.hdr ./scratch/m100.prj ./scratch/m100.bsq.aux.xml
/usr/bin/gdal_translate -of ENVI -co "INTERLEAVE=BSQ" ./inputs/m100.tif ./scratch/m100.bsq
Input file size is 600, 600
0...10...20...30...40...50...60...70...80...90...100 - done.
 Reading fuel and topography rasters
/bin/rm -f ./scratch/asp.bsq ./scratch/asp.hdr ./scratch/asp.prj ./scratch/asp.bsq.aux.xml
/usr/bin/gdal_translate -of ENVI -co "INTERLEAVE=BSQ" ./inputs/asp.tif ./scratch/asp.bsq
Input file size is 600, 600
0...10...20...30...40...50...60...70...80...90...100 - done.
/bin/rm -f ./scratch/cbh.bsq ./scratch/cbh.hdr ./scratch/cbh.prj ./scratch/cbh.bsq.aux.xml
/usr/bin/gdal_translate -of ENVI -co "INTERLEAVE=BSQ" ./inputs/cbh.tif ./scratch/cbh.bsq
Input file size is 600, 600
0...10...20...30...40...50...60...70...80...90...100 - done.
/bin/rm -f ./scratch/cbd.bsq ./scratch/cbd.hdr ./scratch/cbd.prj ./scratch/cbd.bsq.aux.xml
/usr/bin/gdal_translate -of ENVI -co "INTERLEAVE=BSQ" ./inputs/cbd.tif ./scratch/cbd.bsq
Input file size is 600, 600
0...10...20...30...40...50...60...70...80...90...100 - done.
/bin/rm -f ./scratch/cc.bsq ./scratch/cc.hdr ./scratch/cc.prj ./scratch/cc.bsq.aux.xml
/usr/bin/gdal_translate -of ENVI -co "INTERLEAVE=BSQ" ./inputs/cc.tif ./scratch/cc.bsq
Input file size is 600, 600
0...10...20...30...40...50...60...70...80...90...100 - done.
/bin/rm -f ./scratch/ch.bsq ./scratch/ch.hdr ./scratch/ch.prj ./scratch/ch.bsq.aux.xml
/usr/bin/gdal_translate -of ENVI -co "INTERLEAVE=BSQ" ./inputs/ch.tif ./scratch/ch.bsq
Input file size is 600, 600
0...10...20...30...40...50...60...70...80...90...100 - done.
/bin/rm -f ./scratch/dem.bsq ./scratch/dem.hdr ./scratch/dem.prj ./scratch/dem.bsq.aux.xml
/usr/bin/gdal_translate -of ENVI -co "INTERLEAVE=BSQ" ./inputs/dem.tif ./scratch/dem.bsq
Input file size is 600, 600
0...10...20...30...40...50...60...70...80...90...100 - done.
/bin/rm -f ./scratch/fbfm40.bsq ./scratch/fbfm40.hdr ./scratch/fbfm40.prj ./scratch/fbfm40.bsq.aux.xml
/usr/bin/gdal_translate -of ENVI -co "INTERLEAVE=BSQ" ./inputs/fbfm40.tif ./scratch/fbfm40.bsq
Input file size is 600, 600
0...10...20...30...40...50...60...70...80...90...100 - done.
/bin/rm -f ./scratch/slp.bsq ./scratch/slp.hdr ./scratch/slp.prj ./scratch/slp.bsq.aux.xml
/usr/bin/gdal_translate -of ENVI -co "INTERLEAVE=BSQ" ./inputs/slp.tif ./scratch/slp.bsq
Input file size is 600, 600
0...10...20...30...40...50...60...70...80...90...100 - done.
/bin/rm -f ./scratch/adj.bsq ./scratch/adj.hdr ./scratch/adj.prj ./scratch/adj.bsq.aux.xml
/usr/bin/gdal_translate -of ENVI -co "INTERLEAVE=BSQ" ./inputs/adj.tif ./scratch/adj.bsq
Input file size is 600, 600
0...10...20...30...40...50...60...70...80...90...100 - done.
/bin/rm -f ./scratch/phi.bsq ./scratch/phi.hdr ./scratch/phi.prj ./scratch/phi.bsq.aux.xml
/usr/bin/gdal_translate -of ENVI -co "INTERLEAVE=BSQ" ./inputs/phi.tif ./scratch/phi.bsq
Input file size is 600, 600
0...10...20...30...40...50...60...70...80...90...100 - done.
 Allocating additional rasters
 Setting up shared memory, part 2
 Setting up statistics arrays
 ELMFIRE is running each ensemble member
Meteorology band      1: Case #       1 complete.  Fire area:   2240.1 acres.
 End of simulation reached successfully. Shutting down.
+ for f in $OUTPUTS_DIR/*.bil
++ basename ./outputs_C20.0_W20/flin_0000001_0043258.bil
++ cut -d. -f1
+ gdal_translate -a_srs 'EPSG: 32610' -co COMPRESS=DEFLATE -co ZLEVEL=9 ./outputs_C20.0_W20/flin_0000001_0043258.bil ./outputs_C20.0_W20/flin_0000001_0043258.tif
Input file size is 600, 600
0...10...20...30...40...50...60...70...80...90...100 - done.
+ for f in $OUTPUTS_DIR/*.bil
++ basename ./outputs_C20.0_W20/time_of_arrival_0000001_0043258.bil
++ cut -d. -f1
+ gdal_translate -a_srs 'EPSG: 32610' -co COMPRESS=DEFLATE -co ZLEVEL=9 ./outputs_C20.0_W20/time_of_arrival_0000001_0043258.bil ./outputs_C20.0_W20/time_of_arrival_0000001_0043258.tif
Input file size is 600, 600
0...10...20...30...40...50...60...70...80...90...100 - done.
+ for f in $OUTPUTS_DIR/*.bil
++ cut -d. -f1
++ basename ./outputs_C20.0_W20/vs_0000001_0043258.bil
+ gdal_translate -a_srs 'EPSG: 32610' -co COMPRESS=DEFLATE -co ZLEVEL=9 ./outputs_C20.0_W20/vs_0000001_0043258.bil ./outputs_C20.0_W20/vs_0000001_0043258.tif
Input file size is 600, 600
0...10...20...30...40...50...60...70...80...90...100 - done.
+ rm -f -r ./outputs_C20.0_W20/fire_size_stats.csv ./outputs_C20.0_W20/timings_firelabserver.csv ./outputs_C20.0_W20/flin_0000001_0043258.bil ./outputs_C20.0_W20/time_of_arrival_0000001_0043258.bil ./outputs_C20.0_W20/vs_0000001_0043258.bil ./outputs_C20.0_W20/flin_0000001_0043258.hdr ./outputs_C20.0_W20/time_of_arrival_0000001_0043258.hdr ./outputs_C20.0_W20/vs_0000001_0043258.hdr ./inputs/ws.tif
+ for WIND_SPEED in $(seq 0 1 30)
+ OUTPUTS_DIR=./outputs_C20.0_W21
+ replace_line OUTPUTS_DIRECTORY ./outputs_C20.0_W21 yes
+ MATCH_PATTERN=OUTPUTS_DIRECTORY
+ NEW_VALUE=./outputs_C20.0_W21
+ IS_STRING=yes
++ grep -n OUTPUTS_DIRECTORY ./inputs/elmfire.data
++ cut -d: -f1
+ LINE=25
+ sed -i '25 d' ./inputs/elmfire.data
+ '[' yes = yes ']'
+ sed -i '25 i OUTPUTS_DIRECTORY = '\''./outputs_C20.0_W21'\''' ./inputs/elmfire.data
+ '[' -d ./outputs_C20.0_W21 ']'
+ mkdir ./outputs_C20.0_W21
+ gdal_calc.py -A ./scratch/float.tif --co=COMPRESS=DEFLATE --co=ZLEVEL=9 --NoDataValue=-9999 --outfile=./inputs/ws.tif '--calc=A + 21'
0...10...20...30...40...50...60...70...80...90...100 - done.
+ /home/dwip/binYiren_SU/elmfire_2024.0916 ./inputs/elmfire.data
 ELMFIRE 2024.0916
 Reading &MISCELLANEOUS namelist group
 Reading &INPUTS namelist group
 Reading &OUTPUTS namelist group
 Reading &COMPUTATIONAL_DOMAIN namelist group
 Reading &TIME_CONTROL namelist group
 Reading &SIMULATOR namelist group
 Reading &WUI namelist group
 Reading &CALIBRATION namelist group
 Reading &SUPPRESSION namelist group
 Reading &SPOTTING namelist group
 Reading &SMOKE namelist group
 Reading &MONTE_CARLO namelist group
 Reading headers for fuels/topography and weather rasters
/usr/bin/gdal_translate -of ENVI -co "INTERLEAVE=BSQ" ./inputs/asp.tif ./scratch/asp.bsq
Input file size is 600, 600
0...10...20...30...40...50...60...70...80...90...100 - done.
/usr/bin/gdal_translate -of ENVI -co "INTERLEAVE=BSQ" ./inputs/ws.tif ./scratch/ws.bsq
Input file size is 600, 600
0...10...20...30...40...50...60...70...80...90...100 - done.
 Setting up shared memory, part 1
 Reading weather, fuel, and topography rasters
/bin/rm -f ./scratch/ws.bsq ./scratch/ws.hdr ./scratch/ws.prj ./scratch/ws.bsq.aux.xml
/usr/bin/gdal_translate -of ENVI -co "INTERLEAVE=BSQ" ./inputs/ws.tif ./scratch/ws.bsq
Input file size is 600, 600
0...10...20...30...40...50...60...70...80...90...100 - done.
/bin/rm -f ./scratch/wd.bsq ./scratch/wd.hdr ./scratch/wd.prj ./scratch/wd.bsq.aux.xml
/usr/bin/gdal_translate -of ENVI -co "INTERLEAVE=BSQ" ./inputs/wd.tif ./scratch/wd.bsq
Input file size is 600, 600
0...10...20...30...40...50...60...70...80...90...100 - done.
/bin/rm -f ./scratch/m1.bsq ./scratch/m1.hdr ./scratch/m1.prj ./scratch/m1.bsq.aux.xml
/usr/bin/gdal_translate -of ENVI -co "INTERLEAVE=BSQ" ./inputs/m1.tif ./scratch/m1.bsq
Input file size is 600, 600
0...10...20...30...40...50...60...70...80...90...100 - done.
/bin/rm -f ./scratch/m10.bsq ./scratch/m10.hdr ./scratch/m10.prj ./scratch/m10.bsq.aux.xml
/usr/bin/gdal_translate -of ENVI -co "INTERLEAVE=BSQ" ./inputs/m10.tif ./scratch/m10.bsq
Input file size is 600, 600
0...10...20...30...40...50...60...70...80...90...100 - done.
/bin/rm -f ./scratch/m100.bsq ./scratch/m100.hdr ./scratch/m100.prj ./scratch/m100.bsq.aux.xml
/usr/bin/gdal_translate -of ENVI -co "INTERLEAVE=BSQ" ./inputs/m100.tif ./scratch/m100.bsq
Input file size is 600, 600
0...10...20...30...40...50...60...70...80...90...100 - done.
 Reading fuel and topography rasters
/bin/rm -f ./scratch/asp.bsq ./scratch/asp.hdr ./scratch/asp.prj ./scratch/asp.bsq.aux.xml
/usr/bin/gdal_translate -of ENVI -co "INTERLEAVE=BSQ" ./inputs/asp.tif ./scratch/asp.bsq
Input file size is 600, 600
0...10...20...30...40...50...60...70...80...90...100 - done.
/bin/rm -f ./scratch/cbh.bsq ./scratch/cbh.hdr ./scratch/cbh.prj ./scratch/cbh.bsq.aux.xml
/usr/bin/gdal_translate -of ENVI -co "INTERLEAVE=BSQ" ./inputs/cbh.tif ./scratch/cbh.bsq
Input file size is 600, 600
0...10...20...30...40...50...60...70...80...90...100 - done.
/bin/rm -f ./scratch/cbd.bsq ./scratch/cbd.hdr ./scratch/cbd.prj ./scratch/cbd.bsq.aux.xml
/usr/bin/gdal_translate -of ENVI -co "INTERLEAVE=BSQ" ./inputs/cbd.tif ./scratch/cbd.bsq
Input file size is 600, 600
0...10...20...30...40...50...60...70...80...90...100 - done.
/bin/rm -f ./scratch/cc.bsq ./scratch/cc.hdr ./scratch/cc.prj ./scratch/cc.bsq.aux.xml
/usr/bin/gdal_translate -of ENVI -co "INTERLEAVE=BSQ" ./inputs/cc.tif ./scratch/cc.bsq
Input file size is 600, 600
0...10...20...30...40...50...60...70...80...90...100 - done.
/bin/rm -f ./scratch/ch.bsq ./scratch/ch.hdr ./scratch/ch.prj ./scratch/ch.bsq.aux.xml
/usr/bin/gdal_translate -of ENVI -co "INTERLEAVE=BSQ" ./inputs/ch.tif ./scratch/ch.bsq
Input file size is 600, 600
0...10...20...30...40...50...60...70...80...90...100 - done.
/bin/rm -f ./scratch/dem.bsq ./scratch/dem.hdr ./scratch/dem.prj ./scratch/dem.bsq.aux.xml
/usr/bin/gdal_translate -of ENVI -co "INTERLEAVE=BSQ" ./inputs/dem.tif ./scratch/dem.bsq
Input file size is 600, 600
0...10...20...30...40...50...60...70...80...90...100 - done.
/bin/rm -f ./scratch/fbfm40.bsq ./scratch/fbfm40.hdr ./scratch/fbfm40.prj ./scratch/fbfm40.bsq.aux.xml
/usr/bin/gdal_translate -of ENVI -co "INTERLEAVE=BSQ" ./inputs/fbfm40.tif ./scratch/fbfm40.bsq
Input file size is 600, 600
0...10...20...30...40...50...60...70...80...90...100 - done.
/bin/rm -f ./scratch/slp.bsq ./scratch/slp.hdr ./scratch/slp.prj ./scratch/slp.bsq.aux.xml
/usr/bin/gdal_translate -of ENVI -co "INTERLEAVE=BSQ" ./inputs/slp.tif ./scratch/slp.bsq
Input file size is 600, 600
0...10...20...30...40...50...60...70...80...90...100 - done.
/bin/rm -f ./scratch/adj.bsq ./scratch/adj.hdr ./scratch/adj.prj ./scratch/adj.bsq.aux.xml
/usr/bin/gdal_translate -of ENVI -co "INTERLEAVE=BSQ" ./inputs/adj.tif ./scratch/adj.bsq
Input file size is 600, 600
0...10...20...30...40...50...60...70...80...90...100 - done.
/bin/rm -f ./scratch/phi.bsq ./scratch/phi.hdr ./scratch/phi.prj ./scratch/phi.bsq.aux.xml
/usr/bin/gdal_translate -of ENVI -co "INTERLEAVE=BSQ" ./inputs/phi.tif ./scratch/phi.bsq
Input file size is 600, 600
0...10...20...30...40...50...60...70...80...90...100 - done.
 Allocating additional rasters
 Setting up shared memory, part 2
 Setting up statistics arrays
 ELMFIRE is running each ensemble member
Meteorology band      1: Case #       1 complete.  Fire area:   3137.1 acres.
 End of simulation reached successfully. Shutting down.
+ for f in $OUTPUTS_DIR/*.bil
++ basename ./outputs_C20.0_W21/flin_0000001_0043267.bil
++ cut -d. -f1
+ gdal_translate -a_srs 'EPSG: 32610' -co COMPRESS=DEFLATE -co ZLEVEL=9 ./outputs_C20.0_W21/flin_0000001_0043267.bil ./outputs_C20.0_W21/flin_0000001_0043267.tif
Input file size is 600, 600
0...10...20...30...40...50...60...70...80...90...100 - done.
+ for f in $OUTPUTS_DIR/*.bil
++ basename ./outputs_C20.0_W21/time_of_arrival_0000001_0043267.bil
++ cut -d. -f1
+ gdal_translate -a_srs 'EPSG: 32610' -co COMPRESS=DEFLATE -co ZLEVEL=9 ./outputs_C20.0_W21/time_of_arrival_0000001_0043267.bil ./outputs_C20.0_W21/time_of_arrival_0000001_0043267.tif
Input file size is 600, 600
0...10...20...30...40...50...60...70...80...90...100 - done.
+ for f in $OUTPUTS_DIR/*.bil
++ basename ./outputs_C20.0_W21/vs_0000001_0043267.bil
++ cut -d. -f1
+ gdal_translate -a_srs 'EPSG: 32610' -co COMPRESS=DEFLATE -co ZLEVEL=9 ./outputs_C20.0_W21/vs_0000001_0043267.bil ./outputs_C20.0_W21/vs_0000001_0043267.tif
Input file size is 600, 600
0...10...20...30...40...50...60...70...80...90...100 - done.
+ rm -f -r ./outputs_C20.0_W21/fire_size_stats.csv ./outputs_C20.0_W21/timings_firelabserver.csv ./outputs_C20.0_W21/flin_0000001_0043267.bil ./outputs_C20.0_W21/time_of_arrival_0000001_0043267.bil ./outputs_C20.0_W21/vs_0000001_0043267.bil ./outputs_C20.0_W21/flin_0000001_0043267.hdr ./outputs_C20.0_W21/time_of_arrival_0000001_0043267.hdr ./outputs_C20.0_W21/vs_0000001_0043267.hdr ./inputs/ws.tif
+ for WIND_SPEED in $(seq 0 1 30)
+ OUTPUTS_DIR=./outputs_C20.0_W22
+ replace_line OUTPUTS_DIRECTORY ./outputs_C20.0_W22 yes
+ MATCH_PATTERN=OUTPUTS_DIRECTORY
+ NEW_VALUE=./outputs_C20.0_W22
+ IS_STRING=yes
++ grep -n OUTPUTS_DIRECTORY ./inputs/elmfire.data
++ cut -d: -f1
+ LINE=25
+ sed -i '25 d' ./inputs/elmfire.data
+ '[' yes = yes ']'
+ sed -i '25 i OUTPUTS_DIRECTORY = '\''./outputs_C20.0_W22'\''' ./inputs/elmfire.data
+ '[' -d ./outputs_C20.0_W22 ']'
+ mkdir ./outputs_C20.0_W22
+ gdal_calc.py -A ./scratch/float.tif --co=COMPRESS=DEFLATE --co=ZLEVEL=9 --NoDataValue=-9999 --outfile=./inputs/ws.tif '--calc=A + 22'
0...10...20...30...40...50...60...70...80...90...100 - done.
+ /home/dwip/binYiren_SU/elmfire_2024.0916 ./inputs/elmfire.data
 ELMFIRE 2024.0916
 Reading &MISCELLANEOUS namelist group
 Reading &INPUTS namelist group
 Reading &OUTPUTS namelist group
 Reading &COMPUTATIONAL_DOMAIN namelist group
 Reading &TIME_CONTROL namelist group
 Reading &SIMULATOR namelist group
 Reading &WUI namelist group
 Reading &CALIBRATION namelist group
 Reading &SUPPRESSION namelist group
 Reading &SPOTTING namelist group
 Reading &SMOKE namelist group
 Reading &MONTE_CARLO namelist group
 Reading headers for fuels/topography and weather rasters
/usr/bin/gdal_translate -of ENVI -co "INTERLEAVE=BSQ" ./inputs/asp.tif ./scratch/asp.bsq
Input file size is 600, 600
0...10...20...30...40...50...60...70...80...90...100 - done.
/usr/bin/gdal_translate -of ENVI -co "INTERLEAVE=BSQ" ./inputs/ws.tif ./scratch/ws.bsq
Input file size is 600, 600
0...10...20...30...40...50...60...70...80...90...100 - done.
 Setting up shared memory, part 1
 Reading weather, fuel, and topography rasters
/bin/rm -f ./scratch/ws.bsq ./scratch/ws.hdr ./scratch/ws.prj ./scratch/ws.bsq.aux.xml
/usr/bin/gdal_translate -of ENVI -co "INTERLEAVE=BSQ" ./inputs/ws.tif ./scratch/ws.bsq
Input file size is 600, 600
0...10...20...30...40...50...60...70...80...90...100 - done.
/bin/rm -f ./scratch/wd.bsq ./scratch/wd.hdr ./scratch/wd.prj ./scratch/wd.bsq.aux.xml
/usr/bin/gdal_translate -of ENVI -co "INTERLEAVE=BSQ" ./inputs/wd.tif ./scratch/wd.bsq
Input file size is 600, 600
0...10...20...30...40...50...60...70...80...90...100 - done.
/bin/rm -f ./scratch/m1.bsq ./scratch/m1.hdr ./scratch/m1.prj ./scratch/m1.bsq.aux.xml
/usr/bin/gdal_translate -of ENVI -co "INTERLEAVE=BSQ" ./inputs/m1.tif ./scratch/m1.bsq
Input file size is 600, 600
0...10...20...30...40...50...60...70...80...90...100 - done.
/bin/rm -f ./scratch/m10.bsq ./scratch/m10.hdr ./scratch/m10.prj ./scratch/m10.bsq.aux.xml
/usr/bin/gdal_translate -of ENVI -co "INTERLEAVE=BSQ" ./inputs/m10.tif ./scratch/m10.bsq
Input file size is 600, 600
0...10...20...30...40...50...60...70...80...90...100 - done.
/bin/rm -f ./scratch/m100.bsq ./scratch/m100.hdr ./scratch/m100.prj ./scratch/m100.bsq.aux.xml
/usr/bin/gdal_translate -of ENVI -co "INTERLEAVE=BSQ" ./inputs/m100.tif ./scratch/m100.bsq
Input file size is 600, 600
0...10...20...30...40...50...60...70...80...90...100 - done.
 Reading fuel and topography rasters
/bin/rm -f ./scratch/asp.bsq ./scratch/asp.hdr ./scratch/asp.prj ./scratch/asp.bsq.aux.xml
/usr/bin/gdal_translate -of ENVI -co "INTERLEAVE=BSQ" ./inputs/asp.tif ./scratch/asp.bsq
Input file size is 600, 600
0...10...20...30...40...50...60...70...80...90...100 - done.
/bin/rm -f ./scratch/cbh.bsq ./scratch/cbh.hdr ./scratch/cbh.prj ./scratch/cbh.bsq.aux.xml
/usr/bin/gdal_translate -of ENVI -co "INTERLEAVE=BSQ" ./inputs/cbh.tif ./scratch/cbh.bsq
Input file size is 600, 600
0...10...20...30...40...50...60...70...80...90...100 - done.
/bin/rm -f ./scratch/cbd.bsq ./scratch/cbd.hdr ./scratch/cbd.prj ./scratch/cbd.bsq.aux.xml
/usr/bin/gdal_translate -of ENVI -co "INTERLEAVE=BSQ" ./inputs/cbd.tif ./scratch/cbd.bsq
Input file size is 600, 600
0...10...20...30...40...50...60...70...80...90...100 - done.
/bin/rm -f ./scratch/cc.bsq ./scratch/cc.hdr ./scratch/cc.prj ./scratch/cc.bsq.aux.xml
/usr/bin/gdal_translate -of ENVI -co "INTERLEAVE=BSQ" ./inputs/cc.tif ./scratch/cc.bsq
Input file size is 600, 600
0...10...20...30...40...50...60...70...80...90...100 - done.
/bin/rm -f ./scratch/ch.bsq ./scratch/ch.hdr ./scratch/ch.prj ./scratch/ch.bsq.aux.xml
/usr/bin/gdal_translate -of ENVI -co "INTERLEAVE=BSQ" ./inputs/ch.tif ./scratch/ch.bsq
Input file size is 600, 600
0...10...20...30...40...50...60...70...80...90...100 - done.
/bin/rm -f ./scratch/dem.bsq ./scratch/dem.hdr ./scratch/dem.prj ./scratch/dem.bsq.aux.xml
/usr/bin/gdal_translate -of ENVI -co "INTERLEAVE=BSQ" ./inputs/dem.tif ./scratch/dem.bsq
Input file size is 600, 600
0...10...20...30...40...50...60...70...80...90...100 - done.
/bin/rm -f ./scratch/fbfm40.bsq ./scratch/fbfm40.hdr ./scratch/fbfm40.prj ./scratch/fbfm40.bsq.aux.xml
/usr/bin/gdal_translate -of ENVI -co "INTERLEAVE=BSQ" ./inputs/fbfm40.tif ./scratch/fbfm40.bsq
Input file size is 600, 600
0...10...20...30...40...50...60...70...80...90...100 - done.
/bin/rm -f ./scratch/slp.bsq ./scratch/slp.hdr ./scratch/slp.prj ./scratch/slp.bsq.aux.xml
/usr/bin/gdal_translate -of ENVI -co "INTERLEAVE=BSQ" ./inputs/slp.tif ./scratch/slp.bsq
Input file size is 600, 600
0...10...20...30...40...50...60...70...80...90...100 - done.
/bin/rm -f ./scratch/adj.bsq ./scratch/adj.hdr ./scratch/adj.prj ./scratch/adj.bsq.aux.xml
/usr/bin/gdal_translate -of ENVI -co "INTERLEAVE=BSQ" ./inputs/adj.tif ./scratch/adj.bsq
Input file size is 600, 600
0...10...20...30...40...50...60...70...80...90...100 - done.
/bin/rm -f ./scratch/phi.bsq ./scratch/phi.hdr ./scratch/phi.prj ./scratch/phi.bsq.aux.xml
/usr/bin/gdal_translate -of ENVI -co "INTERLEAVE=BSQ" ./inputs/phi.tif ./scratch/phi.bsq
Input file size is 600, 600
0...10...20...30...40...50...60...70...80...90...100 - done.
 Allocating additional rasters
 Setting up shared memory, part 2
 Setting up statistics arrays
 ELMFIRE is running each ensemble member
Meteorology band      1: Case #       1 complete.  Fire area:   4463.9 acres.
 End of simulation reached successfully. Shutting down.
+ for f in $OUTPUTS_DIR/*.bil
++ basename ./outputs_C20.0_W22/flin_0000001_0043238.bil
++ cut -d. -f1
+ gdal_translate -a_srs 'EPSG: 32610' -co COMPRESS=DEFLATE -co ZLEVEL=9 ./outputs_C20.0_W22/flin_0000001_0043238.bil ./outputs_C20.0_W22/flin_0000001_0043238.tif
Input file size is 600, 600
0...10...20...30...40...50...60...70...80...90...100 - done.
+ for f in $OUTPUTS_DIR/*.bil
++ basename ./outputs_C20.0_W22/time_of_arrival_0000001_0043238.bil
++ cut -d. -f1
+ gdal_translate -a_srs 'EPSG: 32610' -co COMPRESS=DEFLATE -co ZLEVEL=9 ./outputs_C20.0_W22/time_of_arrival_0000001_0043238.bil ./outputs_C20.0_W22/time_of_arrival_0000001_0043238.tif
Input file size is 600, 600
0...10...20...30...40...50...60...70...80...90...100 - done.
+ for f in $OUTPUTS_DIR/*.bil
++ basename ./outputs_C20.0_W22/vs_0000001_0043238.bil
++ cut -d. -f1
+ gdal_translate -a_srs 'EPSG: 32610' -co COMPRESS=DEFLATE -co ZLEVEL=9 ./outputs_C20.0_W22/vs_0000001_0043238.bil ./outputs_C20.0_W22/vs_0000001_0043238.tif
Input file size is 600, 600
0...10...20...30...40...50...60...70...80...90...100 - done.
+ rm -f -r ./outputs_C20.0_W22/fire_size_stats.csv ./outputs_C20.0_W22/timings_firelabserver.csv ./outputs_C20.0_W22/flin_0000001_0043238.bil ./outputs_C20.0_W22/time_of_arrival_0000001_0043238.bil ./outputs_C20.0_W22/vs_0000001_0043238.bil ./outputs_C20.0_W22/flin_0000001_0043238.hdr ./outputs_C20.0_W22/time_of_arrival_0000001_0043238.hdr ./outputs_C20.0_W22/vs_0000001_0043238.hdr ./inputs/ws.tif
+ for WIND_SPEED in $(seq 0 1 30)
+ OUTPUTS_DIR=./outputs_C20.0_W23
+ replace_line OUTPUTS_DIRECTORY ./outputs_C20.0_W23 yes
+ MATCH_PATTERN=OUTPUTS_DIRECTORY
+ NEW_VALUE=./outputs_C20.0_W23
+ IS_STRING=yes
++ grep -n OUTPUTS_DIRECTORY ./inputs/elmfire.data
++ cut -d: -f1
+ LINE=25
+ sed -i '25 d' ./inputs/elmfire.data
+ '[' yes = yes ']'
+ sed -i '25 i OUTPUTS_DIRECTORY = '\''./outputs_C20.0_W23'\''' ./inputs/elmfire.data
+ '[' -d ./outputs_C20.0_W23 ']'
+ mkdir ./outputs_C20.0_W23
+ gdal_calc.py -A ./scratch/float.tif --co=COMPRESS=DEFLATE --co=ZLEVEL=9 --NoDataValue=-9999 --outfile=./inputs/ws.tif '--calc=A + 23'
0...10...20...30...40...50...60...70...80...90...100 - done.
+ /home/dwip/binYiren_SU/elmfire_2024.0916 ./inputs/elmfire.data
 ELMFIRE 2024.0916
 Reading &MISCELLANEOUS namelist group
 Reading &INPUTS namelist group
 Reading &OUTPUTS namelist group
 Reading &COMPUTATIONAL_DOMAIN namelist group
 Reading &TIME_CONTROL namelist group
 Reading &SIMULATOR namelist group
 Reading &WUI namelist group
 Reading &CALIBRATION namelist group
 Reading &SUPPRESSION namelist group
 Reading &SPOTTING namelist group
 Reading &SMOKE namelist group
 Reading &MONTE_CARLO namelist group
 Reading headers for fuels/topography and weather rasters
/usr/bin/gdal_translate -of ENVI -co "INTERLEAVE=BSQ" ./inputs/asp.tif ./scratch/asp.bsq
Input file size is 600, 600
0...10...20...30...40...50...60...70...80...90...100 - done.
/usr/bin/gdal_translate -of ENVI -co "INTERLEAVE=BSQ" ./inputs/ws.tif ./scratch/ws.bsq
Input file size is 600, 600
0...10...20...30...40...50...60...70...80...90...100 - done.
 Setting up shared memory, part 1
 Reading weather, fuel, and topography rasters
/bin/rm -f ./scratch/ws.bsq ./scratch/ws.hdr ./scratch/ws.prj ./scratch/ws.bsq.aux.xml
/usr/bin/gdal_translate -of ENVI -co "INTERLEAVE=BSQ" ./inputs/ws.tif ./scratch/ws.bsq
Input file size is 600, 600
0...10...20...30...40...50...60...70...80...90...100 - done.
/bin/rm -f ./scratch/wd.bsq ./scratch/wd.hdr ./scratch/wd.prj ./scratch/wd.bsq.aux.xml
/usr/bin/gdal_translate -of ENVI -co "INTERLEAVE=BSQ" ./inputs/wd.tif ./scratch/wd.bsq
Input file size is 600, 600
0...10...20...30...40...50...60...70...80...90...100 - done.
/bin/rm -f ./scratch/m1.bsq ./scratch/m1.hdr ./scratch/m1.prj ./scratch/m1.bsq.aux.xml
/usr/bin/gdal_translate -of ENVI -co "INTERLEAVE=BSQ" ./inputs/m1.tif ./scratch/m1.bsq
Input file size is 600, 600
0...10...20...30...40...50...60...70...80...90...100 - done.
/bin/rm -f ./scratch/m10.bsq ./scratch/m10.hdr ./scratch/m10.prj ./scratch/m10.bsq.aux.xml
/usr/bin/gdal_translate -of ENVI -co "INTERLEAVE=BSQ" ./inputs/m10.tif ./scratch/m10.bsq
Input file size is 600, 600
0...10...20...30...40...50...60...70...80...90...100 - done.
/bin/rm -f ./scratch/m100.bsq ./scratch/m100.hdr ./scratch/m100.prj ./scratch/m100.bsq.aux.xml
/usr/bin/gdal_translate -of ENVI -co "INTERLEAVE=BSQ" ./inputs/m100.tif ./scratch/m100.bsq
Input file size is 600, 600
0...10...20...30...40...50...60...70...80...90...100 - done.
 Reading fuel and topography rasters
/bin/rm -f ./scratch/asp.bsq ./scratch/asp.hdr ./scratch/asp.prj ./scratch/asp.bsq.aux.xml
/usr/bin/gdal_translate -of ENVI -co "INTERLEAVE=BSQ" ./inputs/asp.tif ./scratch/asp.bsq
Input file size is 600, 600
0...10...20...30...40...50...60...70...80...90...100 - done.
/bin/rm -f ./scratch/cbh.bsq ./scratch/cbh.hdr ./scratch/cbh.prj ./scratch/cbh.bsq.aux.xml
/usr/bin/gdal_translate -of ENVI -co "INTERLEAVE=BSQ" ./inputs/cbh.tif ./scratch/cbh.bsq
Input file size is 600, 600
0...10...20...30...40...50...60...70...80...90...100 - done.
/bin/rm -f ./scratch/cbd.bsq ./scratch/cbd.hdr ./scratch/cbd.prj ./scratch/cbd.bsq.aux.xml
/usr/bin/gdal_translate -of ENVI -co "INTERLEAVE=BSQ" ./inputs/cbd.tif ./scratch/cbd.bsq
Input file size is 600, 600
0...10...20...30...40...50...60...70...80...90...100 - done.
/bin/rm -f ./scratch/cc.bsq ./scratch/cc.hdr ./scratch/cc.prj ./scratch/cc.bsq.aux.xml
/usr/bin/gdal_translate -of ENVI -co "INTERLEAVE=BSQ" ./inputs/cc.tif ./scratch/cc.bsq
Input file size is 600, 600
0...10...20...30...40...50...60...70...80...90...100 - done.
/bin/rm -f ./scratch/ch.bsq ./scratch/ch.hdr ./scratch/ch.prj ./scratch/ch.bsq.aux.xml
/usr/bin/gdal_translate -of ENVI -co "INTERLEAVE=BSQ" ./inputs/ch.tif ./scratch/ch.bsq
Input file size is 600, 600
0...10...20...30...40...50...60...70...80...90...100 - done.
/bin/rm -f ./scratch/dem.bsq ./scratch/dem.hdr ./scratch/dem.prj ./scratch/dem.bsq.aux.xml
/usr/bin/gdal_translate -of ENVI -co "INTERLEAVE=BSQ" ./inputs/dem.tif ./scratch/dem.bsq
Input file size is 600, 600
0...10...20...30...40...50...60...70...80...90...100 - done.
/bin/rm -f ./scratch/fbfm40.bsq ./scratch/fbfm40.hdr ./scratch/fbfm40.prj ./scratch/fbfm40.bsq.aux.xml
/usr/bin/gdal_translate -of ENVI -co "INTERLEAVE=BSQ" ./inputs/fbfm40.tif ./scratch/fbfm40.bsq
Input file size is 600, 600
0...10...20...30...40...50...60...70...80...90...100 - done.
/bin/rm -f ./scratch/slp.bsq ./scratch/slp.hdr ./scratch/slp.prj ./scratch/slp.bsq.aux.xml
/usr/bin/gdal_translate -of ENVI -co "INTERLEAVE=BSQ" ./inputs/slp.tif ./scratch/slp.bsq
Input file size is 600, 600
0...10...20...30...40...50...60...70...80...90...100 - done.
/bin/rm -f ./scratch/adj.bsq ./scratch/adj.hdr ./scratch/adj.prj ./scratch/adj.bsq.aux.xml
/usr/bin/gdal_translate -of ENVI -co "INTERLEAVE=BSQ" ./inputs/adj.tif ./scratch/adj.bsq
Input file size is 600, 600
0...10...20...30...40...50...60...70...80...90...100 - done.
/bin/rm -f ./scratch/phi.bsq ./scratch/phi.hdr ./scratch/phi.prj ./scratch/phi.bsq.aux.xml
/usr/bin/gdal_translate -of ENVI -co "INTERLEAVE=BSQ" ./inputs/phi.tif ./scratch/phi.bsq
Input file size is 600, 600
0...10...20...30...40...50...60...70...80...90...100 - done.
 Allocating additional rasters
 Setting up shared memory, part 2
 Setting up statistics arrays
 ELMFIRE is running each ensemble member
Meteorology band      1: Case #       1 complete.  Fire area:   4208.1 acres.
 End of simulation reached successfully. Shutting down.
+ for f in $OUTPUTS_DIR/*.bil
++ basename ./outputs_C20.0_W23/flin_0000001_0043236.bil
++ cut -d. -f1
+ gdal_translate -a_srs 'EPSG: 32610' -co COMPRESS=DEFLATE -co ZLEVEL=9 ./outputs_C20.0_W23/flin_0000001_0043236.bil ./outputs_C20.0_W23/flin_0000001_0043236.tif
Input file size is 600, 600
0...10...20...30...40...50...60...70...80...90...100 - done.
+ for f in $OUTPUTS_DIR/*.bil
++ cut -d. -f1
++ basename ./outputs_C20.0_W23/time_of_arrival_0000001_0043236.bil
+ gdal_translate -a_srs 'EPSG: 32610' -co COMPRESS=DEFLATE -co ZLEVEL=9 ./outputs_C20.0_W23/time_of_arrival_0000001_0043236.bil ./outputs_C20.0_W23/time_of_arrival_0000001_0043236.tif
Input file size is 600, 600
0...10...20...30...40...50...60...70...80...90...100 - done.
+ for f in $OUTPUTS_DIR/*.bil
++ basename ./outputs_C20.0_W23/vs_0000001_0043236.bil
++ cut -d. -f1
+ gdal_translate -a_srs 'EPSG: 32610' -co COMPRESS=DEFLATE -co ZLEVEL=9 ./outputs_C20.0_W23/vs_0000001_0043236.bil ./outputs_C20.0_W23/vs_0000001_0043236.tif
Input file size is 600, 600
0...10...20...30...40...50...60...70...80...90...100 - done.
+ rm -f -r ./outputs_C20.0_W23/fire_size_stats.csv ./outputs_C20.0_W23/timings_firelabserver.csv ./outputs_C20.0_W23/flin_0000001_0043236.bil ./outputs_C20.0_W23/time_of_arrival_0000001_0043236.bil ./outputs_C20.0_W23/vs_0000001_0043236.bil ./outputs_C20.0_W23/flin_0000001_0043236.hdr ./outputs_C20.0_W23/time_of_arrival_0000001_0043236.hdr ./outputs_C20.0_W23/vs_0000001_0043236.hdr ./inputs/ws.tif
+ for WIND_SPEED in $(seq 0 1 30)
+ OUTPUTS_DIR=./outputs_C20.0_W24
+ replace_line OUTPUTS_DIRECTORY ./outputs_C20.0_W24 yes
+ MATCH_PATTERN=OUTPUTS_DIRECTORY
+ NEW_VALUE=./outputs_C20.0_W24
+ IS_STRING=yes
++ grep -n OUTPUTS_DIRECTORY ./inputs/elmfire.data
++ cut -d: -f1
+ LINE=25
+ sed -i '25 d' ./inputs/elmfire.data
+ '[' yes = yes ']'
+ sed -i '25 i OUTPUTS_DIRECTORY = '\''./outputs_C20.0_W24'\''' ./inputs/elmfire.data
+ '[' -d ./outputs_C20.0_W24 ']'
+ mkdir ./outputs_C20.0_W24
+ gdal_calc.py -A ./scratch/float.tif --co=COMPRESS=DEFLATE --co=ZLEVEL=9 --NoDataValue=-9999 --outfile=./inputs/ws.tif '--calc=A + 24'
0...10...20...30...40...50...60...70...80...90...100 - done.
+ /home/dwip/binYiren_SU/elmfire_2024.0916 ./inputs/elmfire.data
 ELMFIRE 2024.0916
 Reading &MISCELLANEOUS namelist group
 Reading &INPUTS namelist group
 Reading &OUTPUTS namelist group
 Reading &COMPUTATIONAL_DOMAIN namelist group
 Reading &TIME_CONTROL namelist group
 Reading &SIMULATOR namelist group
 Reading &WUI namelist group
 Reading &CALIBRATION namelist group
 Reading &SUPPRESSION namelist group
 Reading &SPOTTING namelist group
 Reading &SMOKE namelist group
 Reading &MONTE_CARLO namelist group
 Reading headers for fuels/topography and weather rasters
/usr/bin/gdal_translate -of ENVI -co "INTERLEAVE=BSQ" ./inputs/asp.tif ./scratch/asp.bsq
Input file size is 600, 600
0...10...20...30...40...50...60...70...80...90...100 - done.
/usr/bin/gdal_translate -of ENVI -co "INTERLEAVE=BSQ" ./inputs/ws.tif ./scratch/ws.bsq
Input file size is 600, 600
0...10...20...30...40...50...60...70...80...90...100 - done.
 Setting up shared memory, part 1
 Reading weather, fuel, and topography rasters
/bin/rm -f ./scratch/ws.bsq ./scratch/ws.hdr ./scratch/ws.prj ./scratch/ws.bsq.aux.xml
/usr/bin/gdal_translate -of ENVI -co "INTERLEAVE=BSQ" ./inputs/ws.tif ./scratch/ws.bsq
Input file size is 600, 600
0...10...20...30...40...50...60...70...80...90...100 - done.
/bin/rm -f ./scratch/wd.bsq ./scratch/wd.hdr ./scratch/wd.prj ./scratch/wd.bsq.aux.xml
/usr/bin/gdal_translate -of ENVI -co "INTERLEAVE=BSQ" ./inputs/wd.tif ./scratch/wd.bsq
Input file size is 600, 600
0...10...20...30...40...50...60...70...80...90...100 - done.
/bin/rm -f ./scratch/m1.bsq ./scratch/m1.hdr ./scratch/m1.prj ./scratch/m1.bsq.aux.xml
/usr/bin/gdal_translate -of ENVI -co "INTERLEAVE=BSQ" ./inputs/m1.tif ./scratch/m1.bsq
Input file size is 600, 600
0...10...20...30...40...50...60...70...80...90...100 - done.
/bin/rm -f ./scratch/m10.bsq ./scratch/m10.hdr ./scratch/m10.prj ./scratch/m10.bsq.aux.xml
/usr/bin/gdal_translate -of ENVI -co "INTERLEAVE=BSQ" ./inputs/m10.tif ./scratch/m10.bsq
Input file size is 600, 600
0...10...20...30...40...50...60...70...80...90...100 - done.
/bin/rm -f ./scratch/m100.bsq ./scratch/m100.hdr ./scratch/m100.prj ./scratch/m100.bsq.aux.xml
/usr/bin/gdal_translate -of ENVI -co "INTERLEAVE=BSQ" ./inputs/m100.tif ./scratch/m100.bsq
Input file size is 600, 600
0...10...20...30...40...50...60...70...80...90...100 - done.
 Reading fuel and topography rasters
/bin/rm -f ./scratch/asp.bsq ./scratch/asp.hdr ./scratch/asp.prj ./scratch/asp.bsq.aux.xml
/usr/bin/gdal_translate -of ENVI -co "INTERLEAVE=BSQ" ./inputs/asp.tif ./scratch/asp.bsq
Input file size is 600, 600
0...10...20...30...40...50...60...70...80...90...100 - done.
/bin/rm -f ./scratch/cbh.bsq ./scratch/cbh.hdr ./scratch/cbh.prj ./scratch/cbh.bsq.aux.xml
/usr/bin/gdal_translate -of ENVI -co "INTERLEAVE=BSQ" ./inputs/cbh.tif ./scratch/cbh.bsq
Input file size is 600, 600
0...10...20...30...40...50...60...70...80...90...100 - done.
/bin/rm -f ./scratch/cbd.bsq ./scratch/cbd.hdr ./scratch/cbd.prj ./scratch/cbd.bsq.aux.xml
/usr/bin/gdal_translate -of ENVI -co "INTERLEAVE=BSQ" ./inputs/cbd.tif ./scratch/cbd.bsq
Input file size is 600, 600
0...10...20...30...40...50...60...70...80...90...100 - done.
/bin/rm -f ./scratch/cc.bsq ./scratch/cc.hdr ./scratch/cc.prj ./scratch/cc.bsq.aux.xml
/usr/bin/gdal_translate -of ENVI -co "INTERLEAVE=BSQ" ./inputs/cc.tif ./scratch/cc.bsq
Input file size is 600, 600
0...10...20...30...40...50...60...70...80...90...100 - done.
/bin/rm -f ./scratch/ch.bsq ./scratch/ch.hdr ./scratch/ch.prj ./scratch/ch.bsq.aux.xml
/usr/bin/gdal_translate -of ENVI -co "INTERLEAVE=BSQ" ./inputs/ch.tif ./scratch/ch.bsq
Input file size is 600, 600
0...10...20...30...40...50...60...70...80...90...100 - done.
/bin/rm -f ./scratch/dem.bsq ./scratch/dem.hdr ./scratch/dem.prj ./scratch/dem.bsq.aux.xml
/usr/bin/gdal_translate -of ENVI -co "INTERLEAVE=BSQ" ./inputs/dem.tif ./scratch/dem.bsq
Input file size is 600, 600
0...10...20...30...40...50...60...70...80...90...100 - done.
/bin/rm -f ./scratch/fbfm40.bsq ./scratch/fbfm40.hdr ./scratch/fbfm40.prj ./scratch/fbfm40.bsq.aux.xml
/usr/bin/gdal_translate -of ENVI -co "INTERLEAVE=BSQ" ./inputs/fbfm40.tif ./scratch/fbfm40.bsq
Input file size is 600, 600
0...10...20...30...40...50...60...70...80...90...100 - done.
/bin/rm -f ./scratch/slp.bsq ./scratch/slp.hdr ./scratch/slp.prj ./scratch/slp.bsq.aux.xml
/usr/bin/gdal_translate -of ENVI -co "INTERLEAVE=BSQ" ./inputs/slp.tif ./scratch/slp.bsq
Input file size is 600, 600
0...10...20...30...40...50...60...70...80...90...100 - done.
/bin/rm -f ./scratch/adj.bsq ./scratch/adj.hdr ./scratch/adj.prj ./scratch/adj.bsq.aux.xml
/usr/bin/gdal_translate -of ENVI -co "INTERLEAVE=BSQ" ./inputs/adj.tif ./scratch/adj.bsq
Input file size is 600, 600
0...10...20...30...40...50...60...70...80...90...100 - done.
/bin/rm -f ./scratch/phi.bsq ./scratch/phi.hdr ./scratch/phi.prj ./scratch/phi.bsq.aux.xml
/usr/bin/gdal_translate -of ENVI -co "INTERLEAVE=BSQ" ./inputs/phi.tif ./scratch/phi.bsq
Input file size is 600, 600
0...10...20...30...40...50...60...70...80...90...100 - done.
 Allocating additional rasters
 Setting up shared memory, part 2
 Setting up statistics arrays
 ELMFIRE is running each ensemble member
Meteorology band      1: Case #       1 complete.  Fire area:   5021.3 acres.
 End of simulation reached successfully. Shutting down.
+ for f in $OUTPUTS_DIR/*.bil
++ basename ./outputs_C20.0_W24/flin_0000001_0043233.bil
++ cut -d. -f1
+ gdal_translate -a_srs 'EPSG: 32610' -co COMPRESS=DEFLATE -co ZLEVEL=9 ./outputs_C20.0_W24/flin_0000001_0043233.bil ./outputs_C20.0_W24/flin_0000001_0043233.tif
Input file size is 600, 600
0...10...20...30...40...50...60...70...80...90...100 - done.
+ for f in $OUTPUTS_DIR/*.bil
++ basename ./outputs_C20.0_W24/time_of_arrival_0000001_0043233.bil
++ cut -d. -f1
+ gdal_translate -a_srs 'EPSG: 32610' -co COMPRESS=DEFLATE -co ZLEVEL=9 ./outputs_C20.0_W24/time_of_arrival_0000001_0043233.bil ./outputs_C20.0_W24/time_of_arrival_0000001_0043233.tif
Input file size is 600, 600
0...10...20...30...40...50...60...70...80...90...100 - done.
+ for f in $OUTPUTS_DIR/*.bil
++ basename ./outputs_C20.0_W24/vs_0000001_0043233.bil
++ cut -d. -f1
+ gdal_translate -a_srs 'EPSG: 32610' -co COMPRESS=DEFLATE -co ZLEVEL=9 ./outputs_C20.0_W24/vs_0000001_0043233.bil ./outputs_C20.0_W24/vs_0000001_0043233.tif
Input file size is 600, 600
0...10...20...30...40...50...60...70...80...90...100 - done.
+ rm -f -r ./outputs_C20.0_W24/fire_size_stats.csv ./outputs_C20.0_W24/timings_firelabserver.csv ./outputs_C20.0_W24/flin_0000001_0043233.bil ./outputs_C20.0_W24/time_of_arrival_0000001_0043233.bil ./outputs_C20.0_W24/vs_0000001_0043233.bil ./outputs_C20.0_W24/flin_0000001_0043233.hdr ./outputs_C20.0_W24/time_of_arrival_0000001_0043233.hdr ./outputs_C20.0_W24/vs_0000001_0043233.hdr ./inputs/ws.tif
+ for WIND_SPEED in $(seq 0 1 30)
+ OUTPUTS_DIR=./outputs_C20.0_W25
+ replace_line OUTPUTS_DIRECTORY ./outputs_C20.0_W25 yes
+ MATCH_PATTERN=OUTPUTS_DIRECTORY
+ NEW_VALUE=./outputs_C20.0_W25
+ IS_STRING=yes
++ grep -n OUTPUTS_DIRECTORY ./inputs/elmfire.data
++ cut -d: -f1
+ LINE=25
+ sed -i '25 d' ./inputs/elmfire.data
+ '[' yes = yes ']'
+ sed -i '25 i OUTPUTS_DIRECTORY = '\''./outputs_C20.0_W25'\''' ./inputs/elmfire.data
+ '[' -d ./outputs_C20.0_W25 ']'
+ mkdir ./outputs_C20.0_W25
+ gdal_calc.py -A ./scratch/float.tif --co=COMPRESS=DEFLATE --co=ZLEVEL=9 --NoDataValue=-9999 --outfile=./inputs/ws.tif '--calc=A + 25'
0...10...20...30...40...50...60...70...80...90...100 - done.
+ /home/dwip/binYiren_SU/elmfire_2024.0916 ./inputs/elmfire.data
 ELMFIRE 2024.0916
 Reading &MISCELLANEOUS namelist group
 Reading &INPUTS namelist group
 Reading &OUTPUTS namelist group
 Reading &COMPUTATIONAL_DOMAIN namelist group
 Reading &TIME_CONTROL namelist group
 Reading &SIMULATOR namelist group
 Reading &WUI namelist group
 Reading &CALIBRATION namelist group
 Reading &SUPPRESSION namelist group
 Reading &SPOTTING namelist group
 Reading &SMOKE namelist group
 Reading &MONTE_CARLO namelist group
 Reading headers for fuels/topography and weather rasters
/usr/bin/gdal_translate -of ENVI -co "INTERLEAVE=BSQ" ./inputs/asp.tif ./scratch/asp.bsq
Input file size is 600, 600
0...10...20...30...40...50...60...70...80...90...100 - done.
/usr/bin/gdal_translate -of ENVI -co "INTERLEAVE=BSQ" ./inputs/ws.tif ./scratch/ws.bsq
Input file size is 600, 600
0...10...20...30...40...50...60...70...80...90...100 - done.
 Setting up shared memory, part 1
 Reading weather, fuel, and topography rasters
/bin/rm -f ./scratch/ws.bsq ./scratch/ws.hdr ./scratch/ws.prj ./scratch/ws.bsq.aux.xml
/usr/bin/gdal_translate -of ENVI -co "INTERLEAVE=BSQ" ./inputs/ws.tif ./scratch/ws.bsq
Input file size is 600, 600
0...10...20...30...40...50...60...70...80...90...100 - done.
/bin/rm -f ./scratch/wd.bsq ./scratch/wd.hdr ./scratch/wd.prj ./scratch/wd.bsq.aux.xml
/usr/bin/gdal_translate -of ENVI -co "INTERLEAVE=BSQ" ./inputs/wd.tif ./scratch/wd.bsq
Input file size is 600, 600
0...10...20...30...40...50...60...70...80...90...100 - done.
/bin/rm -f ./scratch/m1.bsq ./scratch/m1.hdr ./scratch/m1.prj ./scratch/m1.bsq.aux.xml
/usr/bin/gdal_translate -of ENVI -co "INTERLEAVE=BSQ" ./inputs/m1.tif ./scratch/m1.bsq
Input file size is 600, 600
0...10...20...30...40...50...60...70...80...90...100 - done.
/bin/rm -f ./scratch/m10.bsq ./scratch/m10.hdr ./scratch/m10.prj ./scratch/m10.bsq.aux.xml
/usr/bin/gdal_translate -of ENVI -co "INTERLEAVE=BSQ" ./inputs/m10.tif ./scratch/m10.bsq
Input file size is 600, 600
0...10...20...30...40...50...60...70...80...90...100 - done.
/bin/rm -f ./scratch/m100.bsq ./scratch/m100.hdr ./scratch/m100.prj ./scratch/m100.bsq.aux.xml
/usr/bin/gdal_translate -of ENVI -co "INTERLEAVE=BSQ" ./inputs/m100.tif ./scratch/m100.bsq
Input file size is 600, 600
0...10...20...30...40...50...60...70...80...90...100 - done.
 Reading fuel and topography rasters
/bin/rm -f ./scratch/asp.bsq ./scratch/asp.hdr ./scratch/asp.prj ./scratch/asp.bsq.aux.xml
/usr/bin/gdal_translate -of ENVI -co "INTERLEAVE=BSQ" ./inputs/asp.tif ./scratch/asp.bsq
Input file size is 600, 600
0...10...20...30...40...50...60...70...80...90...100 - done.
/bin/rm -f ./scratch/cbh.bsq ./scratch/cbh.hdr ./scratch/cbh.prj ./scratch/cbh.bsq.aux.xml
/usr/bin/gdal_translate -of ENVI -co "INTERLEAVE=BSQ" ./inputs/cbh.tif ./scratch/cbh.bsq
Input file size is 600, 600
0...10...20...30...40...50...60...70...80...90...100 - done.
/bin/rm -f ./scratch/cbd.bsq ./scratch/cbd.hdr ./scratch/cbd.prj ./scratch/cbd.bsq.aux.xml
/usr/bin/gdal_translate -of ENVI -co "INTERLEAVE=BSQ" ./inputs/cbd.tif ./scratch/cbd.bsq
Input file size is 600, 600
0...10...20...30...40...50...60...70...80...90...100 - done.
/bin/rm -f ./scratch/cc.bsq ./scratch/cc.hdr ./scratch/cc.prj ./scratch/cc.bsq.aux.xml
/usr/bin/gdal_translate -of ENVI -co "INTERLEAVE=BSQ" ./inputs/cc.tif ./scratch/cc.bsq
Input file size is 600, 600
0...10...20...30...40...50...60...70...80...90...100 - done.
/bin/rm -f ./scratch/ch.bsq ./scratch/ch.hdr ./scratch/ch.prj ./scratch/ch.bsq.aux.xml
/usr/bin/gdal_translate -of ENVI -co "INTERLEAVE=BSQ" ./inputs/ch.tif ./scratch/ch.bsq
Input file size is 600, 600
0...10...20...30...40...50...60...70...80...90...100 - done.
/bin/rm -f ./scratch/dem.bsq ./scratch/dem.hdr ./scratch/dem.prj ./scratch/dem.bsq.aux.xml
/usr/bin/gdal_translate -of ENVI -co "INTERLEAVE=BSQ" ./inputs/dem.tif ./scratch/dem.bsq
Input file size is 600, 600
0...10...20...30...40...50...60...70...80...90...100 - done.
/bin/rm -f ./scratch/fbfm40.bsq ./scratch/fbfm40.hdr ./scratch/fbfm40.prj ./scratch/fbfm40.bsq.aux.xml
/usr/bin/gdal_translate -of ENVI -co "INTERLEAVE=BSQ" ./inputs/fbfm40.tif ./scratch/fbfm40.bsq
Input file size is 600, 600
0...10...20...30...40...50...60...70...80...90...100 - done.
/bin/rm -f ./scratch/slp.bsq ./scratch/slp.hdr ./scratch/slp.prj ./scratch/slp.bsq.aux.xml
/usr/bin/gdal_translate -of ENVI -co "INTERLEAVE=BSQ" ./inputs/slp.tif ./scratch/slp.bsq
Input file size is 600, 600
0...10...20...30...40...50...60...70...80...90...100 - done.
/bin/rm -f ./scratch/adj.bsq ./scratch/adj.hdr ./scratch/adj.prj ./scratch/adj.bsq.aux.xml
/usr/bin/gdal_translate -of ENVI -co "INTERLEAVE=BSQ" ./inputs/adj.tif ./scratch/adj.bsq
Input file size is 600, 600
0...10...20...30...40...50...60...70...80...90...100 - done.
/bin/rm -f ./scratch/phi.bsq ./scratch/phi.hdr ./scratch/phi.prj ./scratch/phi.bsq.aux.xml
/usr/bin/gdal_translate -of ENVI -co "INTERLEAVE=BSQ" ./inputs/phi.tif ./scratch/phi.bsq
Input file size is 600, 600
0...10...20...30...40...50...60...70...80...90...100 - done.
 Allocating additional rasters
 Setting up shared memory, part 2
 Setting up statistics arrays
 ELMFIRE is running each ensemble member
Meteorology band      1: Case #       1 complete.  Fire area:   4470.7 acres.
 End of simulation reached successfully. Shutting down.
+ for f in $OUTPUTS_DIR/*.bil
++ basename ./outputs_C20.0_W25/flin_0000001_0043235.bil
++ cut -d. -f1
+ gdal_translate -a_srs 'EPSG: 32610' -co COMPRESS=DEFLATE -co ZLEVEL=9 ./outputs_C20.0_W25/flin_0000001_0043235.bil ./outputs_C20.0_W25/flin_0000001_0043235.tif
Input file size is 600, 600
0...10...20...30...40...50...60...70...80...90...100 - done.
+ for f in $OUTPUTS_DIR/*.bil
++ basename ./outputs_C20.0_W25/time_of_arrival_0000001_0043235.bil
++ cut -d. -f1
+ gdal_translate -a_srs 'EPSG: 32610' -co COMPRESS=DEFLATE -co ZLEVEL=9 ./outputs_C20.0_W25/time_of_arrival_0000001_0043235.bil ./outputs_C20.0_W25/time_of_arrival_0000001_0043235.tif
Input file size is 600, 600
0...10...20...30...40...50...60...70...80...90...100 - done.
+ for f in $OUTPUTS_DIR/*.bil
++ basename ./outputs_C20.0_W25/vs_0000001_0043235.bil
++ cut -d. -f1
+ gdal_translate -a_srs 'EPSG: 32610' -co COMPRESS=DEFLATE -co ZLEVEL=9 ./outputs_C20.0_W25/vs_0000001_0043235.bil ./outputs_C20.0_W25/vs_0000001_0043235.tif
Input file size is 600, 600
0...10...20...30...40...50...60...70...80...90...100 - done.
+ rm -f -r ./outputs_C20.0_W25/fire_size_stats.csv ./outputs_C20.0_W25/timings_firelabserver.csv ./outputs_C20.0_W25/flin_0000001_0043235.bil ./outputs_C20.0_W25/time_of_arrival_0000001_0043235.bil ./outputs_C20.0_W25/vs_0000001_0043235.bil ./outputs_C20.0_W25/flin_0000001_0043235.hdr ./outputs_C20.0_W25/time_of_arrival_0000001_0043235.hdr ./outputs_C20.0_W25/vs_0000001_0043235.hdr ./inputs/ws.tif
+ for WIND_SPEED in $(seq 0 1 30)
+ OUTPUTS_DIR=./outputs_C20.0_W26
+ replace_line OUTPUTS_DIRECTORY ./outputs_C20.0_W26 yes
+ MATCH_PATTERN=OUTPUTS_DIRECTORY
+ NEW_VALUE=./outputs_C20.0_W26
+ IS_STRING=yes
++ grep -n OUTPUTS_DIRECTORY ./inputs/elmfire.data
++ cut -d: -f1
+ LINE=25
+ sed -i '25 d' ./inputs/elmfire.data
+ '[' yes = yes ']'
+ sed -i '25 i OUTPUTS_DIRECTORY = '\''./outputs_C20.0_W26'\''' ./inputs/elmfire.data
+ '[' -d ./outputs_C20.0_W26 ']'
+ mkdir ./outputs_C20.0_W26
+ gdal_calc.py -A ./scratch/float.tif --co=COMPRESS=DEFLATE --co=ZLEVEL=9 --NoDataValue=-9999 --outfile=./inputs/ws.tif '--calc=A + 26'
0...10...20...30...40...50...60...70...80...90...100 - done.
+ /home/dwip/binYiren_SU/elmfire_2024.0916 ./inputs/elmfire.data
 ELMFIRE 2024.0916
 Reading &MISCELLANEOUS namelist group
 Reading &INPUTS namelist group
 Reading &OUTPUTS namelist group
 Reading &COMPUTATIONAL_DOMAIN namelist group
 Reading &TIME_CONTROL namelist group
 Reading &SIMULATOR namelist group
 Reading &WUI namelist group
 Reading &CALIBRATION namelist group
 Reading &SUPPRESSION namelist group
 Reading &SPOTTING namelist group
 Reading &SMOKE namelist group
 Reading &MONTE_CARLO namelist group
 Reading headers for fuels/topography and weather rasters
/usr/bin/gdal_translate -of ENVI -co "INTERLEAVE=BSQ" ./inputs/asp.tif ./scratch/asp.bsq
Input file size is 600, 600
0...10...20...30...40...50...60...70...80...90...100 - done.
/usr/bin/gdal_translate -of ENVI -co "INTERLEAVE=BSQ" ./inputs/ws.tif ./scratch/ws.bsq
Input file size is 600, 600
0...10...20...30...40...50...60...70...80...90...100 - done.
 Setting up shared memory, part 1
 Reading weather, fuel, and topography rasters
/bin/rm -f ./scratch/ws.bsq ./scratch/ws.hdr ./scratch/ws.prj ./scratch/ws.bsq.aux.xml
/usr/bin/gdal_translate -of ENVI -co "INTERLEAVE=BSQ" ./inputs/ws.tif ./scratch/ws.bsq
Input file size is 600, 600
0...10...20...30...40...50...60...70...80...90...100 - done.
/bin/rm -f ./scratch/wd.bsq ./scratch/wd.hdr ./scratch/wd.prj ./scratch/wd.bsq.aux.xml
/usr/bin/gdal_translate -of ENVI -co "INTERLEAVE=BSQ" ./inputs/wd.tif ./scratch/wd.bsq
Input file size is 600, 600
0...10...20...30...40...50...60...70...80...90...100 - done.
/bin/rm -f ./scratch/m1.bsq ./scratch/m1.hdr ./scratch/m1.prj ./scratch/m1.bsq.aux.xml
/usr/bin/gdal_translate -of ENVI -co "INTERLEAVE=BSQ" ./inputs/m1.tif ./scratch/m1.bsq
Input file size is 600, 600
0...10...20...30...40...50...60...70...80...90...100 - done.
/bin/rm -f ./scratch/m10.bsq ./scratch/m10.hdr ./scratch/m10.prj ./scratch/m10.bsq.aux.xml
/usr/bin/gdal_translate -of ENVI -co "INTERLEAVE=BSQ" ./inputs/m10.tif ./scratch/m10.bsq
Input file size is 600, 600
0...10...20...30...40...50...60...70...80...90...100 - done.
/bin/rm -f ./scratch/m100.bsq ./scratch/m100.hdr ./scratch/m100.prj ./scratch/m100.bsq.aux.xml
/usr/bin/gdal_translate -of ENVI -co "INTERLEAVE=BSQ" ./inputs/m100.tif ./scratch/m100.bsq
Input file size is 600, 600
0...10...20...30...40...50...60...70...80...90...100 - done.
 Reading fuel and topography rasters
/bin/rm -f ./scratch/asp.bsq ./scratch/asp.hdr ./scratch/asp.prj ./scratch/asp.bsq.aux.xml
/usr/bin/gdal_translate -of ENVI -co "INTERLEAVE=BSQ" ./inputs/asp.tif ./scratch/asp.bsq
Input file size is 600, 600
0...10...20...30...40...50...60...70...80...90...100 - done.
/bin/rm -f ./scratch/cbh.bsq ./scratch/cbh.hdr ./scratch/cbh.prj ./scratch/cbh.bsq.aux.xml
/usr/bin/gdal_translate -of ENVI -co "INTERLEAVE=BSQ" ./inputs/cbh.tif ./scratch/cbh.bsq
Input file size is 600, 600
0...10...20...30...40...50...60...70...80...90...100 - done.
/bin/rm -f ./scratch/cbd.bsq ./scratch/cbd.hdr ./scratch/cbd.prj ./scratch/cbd.bsq.aux.xml
/usr/bin/gdal_translate -of ENVI -co "INTERLEAVE=BSQ" ./inputs/cbd.tif ./scratch/cbd.bsq
Input file size is 600, 600
0...10...20...30...40...50...60...70...80...90...100 - done.
/bin/rm -f ./scratch/cc.bsq ./scratch/cc.hdr ./scratch/cc.prj ./scratch/cc.bsq.aux.xml
/usr/bin/gdal_translate -of ENVI -co "INTERLEAVE=BSQ" ./inputs/cc.tif ./scratch/cc.bsq
Input file size is 600, 600
0...10...20...30...40...50...60...70...80...90...100 - done.
/bin/rm -f ./scratch/ch.bsq ./scratch/ch.hdr ./scratch/ch.prj ./scratch/ch.bsq.aux.xml
/usr/bin/gdal_translate -of ENVI -co "INTERLEAVE=BSQ" ./inputs/ch.tif ./scratch/ch.bsq
Input file size is 600, 600
0...10...20...30...40...50...60...70...80...90...100 - done.
/bin/rm -f ./scratch/dem.bsq ./scratch/dem.hdr ./scratch/dem.prj ./scratch/dem.bsq.aux.xml
/usr/bin/gdal_translate -of ENVI -co "INTERLEAVE=BSQ" ./inputs/dem.tif ./scratch/dem.bsq
Input file size is 600, 600
0...10...20...30...40...50...60...70...80...90...100 - done.
/bin/rm -f ./scratch/fbfm40.bsq ./scratch/fbfm40.hdr ./scratch/fbfm40.prj ./scratch/fbfm40.bsq.aux.xml
/usr/bin/gdal_translate -of ENVI -co "INTERLEAVE=BSQ" ./inputs/fbfm40.tif ./scratch/fbfm40.bsq
Input file size is 600, 600
0...10...20...30...40...50...60...70...80...90...100 - done.
/bin/rm -f ./scratch/slp.bsq ./scratch/slp.hdr ./scratch/slp.prj ./scratch/slp.bsq.aux.xml
/usr/bin/gdal_translate -of ENVI -co "INTERLEAVE=BSQ" ./inputs/slp.tif ./scratch/slp.bsq
Input file size is 600, 600
0...10...20...30...40...50...60...70...80...90...100 - done.
/bin/rm -f ./scratch/adj.bsq ./scratch/adj.hdr ./scratch/adj.prj ./scratch/adj.bsq.aux.xml
/usr/bin/gdal_translate -of ENVI -co "INTERLEAVE=BSQ" ./inputs/adj.tif ./scratch/adj.bsq
Input file size is 600, 600
0...10...20...30...40...50...60...70...80...90...100 - done.
/bin/rm -f ./scratch/phi.bsq ./scratch/phi.hdr ./scratch/phi.prj ./scratch/phi.bsq.aux.xml
/usr/bin/gdal_translate -of ENVI -co "INTERLEAVE=BSQ" ./inputs/phi.tif ./scratch/phi.bsq
Input file size is 600, 600
0...10...20...30...40...50...60...70...80...90...100 - done.
 Allocating additional rasters
 Setting up shared memory, part 2
 Setting up statistics arrays
 ELMFIRE is running each ensemble member
Meteorology band      1: Case #       1 complete.  Fire area:   4466.3 acres.
 End of simulation reached successfully. Shutting down.
+ for f in $OUTPUTS_DIR/*.bil
++ basename ./outputs_C20.0_W26/flin_0000001_0043248.bil
++ cut -d. -f1
+ gdal_translate -a_srs 'EPSG: 32610' -co COMPRESS=DEFLATE -co ZLEVEL=9 ./outputs_C20.0_W26/flin_0000001_0043248.bil ./outputs_C20.0_W26/flin_0000001_0043248.tif
Input file size is 600, 600
0...10...20...30...40...50...60...70...80...90...100 - done.
+ for f in $OUTPUTS_DIR/*.bil
++ basename ./outputs_C20.0_W26/time_of_arrival_0000001_0043248.bil
++ cut -d. -f1
+ gdal_translate -a_srs 'EPSG: 32610' -co COMPRESS=DEFLATE -co ZLEVEL=9 ./outputs_C20.0_W26/time_of_arrival_0000001_0043248.bil ./outputs_C20.0_W26/time_of_arrival_0000001_0043248.tif
Input file size is 600, 600
0...10...20...30...40...50...60...70...80...90...100 - done.
+ for f in $OUTPUTS_DIR/*.bil
++ basename ./outputs_C20.0_W26/vs_0000001_0043248.bil
++ cut -d. -f1
+ gdal_translate -a_srs 'EPSG: 32610' -co COMPRESS=DEFLATE -co ZLEVEL=9 ./outputs_C20.0_W26/vs_0000001_0043248.bil ./outputs_C20.0_W26/vs_0000001_0043248.tif
Input file size is 600, 600
0...10...20...30...40...50...60...70...80...90...100 - done.
+ rm -f -r ./outputs_C20.0_W26/fire_size_stats.csv ./outputs_C20.0_W26/timings_firelabserver.csv ./outputs_C20.0_W26/flin_0000001_0043248.bil ./outputs_C20.0_W26/time_of_arrival_0000001_0043248.bil ./outputs_C20.0_W26/vs_0000001_0043248.bil ./outputs_C20.0_W26/flin_0000001_0043248.hdr ./outputs_C20.0_W26/time_of_arrival_0000001_0043248.hdr ./outputs_C20.0_W26/vs_0000001_0043248.hdr ./inputs/ws.tif
+ for WIND_SPEED in $(seq 0 1 30)
+ OUTPUTS_DIR=./outputs_C20.0_W27
+ replace_line OUTPUTS_DIRECTORY ./outputs_C20.0_W27 yes
+ MATCH_PATTERN=OUTPUTS_DIRECTORY
+ NEW_VALUE=./outputs_C20.0_W27
+ IS_STRING=yes
++ grep -n OUTPUTS_DIRECTORY ./inputs/elmfire.data
++ cut -d: -f1
+ LINE=25
+ sed -i '25 d' ./inputs/elmfire.data
+ '[' yes = yes ']'
+ sed -i '25 i OUTPUTS_DIRECTORY = '\''./outputs_C20.0_W27'\''' ./inputs/elmfire.data
+ '[' -d ./outputs_C20.0_W27 ']'
+ mkdir ./outputs_C20.0_W27
+ gdal_calc.py -A ./scratch/float.tif --co=COMPRESS=DEFLATE --co=ZLEVEL=9 --NoDataValue=-9999 --outfile=./inputs/ws.tif '--calc=A + 27'
0...10...20...30...40...50...60...70...80...90...100 - done.
+ /home/dwip/binYiren_SU/elmfire_2024.0916 ./inputs/elmfire.data
 ELMFIRE 2024.0916
 Reading &MISCELLANEOUS namelist group
 Reading &INPUTS namelist group
 Reading &OUTPUTS namelist group
 Reading &COMPUTATIONAL_DOMAIN namelist group
 Reading &TIME_CONTROL namelist group
 Reading &SIMULATOR namelist group
 Reading &WUI namelist group
 Reading &CALIBRATION namelist group
 Reading &SUPPRESSION namelist group
 Reading &SPOTTING namelist group
 Reading &SMOKE namelist group
 Reading &MONTE_CARLO namelist group
 Reading headers for fuels/topography and weather rasters
/usr/bin/gdal_translate -of ENVI -co "INTERLEAVE=BSQ" ./inputs/asp.tif ./scratch/asp.bsq
Input file size is 600, 600
0...10...20...30...40...50...60...70...80...90...100 - done.
/usr/bin/gdal_translate -of ENVI -co "INTERLEAVE=BSQ" ./inputs/ws.tif ./scratch/ws.bsq
Input file size is 600, 600
0...10...20...30...40...50...60...70...80...90...100 - done.
 Setting up shared memory, part 1
 Reading weather, fuel, and topography rasters
/bin/rm -f ./scratch/ws.bsq ./scratch/ws.hdr ./scratch/ws.prj ./scratch/ws.bsq.aux.xml
/usr/bin/gdal_translate -of ENVI -co "INTERLEAVE=BSQ" ./inputs/ws.tif ./scratch/ws.bsq
Input file size is 600, 600
0...10...20...30...40...50...60...70...80...90...100 - done.
/bin/rm -f ./scratch/wd.bsq ./scratch/wd.hdr ./scratch/wd.prj ./scratch/wd.bsq.aux.xml
/usr/bin/gdal_translate -of ENVI -co "INTERLEAVE=BSQ" ./inputs/wd.tif ./scratch/wd.bsq
Input file size is 600, 600
0...10...20...30...40...50...60...70...80...90...100 - done.
/bin/rm -f ./scratch/m1.bsq ./scratch/m1.hdr ./scratch/m1.prj ./scratch/m1.bsq.aux.xml
/usr/bin/gdal_translate -of ENVI -co "INTERLEAVE=BSQ" ./inputs/m1.tif ./scratch/m1.bsq
Input file size is 600, 600
0...10...20...30...40...50...60...70...80...90...100 - done.
/bin/rm -f ./scratch/m10.bsq ./scratch/m10.hdr ./scratch/m10.prj ./scratch/m10.bsq.aux.xml
/usr/bin/gdal_translate -of ENVI -co "INTERLEAVE=BSQ" ./inputs/m10.tif ./scratch/m10.bsq
Input file size is 600, 600
0...10...20...30...40...50...60...70...80...90...100 - done.
/bin/rm -f ./scratch/m100.bsq ./scratch/m100.hdr ./scratch/m100.prj ./scratch/m100.bsq.aux.xml
/usr/bin/gdal_translate -of ENVI -co "INTERLEAVE=BSQ" ./inputs/m100.tif ./scratch/m100.bsq
Input file size is 600, 600
0...10...20...30...40...50...60...70...80...90...100 - done.
 Reading fuel and topography rasters
/bin/rm -f ./scratch/asp.bsq ./scratch/asp.hdr ./scratch/asp.prj ./scratch/asp.bsq.aux.xml
/usr/bin/gdal_translate -of ENVI -co "INTERLEAVE=BSQ" ./inputs/asp.tif ./scratch/asp.bsq
Input file size is 600, 600
0...10...20...30...40...50...60...70...80...90...100 - done.
/bin/rm -f ./scratch/cbh.bsq ./scratch/cbh.hdr ./scratch/cbh.prj ./scratch/cbh.bsq.aux.xml
/usr/bin/gdal_translate -of ENVI -co "INTERLEAVE=BSQ" ./inputs/cbh.tif ./scratch/cbh.bsq
Input file size is 600, 600
0...10...20...30...40...50...60...70...80...90...100 - done.
/bin/rm -f ./scratch/cbd.bsq ./scratch/cbd.hdr ./scratch/cbd.prj ./scratch/cbd.bsq.aux.xml
/usr/bin/gdal_translate -of ENVI -co "INTERLEAVE=BSQ" ./inputs/cbd.tif ./scratch/cbd.bsq
Input file size is 600, 600
0...10...20...30...40...50...60...70...80...90...100 - done.
/bin/rm -f ./scratch/cc.bsq ./scratch/cc.hdr ./scratch/cc.prj ./scratch/cc.bsq.aux.xml
/usr/bin/gdal_translate -of ENVI -co "INTERLEAVE=BSQ" ./inputs/cc.tif ./scratch/cc.bsq
Input file size is 600, 600
0...10...20...30...40...50...60...70...80...90...100 - done.
/bin/rm -f ./scratch/ch.bsq ./scratch/ch.hdr ./scratch/ch.prj ./scratch/ch.bsq.aux.xml
/usr/bin/gdal_translate -of ENVI -co "INTERLEAVE=BSQ" ./inputs/ch.tif ./scratch/ch.bsq
Input file size is 600, 600
0...10...20...30...40...50...60...70...80...90...100 - done.
/bin/rm -f ./scratch/dem.bsq ./scratch/dem.hdr ./scratch/dem.prj ./scratch/dem.bsq.aux.xml
/usr/bin/gdal_translate -of ENVI -co "INTERLEAVE=BSQ" ./inputs/dem.tif ./scratch/dem.bsq
Input file size is 600, 600
0...10...20...30...40...50...60...70...80...90...100 - done.
/bin/rm -f ./scratch/fbfm40.bsq ./scratch/fbfm40.hdr ./scratch/fbfm40.prj ./scratch/fbfm40.bsq.aux.xml
/usr/bin/gdal_translate -of ENVI -co "INTERLEAVE=BSQ" ./inputs/fbfm40.tif ./scratch/fbfm40.bsq
Input file size is 600, 600
0...10...20...30...40...50...60...70...80...90...100 - done.
/bin/rm -f ./scratch/slp.bsq ./scratch/slp.hdr ./scratch/slp.prj ./scratch/slp.bsq.aux.xml
/usr/bin/gdal_translate -of ENVI -co "INTERLEAVE=BSQ" ./inputs/slp.tif ./scratch/slp.bsq
Input file size is 600, 600
0...10...20...30...40...50...60...70...80...90...100 - done.
/bin/rm -f ./scratch/adj.bsq ./scratch/adj.hdr ./scratch/adj.prj ./scratch/adj.bsq.aux.xml
/usr/bin/gdal_translate -of ENVI -co "INTERLEAVE=BSQ" ./inputs/adj.tif ./scratch/adj.bsq
Input file size is 600, 600
0...10...20...30...40...50...60...70...80...90...100 - done.
/bin/rm -f ./scratch/phi.bsq ./scratch/phi.hdr ./scratch/phi.prj ./scratch/phi.bsq.aux.xml
/usr/bin/gdal_translate -of ENVI -co "INTERLEAVE=BSQ" ./inputs/phi.tif ./scratch/phi.bsq
Input file size is 600, 600
0...10...20...30...40...50...60...70...80...90...100 - done.
 Allocating additional rasters
 Setting up shared memory, part 2
 Setting up statistics arrays
 ELMFIRE is running each ensemble member
Meteorology band      1: Case #       1 complete.  Fire area:   4801.6 acres.
 End of simulation reached successfully. Shutting down.
+ for f in $OUTPUTS_DIR/*.bil
++ basename ./outputs_C20.0_W27/flin_0000001_0043219.bil
++ cut -d. -f1
+ gdal_translate -a_srs 'EPSG: 32610' -co COMPRESS=DEFLATE -co ZLEVEL=9 ./outputs_C20.0_W27/flin_0000001_0043219.bil ./outputs_C20.0_W27/flin_0000001_0043219.tif
Input file size is 600, 600
0...10...20...30...40...50...60...70...80...90...100 - done.
+ for f in $OUTPUTS_DIR/*.bil
++ basename ./outputs_C20.0_W27/time_of_arrival_0000001_0043219.bil
++ cut -d. -f1
+ gdal_translate -a_srs 'EPSG: 32610' -co COMPRESS=DEFLATE -co ZLEVEL=9 ./outputs_C20.0_W27/time_of_arrival_0000001_0043219.bil ./outputs_C20.0_W27/time_of_arrival_0000001_0043219.tif
Input file size is 600, 600
0...10...20...30...40...50...60...70...80...90...100 - done.
+ for f in $OUTPUTS_DIR/*.bil
++ basename ./outputs_C20.0_W27/vs_0000001_0043219.bil
++ cut -d. -f1
+ gdal_translate -a_srs 'EPSG: 32610' -co COMPRESS=DEFLATE -co ZLEVEL=9 ./outputs_C20.0_W27/vs_0000001_0043219.bil ./outputs_C20.0_W27/vs_0000001_0043219.tif
Input file size is 600, 600
0...10...20...30...40...50...60...70...80...90...100 - done.
+ rm -f -r ./outputs_C20.0_W27/fire_size_stats.csv ./outputs_C20.0_W27/timings_firelabserver.csv ./outputs_C20.0_W27/flin_0000001_0043219.bil ./outputs_C20.0_W27/time_of_arrival_0000001_0043219.bil ./outputs_C20.0_W27/vs_0000001_0043219.bil ./outputs_C20.0_W27/flin_0000001_0043219.hdr ./outputs_C20.0_W27/time_of_arrival_0000001_0043219.hdr ./outputs_C20.0_W27/vs_0000001_0043219.hdr ./inputs/ws.tif
+ for WIND_SPEED in $(seq 0 1 30)
+ OUTPUTS_DIR=./outputs_C20.0_W28
+ replace_line OUTPUTS_DIRECTORY ./outputs_C20.0_W28 yes
+ MATCH_PATTERN=OUTPUTS_DIRECTORY
+ NEW_VALUE=./outputs_C20.0_W28
+ IS_STRING=yes
++ grep -n OUTPUTS_DIRECTORY ./inputs/elmfire.data
++ cut -d: -f1
+ LINE=25
+ sed -i '25 d' ./inputs/elmfire.data
+ '[' yes = yes ']'
+ sed -i '25 i OUTPUTS_DIRECTORY = '\''./outputs_C20.0_W28'\''' ./inputs/elmfire.data
+ '[' -d ./outputs_C20.0_W28 ']'
+ mkdir ./outputs_C20.0_W28
+ gdal_calc.py -A ./scratch/float.tif --co=COMPRESS=DEFLATE --co=ZLEVEL=9 --NoDataValue=-9999 --outfile=./inputs/ws.tif '--calc=A + 28'
0...10...20...30...40...50...60...70...80...90...100 - done.
+ /home/dwip/binYiren_SU/elmfire_2024.0916 ./inputs/elmfire.data
 ELMFIRE 2024.0916
 Reading &MISCELLANEOUS namelist group
 Reading &INPUTS namelist group
 Reading &OUTPUTS namelist group
 Reading &COMPUTATIONAL_DOMAIN namelist group
 Reading &TIME_CONTROL namelist group
 Reading &SIMULATOR namelist group
 Reading &WUI namelist group
 Reading &CALIBRATION namelist group
 Reading &SUPPRESSION namelist group
 Reading &SPOTTING namelist group
 Reading &SMOKE namelist group
 Reading &MONTE_CARLO namelist group
 Reading headers for fuels/topography and weather rasters
/usr/bin/gdal_translate -of ENVI -co "INTERLEAVE=BSQ" ./inputs/asp.tif ./scratch/asp.bsq
Input file size is 600, 600
0...10...20...30...40...50...60...70...80...90...100 - done.
/usr/bin/gdal_translate -of ENVI -co "INTERLEAVE=BSQ" ./inputs/ws.tif ./scratch/ws.bsq
Input file size is 600, 600
0...10...20...30...40...50...60...70...80...90...100 - done.
 Setting up shared memory, part 1
 Reading weather, fuel, and topography rasters
/bin/rm -f ./scratch/ws.bsq ./scratch/ws.hdr ./scratch/ws.prj ./scratch/ws.bsq.aux.xml
/usr/bin/gdal_translate -of ENVI -co "INTERLEAVE=BSQ" ./inputs/ws.tif ./scratch/ws.bsq
Input file size is 600, 600
0...10...20...30...40...50...60...70...80...90...100 - done.
/bin/rm -f ./scratch/wd.bsq ./scratch/wd.hdr ./scratch/wd.prj ./scratch/wd.bsq.aux.xml
/usr/bin/gdal_translate -of ENVI -co "INTERLEAVE=BSQ" ./inputs/wd.tif ./scratch/wd.bsq
Input file size is 600, 600
0...10...20...30...40...50...60...70...80...90...100 - done.
/bin/rm -f ./scratch/m1.bsq ./scratch/m1.hdr ./scratch/m1.prj ./scratch/m1.bsq.aux.xml
/usr/bin/gdal_translate -of ENVI -co "INTERLEAVE=BSQ" ./inputs/m1.tif ./scratch/m1.bsq
Input file size is 600, 600
0...10...20...30...40...50...60...70...80...90...100 - done.
/bin/rm -f ./scratch/m10.bsq ./scratch/m10.hdr ./scratch/m10.prj ./scratch/m10.bsq.aux.xml
/usr/bin/gdal_translate -of ENVI -co "INTERLEAVE=BSQ" ./inputs/m10.tif ./scratch/m10.bsq
Input file size is 600, 600
0...10...20...30...40...50...60...70...80...90...100 - done.
/bin/rm -f ./scratch/m100.bsq ./scratch/m100.hdr ./scratch/m100.prj ./scratch/m100.bsq.aux.xml
/usr/bin/gdal_translate -of ENVI -co "INTERLEAVE=BSQ" ./inputs/m100.tif ./scratch/m100.bsq
Input file size is 600, 600
0...10...20...30...40...50...60...70...80...90...100 - done.
 Reading fuel and topography rasters
/bin/rm -f ./scratch/asp.bsq ./scratch/asp.hdr ./scratch/asp.prj ./scratch/asp.bsq.aux.xml
/usr/bin/gdal_translate -of ENVI -co "INTERLEAVE=BSQ" ./inputs/asp.tif ./scratch/asp.bsq
Input file size is 600, 600
0...10...20...30...40...50...60...70...80...90...100 - done.
/bin/rm -f ./scratch/cbh.bsq ./scratch/cbh.hdr ./scratch/cbh.prj ./scratch/cbh.bsq.aux.xml
/usr/bin/gdal_translate -of ENVI -co "INTERLEAVE=BSQ" ./inputs/cbh.tif ./scratch/cbh.bsq
Input file size is 600, 600
0...10...20...30...40...50...60...70...80...90...100 - done.
/bin/rm -f ./scratch/cbd.bsq ./scratch/cbd.hdr ./scratch/cbd.prj ./scratch/cbd.bsq.aux.xml
/usr/bin/gdal_translate -of ENVI -co "INTERLEAVE=BSQ" ./inputs/cbd.tif ./scratch/cbd.bsq
Input file size is 600, 600
0...10...20...30...40...50...60...70...80...90...100 - done.
/bin/rm -f ./scratch/cc.bsq ./scratch/cc.hdr ./scratch/cc.prj ./scratch/cc.bsq.aux.xml
/usr/bin/gdal_translate -of ENVI -co "INTERLEAVE=BSQ" ./inputs/cc.tif ./scratch/cc.bsq
Input file size is 600, 600
0...10...20...30...40...50...60...70...80...90...100 - done.
/bin/rm -f ./scratch/ch.bsq ./scratch/ch.hdr ./scratch/ch.prj ./scratch/ch.bsq.aux.xml
/usr/bin/gdal_translate -of ENVI -co "INTERLEAVE=BSQ" ./inputs/ch.tif ./scratch/ch.bsq
Input file size is 600, 600
0...10...20...30...40...50...60...70...80...90...100 - done.
/bin/rm -f ./scratch/dem.bsq ./scratch/dem.hdr ./scratch/dem.prj ./scratch/dem.bsq.aux.xml
/usr/bin/gdal_translate -of ENVI -co "INTERLEAVE=BSQ" ./inputs/dem.tif ./scratch/dem.bsq
Input file size is 600, 600
0...10...20...30...40...50...60...70...80...90...100 - done.
/bin/rm -f ./scratch/fbfm40.bsq ./scratch/fbfm40.hdr ./scratch/fbfm40.prj ./scratch/fbfm40.bsq.aux.xml
/usr/bin/gdal_translate -of ENVI -co "INTERLEAVE=BSQ" ./inputs/fbfm40.tif ./scratch/fbfm40.bsq
Input file size is 600, 600
0...10...20...30...40...50...60...70...80...90...100 - done.
/bin/rm -f ./scratch/slp.bsq ./scratch/slp.hdr ./scratch/slp.prj ./scratch/slp.bsq.aux.xml
/usr/bin/gdal_translate -of ENVI -co "INTERLEAVE=BSQ" ./inputs/slp.tif ./scratch/slp.bsq
Input file size is 600, 600
0...10...20...30...40...50...60...70...80...90...100 - done.
/bin/rm -f ./scratch/adj.bsq ./scratch/adj.hdr ./scratch/adj.prj ./scratch/adj.bsq.aux.xml
/usr/bin/gdal_translate -of ENVI -co "INTERLEAVE=BSQ" ./inputs/adj.tif ./scratch/adj.bsq
Input file size is 600, 600
0...10...20...30...40...50...60...70...80...90...100 - done.
/bin/rm -f ./scratch/phi.bsq ./scratch/phi.hdr ./scratch/phi.prj ./scratch/phi.bsq.aux.xml
/usr/bin/gdal_translate -of ENVI -co "INTERLEAVE=BSQ" ./inputs/phi.tif ./scratch/phi.bsq
Input file size is 600, 600
0...10...20...30...40...50...60...70...80...90...100 - done.
 Allocating additional rasters
 Setting up shared memory, part 2
 Setting up statistics arrays
 ELMFIRE is running each ensemble member
Meteorology band      1: Case #       1 complete.  Fire area:   4300.2 acres.
 End of simulation reached successfully. Shutting down.
+ for f in $OUTPUTS_DIR/*.bil
++ basename ./outputs_C20.0_W28/flin_0000001_0043225.bil
++ cut -d. -f1
+ gdal_translate -a_srs 'EPSG: 32610' -co COMPRESS=DEFLATE -co ZLEVEL=9 ./outputs_C20.0_W28/flin_0000001_0043225.bil ./outputs_C20.0_W28/flin_0000001_0043225.tif
Input file size is 600, 600
0...10...20...30...40...50...60...70...80...90...100 - done.
+ for f in $OUTPUTS_DIR/*.bil
++ basename ./outputs_C20.0_W28/time_of_arrival_0000001_0043225.bil
++ cut -d. -f1
+ gdal_translate -a_srs 'EPSG: 32610' -co COMPRESS=DEFLATE -co ZLEVEL=9 ./outputs_C20.0_W28/time_of_arrival_0000001_0043225.bil ./outputs_C20.0_W28/time_of_arrival_0000001_0043225.tif
Input file size is 600, 600
0...10...20...30...40...50...60...70...80...90...100 - done.
+ for f in $OUTPUTS_DIR/*.bil
++ basename ./outputs_C20.0_W28/vs_0000001_0043225.bil
++ cut -d. -f1
+ gdal_translate -a_srs 'EPSG: 32610' -co COMPRESS=DEFLATE -co ZLEVEL=9 ./outputs_C20.0_W28/vs_0000001_0043225.bil ./outputs_C20.0_W28/vs_0000001_0043225.tif
Input file size is 600, 600
0...10...20...30...40...50...60...70...80...90...100 - done.
+ rm -f -r ./outputs_C20.0_W28/fire_size_stats.csv ./outputs_C20.0_W28/timings_firelabserver.csv ./outputs_C20.0_W28/flin_0000001_0043225.bil ./outputs_C20.0_W28/time_of_arrival_0000001_0043225.bil ./outputs_C20.0_W28/vs_0000001_0043225.bil ./outputs_C20.0_W28/flin_0000001_0043225.hdr ./outputs_C20.0_W28/time_of_arrival_0000001_0043225.hdr ./outputs_C20.0_W28/vs_0000001_0043225.hdr ./inputs/ws.tif
+ for WIND_SPEED in $(seq 0 1 30)
+ OUTPUTS_DIR=./outputs_C20.0_W29
+ replace_line OUTPUTS_DIRECTORY ./outputs_C20.0_W29 yes
+ MATCH_PATTERN=OUTPUTS_DIRECTORY
+ NEW_VALUE=./outputs_C20.0_W29
+ IS_STRING=yes
++ grep -n OUTPUTS_DIRECTORY ./inputs/elmfire.data
++ cut -d: -f1
+ LINE=25
+ sed -i '25 d' ./inputs/elmfire.data
+ '[' yes = yes ']'
+ sed -i '25 i OUTPUTS_DIRECTORY = '\''./outputs_C20.0_W29'\''' ./inputs/elmfire.data
+ '[' -d ./outputs_C20.0_W29 ']'
+ mkdir ./outputs_C20.0_W29
+ gdal_calc.py -A ./scratch/float.tif --co=COMPRESS=DEFLATE --co=ZLEVEL=9 --NoDataValue=-9999 --outfile=./inputs/ws.tif '--calc=A + 29'
0...10...20...30...40...50...60...70...80...90...100 - done.
+ /home/dwip/binYiren_SU/elmfire_2024.0916 ./inputs/elmfire.data
 ELMFIRE 2024.0916
 Reading &MISCELLANEOUS namelist group
 Reading &INPUTS namelist group
 Reading &OUTPUTS namelist group
 Reading &COMPUTATIONAL_DOMAIN namelist group
 Reading &TIME_CONTROL namelist group
 Reading &SIMULATOR namelist group
 Reading &WUI namelist group
 Reading &CALIBRATION namelist group
 Reading &SUPPRESSION namelist group
 Reading &SPOTTING namelist group
 Reading &SMOKE namelist group
 Reading &MONTE_CARLO namelist group
 Reading headers for fuels/topography and weather rasters
/usr/bin/gdal_translate -of ENVI -co "INTERLEAVE=BSQ" ./inputs/asp.tif ./scratch/asp.bsq
Input file size is 600, 600
0...10...20...30...40...50...60...70...80...90...100 - done.
/usr/bin/gdal_translate -of ENVI -co "INTERLEAVE=BSQ" ./inputs/ws.tif ./scratch/ws.bsq
Input file size is 600, 600
0...10...20...30...40...50...60...70...80...90...100 - done.
 Setting up shared memory, part 1
 Reading weather, fuel, and topography rasters
/bin/rm -f ./scratch/ws.bsq ./scratch/ws.hdr ./scratch/ws.prj ./scratch/ws.bsq.aux.xml
/usr/bin/gdal_translate -of ENVI -co "INTERLEAVE=BSQ" ./inputs/ws.tif ./scratch/ws.bsq
Input file size is 600, 600
0...10...20...30...40...50...60...70...80...90...100 - done.
/bin/rm -f ./scratch/wd.bsq ./scratch/wd.hdr ./scratch/wd.prj ./scratch/wd.bsq.aux.xml
/usr/bin/gdal_translate -of ENVI -co "INTERLEAVE=BSQ" ./inputs/wd.tif ./scratch/wd.bsq
Input file size is 600, 600
0...10...20...30...40...50...60...70...80...90...100 - done.
/bin/rm -f ./scratch/m1.bsq ./scratch/m1.hdr ./scratch/m1.prj ./scratch/m1.bsq.aux.xml
/usr/bin/gdal_translate -of ENVI -co "INTERLEAVE=BSQ" ./inputs/m1.tif ./scratch/m1.bsq
Input file size is 600, 600
0...10...20...30...40...50...60...70...80...90...100 - done.
/bin/rm -f ./scratch/m10.bsq ./scratch/m10.hdr ./scratch/m10.prj ./scratch/m10.bsq.aux.xml
/usr/bin/gdal_translate -of ENVI -co "INTERLEAVE=BSQ" ./inputs/m10.tif ./scratch/m10.bsq
Input file size is 600, 600
0...10...20...30...40...50...60...70...80...90...100 - done.
/bin/rm -f ./scratch/m100.bsq ./scratch/m100.hdr ./scratch/m100.prj ./scratch/m100.bsq.aux.xml
/usr/bin/gdal_translate -of ENVI -co "INTERLEAVE=BSQ" ./inputs/m100.tif ./scratch/m100.bsq
Input file size is 600, 600
0...10...20...30...40...50...60...70...80...90...100 - done.
 Reading fuel and topography rasters
/bin/rm -f ./scratch/asp.bsq ./scratch/asp.hdr ./scratch/asp.prj ./scratch/asp.bsq.aux.xml
/usr/bin/gdal_translate -of ENVI -co "INTERLEAVE=BSQ" ./inputs/asp.tif ./scratch/asp.bsq
Input file size is 600, 600
0...10...20...30...40...50...60...70...80...90...100 - done.
/bin/rm -f ./scratch/cbh.bsq ./scratch/cbh.hdr ./scratch/cbh.prj ./scratch/cbh.bsq.aux.xml
/usr/bin/gdal_translate -of ENVI -co "INTERLEAVE=BSQ" ./inputs/cbh.tif ./scratch/cbh.bsq
Input file size is 600, 600
0...10...20...30...40...50...60...70...80...90...100 - done.
/bin/rm -f ./scratch/cbd.bsq ./scratch/cbd.hdr ./scratch/cbd.prj ./scratch/cbd.bsq.aux.xml
/usr/bin/gdal_translate -of ENVI -co "INTERLEAVE=BSQ" ./inputs/cbd.tif ./scratch/cbd.bsq
Input file size is 600, 600
0...10...20...30...40...50...60...70...80...90...100 - done.
/bin/rm -f ./scratch/cc.bsq ./scratch/cc.hdr ./scratch/cc.prj ./scratch/cc.bsq.aux.xml
/usr/bin/gdal_translate -of ENVI -co "INTERLEAVE=BSQ" ./inputs/cc.tif ./scratch/cc.bsq
Input file size is 600, 600
0...10...20...30...40...50...60...70...80...90...100 - done.
/bin/rm -f ./scratch/ch.bsq ./scratch/ch.hdr ./scratch/ch.prj ./scratch/ch.bsq.aux.xml
/usr/bin/gdal_translate -of ENVI -co "INTERLEAVE=BSQ" ./inputs/ch.tif ./scratch/ch.bsq
Input file size is 600, 600
0...10...20...30...40...50...60...70...80...90...100 - done.
/bin/rm -f ./scratch/dem.bsq ./scratch/dem.hdr ./scratch/dem.prj ./scratch/dem.bsq.aux.xml
/usr/bin/gdal_translate -of ENVI -co "INTERLEAVE=BSQ" ./inputs/dem.tif ./scratch/dem.bsq
Input file size is 600, 600
0...10...20...30...40...50...60...70...80...90...100 - done.
/bin/rm -f ./scratch/fbfm40.bsq ./scratch/fbfm40.hdr ./scratch/fbfm40.prj ./scratch/fbfm40.bsq.aux.xml
/usr/bin/gdal_translate -of ENVI -co "INTERLEAVE=BSQ" ./inputs/fbfm40.tif ./scratch/fbfm40.bsq
Input file size is 600, 600
0...10...20...30...40...50...60...70...80...90...100 - done.
/bin/rm -f ./scratch/slp.bsq ./scratch/slp.hdr ./scratch/slp.prj ./scratch/slp.bsq.aux.xml
/usr/bin/gdal_translate -of ENVI -co "INTERLEAVE=BSQ" ./inputs/slp.tif ./scratch/slp.bsq
Input file size is 600, 600
0...10...20...30...40...50...60...70...80...90...100 - done.
/bin/rm -f ./scratch/adj.bsq ./scratch/adj.hdr ./scratch/adj.prj ./scratch/adj.bsq.aux.xml
/usr/bin/gdal_translate -of ENVI -co "INTERLEAVE=BSQ" ./inputs/adj.tif ./scratch/adj.bsq
Input file size is 600, 600
0...10...20...30...40...50...60...70...80...90...100 - done.
/bin/rm -f ./scratch/phi.bsq ./scratch/phi.hdr ./scratch/phi.prj ./scratch/phi.bsq.aux.xml
/usr/bin/gdal_translate -of ENVI -co "INTERLEAVE=BSQ" ./inputs/phi.tif ./scratch/phi.bsq
Input file size is 600, 600
0...10...20...30...40...50...60...70...80...90...100 - done.
 Allocating additional rasters
 Setting up shared memory, part 2
 Setting up statistics arrays
 ELMFIRE is running each ensemble member
Meteorology band      1: Case #       1 complete.  Fire area:   4753.4 acres.
 End of simulation reached successfully. Shutting down.
+ for f in $OUTPUTS_DIR/*.bil
++ basename ./outputs_C20.0_W29/flin_0000001_0043241.bil
++ cut -d. -f1
+ gdal_translate -a_srs 'EPSG: 32610' -co COMPRESS=DEFLATE -co ZLEVEL=9 ./outputs_C20.0_W29/flin_0000001_0043241.bil ./outputs_C20.0_W29/flin_0000001_0043241.tif
Input file size is 600, 600
0...10...20...30...40...50...60...70...80...90...100 - done.
+ for f in $OUTPUTS_DIR/*.bil
++ basename ./outputs_C20.0_W29/time_of_arrival_0000001_0043241.bil
++ cut -d. -f1
+ gdal_translate -a_srs 'EPSG: 32610' -co COMPRESS=DEFLATE -co ZLEVEL=9 ./outputs_C20.0_W29/time_of_arrival_0000001_0043241.bil ./outputs_C20.0_W29/time_of_arrival_0000001_0043241.tif
Input file size is 600, 600
0...10...20...30...40...50...60...70...80...90...100 - done.
+ for f in $OUTPUTS_DIR/*.bil
++ basename ./outputs_C20.0_W29/vs_0000001_0043241.bil
++ cut -d. -f1
+ gdal_translate -a_srs 'EPSG: 32610' -co COMPRESS=DEFLATE -co ZLEVEL=9 ./outputs_C20.0_W29/vs_0000001_0043241.bil ./outputs_C20.0_W29/vs_0000001_0043241.tif
Input file size is 600, 600
0...10...20...30...40...50...60...70...80...90...100 - done.
+ rm -f -r ./outputs_C20.0_W29/fire_size_stats.csv ./outputs_C20.0_W29/timings_firelabserver.csv ./outputs_C20.0_W29/flin_0000001_0043241.bil ./outputs_C20.0_W29/time_of_arrival_0000001_0043241.bil ./outputs_C20.0_W29/vs_0000001_0043241.bil ./outputs_C20.0_W29/flin_0000001_0043241.hdr ./outputs_C20.0_W29/time_of_arrival_0000001_0043241.hdr ./outputs_C20.0_W29/vs_0000001_0043241.hdr ./inputs/ws.tif
+ for WIND_SPEED in $(seq 0 1 30)
+ OUTPUTS_DIR=./outputs_C20.0_W30
+ replace_line OUTPUTS_DIRECTORY ./outputs_C20.0_W30 yes
+ MATCH_PATTERN=OUTPUTS_DIRECTORY
+ NEW_VALUE=./outputs_C20.0_W30
+ IS_STRING=yes
++ grep -n OUTPUTS_DIRECTORY ./inputs/elmfire.data
++ cut -d: -f1
+ LINE=25
+ sed -i '25 d' ./inputs/elmfire.data
+ '[' yes = yes ']'
+ sed -i '25 i OUTPUTS_DIRECTORY = '\''./outputs_C20.0_W30'\''' ./inputs/elmfire.data
+ '[' -d ./outputs_C20.0_W30 ']'
+ mkdir ./outputs_C20.0_W30
+ gdal_calc.py -A ./scratch/float.tif --co=COMPRESS=DEFLATE --co=ZLEVEL=9 --NoDataValue=-9999 --outfile=./inputs/ws.tif '--calc=A + 30'
0...10...20...30...40...50...60...70...80...90...100 - done.
+ /home/dwip/binYiren_SU/elmfire_2024.0916 ./inputs/elmfire.data
 ELMFIRE 2024.0916
 Reading &MISCELLANEOUS namelist group
 Reading &INPUTS namelist group
 Reading &OUTPUTS namelist group
 Reading &COMPUTATIONAL_DOMAIN namelist group
 Reading &TIME_CONTROL namelist group
 Reading &SIMULATOR namelist group
 Reading &WUI namelist group
 Reading &CALIBRATION namelist group
 Reading &SUPPRESSION namelist group
 Reading &SPOTTING namelist group
 Reading &SMOKE namelist group
 Reading &MONTE_CARLO namelist group
 Reading headers for fuels/topography and weather rasters
/usr/bin/gdal_translate -of ENVI -co "INTERLEAVE=BSQ" ./inputs/asp.tif ./scratch/asp.bsq
Input file size is 600, 600
0...10...20...30...40...50...60...70...80...90...100 - done.
/usr/bin/gdal_translate -of ENVI -co "INTERLEAVE=BSQ" ./inputs/ws.tif ./scratch/ws.bsq
Input file size is 600, 600
0...10...20...30...40...50...60...70...80...90...100 - done.
 Setting up shared memory, part 1
 Reading weather, fuel, and topography rasters
/bin/rm -f ./scratch/ws.bsq ./scratch/ws.hdr ./scratch/ws.prj ./scratch/ws.bsq.aux.xml
/usr/bin/gdal_translate -of ENVI -co "INTERLEAVE=BSQ" ./inputs/ws.tif ./scratch/ws.bsq
Input file size is 600, 600
0...10...20...30...40...50...60...70...80...90...100 - done.
/bin/rm -f ./scratch/wd.bsq ./scratch/wd.hdr ./scratch/wd.prj ./scratch/wd.bsq.aux.xml
/usr/bin/gdal_translate -of ENVI -co "INTERLEAVE=BSQ" ./inputs/wd.tif ./scratch/wd.bsq
Input file size is 600, 600
0...10...20...30...40...50...60...70...80...90...100 - done.
/bin/rm -f ./scratch/m1.bsq ./scratch/m1.hdr ./scratch/m1.prj ./scratch/m1.bsq.aux.xml
/usr/bin/gdal_translate -of ENVI -co "INTERLEAVE=BSQ" ./inputs/m1.tif ./scratch/m1.bsq
Input file size is 600, 600
0...10...20...30...40...50...60...70...80...90...100 - done.
/bin/rm -f ./scratch/m10.bsq ./scratch/m10.hdr ./scratch/m10.prj ./scratch/m10.bsq.aux.xml
/usr/bin/gdal_translate -of ENVI -co "INTERLEAVE=BSQ" ./inputs/m10.tif ./scratch/m10.bsq
Input file size is 600, 600
0...10...20...30...40...50...60...70...80...90...100 - done.
/bin/rm -f ./scratch/m100.bsq ./scratch/m100.hdr ./scratch/m100.prj ./scratch/m100.bsq.aux.xml
/usr/bin/gdal_translate -of ENVI -co "INTERLEAVE=BSQ" ./inputs/m100.tif ./scratch/m100.bsq
Input file size is 600, 600
0...10...20...30...40...50...60...70...80...90...100 - done.
 Reading fuel and topography rasters
/bin/rm -f ./scratch/asp.bsq ./scratch/asp.hdr ./scratch/asp.prj ./scratch/asp.bsq.aux.xml
/usr/bin/gdal_translate -of ENVI -co "INTERLEAVE=BSQ" ./inputs/asp.tif ./scratch/asp.bsq
Input file size is 600, 600
0...10...20...30...40...50...60...70...80...90...100 - done.
/bin/rm -f ./scratch/cbh.bsq ./scratch/cbh.hdr ./scratch/cbh.prj ./scratch/cbh.bsq.aux.xml
/usr/bin/gdal_translate -of ENVI -co "INTERLEAVE=BSQ" ./inputs/cbh.tif ./scratch/cbh.bsq
Input file size is 600, 600
0...10...20...30...40...50...60...70...80...90...100 - done.
/bin/rm -f ./scratch/cbd.bsq ./scratch/cbd.hdr ./scratch/cbd.prj ./scratch/cbd.bsq.aux.xml
/usr/bin/gdal_translate -of ENVI -co "INTERLEAVE=BSQ" ./inputs/cbd.tif ./scratch/cbd.bsq
Input file size is 600, 600
0...10...20...30...40...50...60...70...80...90...100 - done.
/bin/rm -f ./scratch/cc.bsq ./scratch/cc.hdr ./scratch/cc.prj ./scratch/cc.bsq.aux.xml
/usr/bin/gdal_translate -of ENVI -co "INTERLEAVE=BSQ" ./inputs/cc.tif ./scratch/cc.bsq
Input file size is 600, 600
0...10...20...30...40...50...60...70...80...90...100 - done.
/bin/rm -f ./scratch/ch.bsq ./scratch/ch.hdr ./scratch/ch.prj ./scratch/ch.bsq.aux.xml
/usr/bin/gdal_translate -of ENVI -co "INTERLEAVE=BSQ" ./inputs/ch.tif ./scratch/ch.bsq
Input file size is 600, 600
0...10...20...30...40...50...60...70...80...90...100 - done.
/bin/rm -f ./scratch/dem.bsq ./scratch/dem.hdr ./scratch/dem.prj ./scratch/dem.bsq.aux.xml
/usr/bin/gdal_translate -of ENVI -co "INTERLEAVE=BSQ" ./inputs/dem.tif ./scratch/dem.bsq
Input file size is 600, 600
0...10...20...30...40...50...60...70...80...90...100 - done.
/bin/rm -f ./scratch/fbfm40.bsq ./scratch/fbfm40.hdr ./scratch/fbfm40.prj ./scratch/fbfm40.bsq.aux.xml
/usr/bin/gdal_translate -of ENVI -co "INTERLEAVE=BSQ" ./inputs/fbfm40.tif ./scratch/fbfm40.bsq
Input file size is 600, 600
0...10...20...30...40...50...60...70...80...90...100 - done.
/bin/rm -f ./scratch/slp.bsq ./scratch/slp.hdr ./scratch/slp.prj ./scratch/slp.bsq.aux.xml
/usr/bin/gdal_translate -of ENVI -co "INTERLEAVE=BSQ" ./inputs/slp.tif ./scratch/slp.bsq
Input file size is 600, 600
0...10...20...30...40...50...60...70...80...90...100 - done.
/bin/rm -f ./scratch/adj.bsq ./scratch/adj.hdr ./scratch/adj.prj ./scratch/adj.bsq.aux.xml
/usr/bin/gdal_translate -of ENVI -co "INTERLEAVE=BSQ" ./inputs/adj.tif ./scratch/adj.bsq
Input file size is 600, 600
0...10...20...30...40...50...60...70...80...90...100 - done.
/bin/rm -f ./scratch/phi.bsq ./scratch/phi.hdr ./scratch/phi.prj ./scratch/phi.bsq.aux.xml
/usr/bin/gdal_translate -of ENVI -co "INTERLEAVE=BSQ" ./inputs/phi.tif ./scratch/phi.bsq
Input file size is 600, 600
0...10...20...30...40...50...60...70...80...90...100 - done.
 Allocating additional rasters
 Setting up shared memory, part 2
 Setting up statistics arrays
 ELMFIRE is running each ensemble member
Meteorology band      1: Case #       1 complete.  Fire area:   5197.0 acres.
 End of simulation reached successfully. Shutting down.
+ for f in $OUTPUTS_DIR/*.bil
++ basename ./outputs_C20.0_W30/flin_0000001_0043252.bil
++ cut -d. -f1
+ gdal_translate -a_srs 'EPSG: 32610' -co COMPRESS=DEFLATE -co ZLEVEL=9 ./outputs_C20.0_W30/flin_0000001_0043252.bil ./outputs_C20.0_W30/flin_0000001_0043252.tif
Input file size is 600, 600
0...10...20...30...40...50...60...70...80...90...100 - done.
+ for f in $OUTPUTS_DIR/*.bil
++ basename ./outputs_C20.0_W30/time_of_arrival_0000001_0043252.bil
++ cut -d. -f1
+ gdal_translate -a_srs 'EPSG: 32610' -co COMPRESS=DEFLATE -co ZLEVEL=9 ./outputs_C20.0_W30/time_of_arrival_0000001_0043252.bil ./outputs_C20.0_W30/time_of_arrival_0000001_0043252.tif
Input file size is 600, 600
0...10...20...30...40...50...60...70...80...90...100 - done.
+ for f in $OUTPUTS_DIR/*.bil
++ basename ./outputs_C20.0_W30/vs_0000001_0043252.bil
++ cut -d. -f1
+ gdal_translate -a_srs 'EPSG: 32610' -co COMPRESS=DEFLATE -co ZLEVEL=9 ./outputs_C20.0_W30/vs_0000001_0043252.bil ./outputs_C20.0_W30/vs_0000001_0043252.tif
Input file size is 600, 600
0...10...20...30...40...50...60...70...80...90...100 - done.
+ rm -f -r ./outputs_C20.0_W30/fire_size_stats.csv ./outputs_C20.0_W30/timings_firelabserver.csv ./outputs_C20.0_W30/flin_0000001_0043252.bil ./outputs_C20.0_W30/time_of_arrival_0000001_0043252.bil ./outputs_C20.0_W30/vs_0000001_0043252.bil ./outputs_C20.0_W30/flin_0000001_0043252.hdr ./outputs_C20.0_W30/time_of_arrival_0000001_0043252.hdr ./outputs_C20.0_W30/vs_0000001_0043252.hdr ./inputs/ws.tif
+ '[' -d outputsSingle ']'
+ rm -r outputsSingle
+ mkdir outputsSingle
+ mv outputs_C20.0_W0 outputs_C20.0_W1 outputs_C20.0_W10 outputs_C20.0_W11 outputs_C20.0_W12 outputs_C20.0_W13 outputs_C20.0_W14 outputs_C20.0_W15 outputs_C20.0_W16 outputs_C20.0_W17 outputs_C20.0_W18 outputs_C20.0_W19 outputs_C20.0_W2 outputs_C20.0_W20 outputs_C20.0_W21 outputs_C20.0_W22 outputs_C20.0_W23 outputs_C20.0_W24 outputs_C20.0_W25 outputs_C20.0_W26 outputs_C20.0_W27 outputs_C20.0_W28 outputs_C20.0_W29 outputs_C20.0_W3 outputs_C20.0_W30 outputs_C20.0_W4 outputs_C20.0_W5 outputs_C20.0_W6 outputs_C20.0_W7 outputs_C20.0_W8 outputs_C20.0_W9 outputsSingle
+ exit 0
+ CELLSIZE=20.0
+ DOMAINSIZE=12000.0
+ SIMULATION_TSTOP=43200.0
+ NUM_FLOAT_RASTERS=7
+ FLOAT_RASTER[2]=wd
+ FLOAT_VAL[2]=0.0
+ FLOAT_RASTER[3]=m1
+ FLOAT_VAL[3]=3.0
+ FLOAT_RASTER[4]=m10
+ FLOAT_VAL[4]=4.0
+ FLOAT_RASTER[5]=m100
+ FLOAT_VAL[5]=5.0
+ FLOAT_RASTER[6]=adj
+ FLOAT_VAL[6]=1.0
+ FLOAT_RASTER[7]=phi
+ FLOAT_VAL[7]=1.0
+ NUM_INT_RASTERS=8
+ INT_RASTER[1]=slp
+ INT_VAL[1]=0
+ INT_RASTER[2]=asp
+ INT_VAL[2]=0
+ INT_RASTER[3]=dem
+ INT_VAL[3]=0
+ INT_RASTER[4]=fbfm40
+ INT_VAL[4]=91
+ INT_RASTER[5]=cc
+ INT_VAL[5]=0
+ INT_RASTER[6]=ch
+ INT_VAL[6]=0
+ INT_RASTER[7]=cbh
+ INT_VAL[7]=0
+ INT_RASTER[8]=cbd
+ INT_VAL[8]=0
+ LH_MOISTURE_CONTENT=30.0
+ LW_MOISTURE_CONTENT=60.0
+ A_SRS='EPSG: 32610'
+ ELMFIRE_VER=2024.0916
++ echo '0.0 - 0.5 * 12000.0'
++ bc -l
+ XMIN=-6000.00
++ echo '0.0 + 0.5 * 12000.0'
++ bc -l
+ XMAX=6000.00
+ YMIN=-6000.00
+ YMAX=6000.00
+ TR='20.0 20.0'
+ TE='-6000.00 -6000.00 6000.00 6000.00'
+ SCRATCH=./scratch
+ INPUTS=./inputs
+ MISC=./misc
+ rm -f -r ./scratch ./inputs
+ mkdir ./inputs ./scratch
+ cp elmfire.data.in ./inputs/elmfire.data
+ printf 'x,y,z\n-100000,-100000,0\n100000,-100000,0\n-100000,100000,0\n100000,100000,0\n'
+ gdalwarp -tr 200000 200000 -te -100000 -100000 100000 100000 -s_srs 'EPSG: 32610' -t_srs 'EPSG: 32610' ./scratch/dummy.xyz ./scratch/dummy.tif
Creating output file that is 1P x 1L.
Processing ./scratch/dummy.xyz [1/1] : 0...10...20...30...40...50...60...70...80...90...100 - done.
+ gdalwarp -dstnodata -9999 -ot Float32 -tr 20.0 20.0 -te -6000.00 -6000.00 6000.00 6000.00 ./scratch/dummy.tif ./scratch/float.tif
Creating output file that is 600P x 600L.
Processing ./scratch/dummy.tif [1/1] : 0...10...20...30...40...50...60...70...80...90...100 - done.
+ gdalwarp -dstnodata -9999 -ot Int16 -tr 20.0 20.0 -te -6000.00 -6000.00 6000.00 6000.00 ./scratch/dummy.tif ./scratch/int.tif
Creating output file that is 600P x 600L.
Processing ./scratch/dummy.tif [1/1] : 0...10...20...30...40...50...60...70...80...90...100 - done.
++ eval echo '{2..7}'
+++ echo 2 3 4 5 6 7
+ for i in $(eval echo "{2..$NUM_FLOAT_RASTERS}")
+ gdal_calc.py -A ./scratch/float.tif --co=COMPRESS=DEFLATE --co=ZLEVEL=9 --NoDataValue=-9999 --outfile=./inputs/wd.tif '--calc=A + 0.0'
0...10...20...30...40...50...60...70...80...90...100 - done.
+ for i in $(eval echo "{2..$NUM_FLOAT_RASTERS}")
+ gdal_calc.py -A ./scratch/float.tif --co=COMPRESS=DEFLATE --co=ZLEVEL=9 --NoDataValue=-9999 --outfile=./inputs/m1.tif '--calc=A + 3.0'
0...10...20...30...40...50...60...70...80...90...100 - done.
+ for i in $(eval echo "{2..$NUM_FLOAT_RASTERS}")
+ gdal_calc.py -A ./scratch/float.tif --co=COMPRESS=DEFLATE --co=ZLEVEL=9 --NoDataValue=-9999 --outfile=./inputs/m10.tif '--calc=A + 4.0'
0...10...20...30...40...50...60...70...80...90...100 - done.
+ for i in $(eval echo "{2..$NUM_FLOAT_RASTERS}")
+ gdal_calc.py -A ./scratch/float.tif --co=COMPRESS=DEFLATE --co=ZLEVEL=9 --NoDataValue=-9999 --outfile=./inputs/m100.tif '--calc=A + 5.0'
0...10...20...30...40...50...60...70...80...90...100 - done.
+ for i in $(eval echo "{2..$NUM_FLOAT_RASTERS}")
+ gdal_calc.py -A ./scratch/float.tif --co=COMPRESS=DEFLATE --co=ZLEVEL=9 --NoDataValue=-9999 --outfile=./inputs/adj.tif '--calc=A + 1.0'
0...10...20...30...40...50...60...70...80...90...100 - done.
+ for i in $(eval echo "{2..$NUM_FLOAT_RASTERS}")
+ gdal_calc.py -A ./scratch/float.tif --co=COMPRESS=DEFLATE --co=ZLEVEL=9 --NoDataValue=-9999 --outfile=./inputs/phi.tif '--calc=A + 1.0'
0...10...20...30...40...50...60...70...80...90...100 - done.
++ eval echo '{1..8}'
+++ echo 1 2 3 4 5 6 7 8
+ for i in $(eval echo "{1..$NUM_INT_RASTERS}")
+ gdal_calc.py -A ./scratch/int.tif --co=COMPRESS=DEFLATE --co=ZLEVEL=9 --NoDataValue=-9999 --outfile=./inputs/slp.tif '--calc=A + 0'
0...10...20...30...40...50...60...70...80...90...100 - done.
+ for i in $(eval echo "{1..$NUM_INT_RASTERS}")
+ gdal_calc.py -A ./scratch/int.tif --co=COMPRESS=DEFLATE --co=ZLEVEL=9 --NoDataValue=-9999 --outfile=./inputs/asp.tif '--calc=A + 0'
0...10...20...30...40...50...60...70...80...90...100 - done.
+ for i in $(eval echo "{1..$NUM_INT_RASTERS}")
+ gdal_calc.py -A ./scratch/int.tif --co=COMPRESS=DEFLATE --co=ZLEVEL=9 --NoDataValue=-9999 --outfile=./inputs/dem.tif '--calc=A + 0'
0...10...20...30...40...50...60...70...80...90...100 - done.
+ for i in $(eval echo "{1..$NUM_INT_RASTERS}")
+ gdal_calc.py -A ./scratch/int.tif --co=COMPRESS=DEFLATE --co=ZLEVEL=9 --NoDataValue=-9999 --outfile=./inputs/fbfm40.tif '--calc=A + 91'
0...10...20...30...40...50...60...70...80...90...100 - done.
+ for i in $(eval echo "{1..$NUM_INT_RASTERS}")
+ gdal_calc.py -A ./scratch/int.tif --co=COMPRESS=DEFLATE --co=ZLEVEL=9 --NoDataValue=-9999 --outfile=./inputs/cc.tif '--calc=A + 0'
0...10...20...30...40...50...60...70...80...90...100 - done.
+ for i in $(eval echo "{1..$NUM_INT_RASTERS}")
+ gdal_calc.py -A ./scratch/int.tif --co=COMPRESS=DEFLATE --co=ZLEVEL=9 --NoDataValue=-9999 --outfile=./inputs/ch.tif '--calc=A + 0'
0...10...20...30...40...50...60...70...80...90...100 - done.
+ for i in $(eval echo "{1..$NUM_INT_RASTERS}")
+ gdal_calc.py -A ./scratch/int.tif --co=COMPRESS=DEFLATE --co=ZLEVEL=9 --NoDataValue=-9999 --outfile=./inputs/cbh.tif '--calc=A + 0'
0...10...20...30...40...50...60...70...80...90...100 - done.
+ for i in $(eval echo "{1..$NUM_INT_RASTERS}")
+ gdal_calc.py -A ./scratch/int.tif --co=COMPRESS=DEFLATE --co=ZLEVEL=9 --NoDataValue=-9999 --outfile=./inputs/cbd.tif '--calc=A + 0'
0...10...20...30...40...50...60...70...80...90...100 - done.
+ replace_line COMPUTATIONAL_DOMAIN_XLLCORNER -6000.00 no
+ MATCH_PATTERN=COMPUTATIONAL_DOMAIN_XLLCORNER
+ NEW_VALUE=-6000.00
+ IS_STRING=no
++ grep -n COMPUTATIONAL_DOMAIN_XLLCORNER ./inputs/elmfire.data
++ cut -d: -f1
+ LINE=41
+ sed -i '41 d' ./inputs/elmfire.data
+ '[' no = yes ']'
+ sed -i '41 i COMPUTATIONAL_DOMAIN_XLLCORNER = -6000.00' ./inputs/elmfire.data
+ replace_line COMPUTATIONAL_DOMAIN_YLLCORNER -6000.00 no
+ MATCH_PATTERN=COMPUTATIONAL_DOMAIN_YLLCORNER
+ NEW_VALUE=-6000.00
+ IS_STRING=no
++ grep -n COMPUTATIONAL_DOMAIN_YLLCORNER ./inputs/elmfire.data
++ cut -d: -f1
+ LINE=42
+ sed -i '42 d' ./inputs/elmfire.data
+ '[' no = yes ']'
+ sed -i '42 i COMPUTATIONAL_DOMAIN_YLLCORNER = -6000.00' ./inputs/elmfire.data
+ replace_line COMPUTATIONAL_DOMAIN_CELLSIZE 20.0 no
+ MATCH_PATTERN=COMPUTATIONAL_DOMAIN_CELLSIZE
+ NEW_VALUE=20.0
+ IS_STRING=no
++ grep -n COMPUTATIONAL_DOMAIN_CELLSIZE ./inputs/elmfire.data
++ cut -d: -f1
+ LINE=40
+ sed -i '40 d' ./inputs/elmfire.data
+ '[' no = yes ']'
+ sed -i '40 i COMPUTATIONAL_DOMAIN_CELLSIZE = 20.0' ./inputs/elmfire.data
+ replace_line SIMULATION_TSTOP 43200.0 no
+ MATCH_PATTERN=SIMULATION_TSTOP
+ NEW_VALUE=43200.0
+ IS_STRING=no
++ grep -n SIMULATION_TSTOP ./inputs/elmfire.data
++ cut -d: -f1
+ LINE=47
+ sed -i '47 d' ./inputs/elmfire.data
+ '[' no = yes ']'
+ sed -i '47 i SIMULATION_TSTOP = 43200.0' ./inputs/elmfire.data
+ replace_line LH_MOISTURE_CONTENT 30.0 no
+ MATCH_PATTERN=LH_MOISTURE_CONTENT
+ NEW_VALUE=30.0
+ IS_STRING=no
++ grep -n LH_MOISTURE_CONTENT ./inputs/elmfire.data
++ cut -d: -f1
+ LINE=20
+ sed -i '20 d' ./inputs/elmfire.data
+ '[' no = yes ']'
+ sed -i '20 i LH_MOISTURE_CONTENT = 30.0' ./inputs/elmfire.data
+ replace_line LW_MOISTURE_CONTENT 60.0 no
+ MATCH_PATTERN=LW_MOISTURE_CONTENT
+ NEW_VALUE=60.0
+ IS_STRING=no
++ grep -n LW_MOISTURE_CONTENT ./inputs/elmfire.data
++ cut -d: -f1
+ LINE=21
+ sed -i '21 d' ./inputs/elmfire.data
+ '[' no = yes ']'
+ sed -i '21 i LW_MOISTURE_CONTENT = 60.0' ./inputs/elmfire.data
+ replace_line A_SRS 'EPSG: 32610' yes
+ MATCH_PATTERN=A_SRS
+ NEW_VALUE='EPSG: 32610'
+ IS_STRING=yes
++ grep -n A_SRS ./inputs/elmfire.data
++ cut -d: -f1
+ LINE=39
+ sed -i '39 d' ./inputs/elmfire.data
+ '[' yes = yes ']'
+ sed -i '39 i A_SRS = '\''EPSG: 32610'\''' ./inputs/elmfire.data
++ seq 0 1 30
+ for WIND_SPEED in $(seq 0 1 30)
+ OUTPUTS_DIR=./outputs_C20.0_W0
+ replace_line OUTPUTS_DIRECTORY ./outputs_C20.0_W0 yes
+ MATCH_PATTERN=OUTPUTS_DIRECTORY
+ NEW_VALUE=./outputs_C20.0_W0
+ IS_STRING=yes
++ grep -n OUTPUTS_DIRECTORY ./inputs/elmfire.data
++ cut -d: -f1
+ LINE=25
+ sed -i '25 d' ./inputs/elmfire.data
+ '[' yes = yes ']'
+ sed -i '25 i OUTPUTS_DIRECTORY = '\''./outputs_C20.0_W0'\''' ./inputs/elmfire.data
+ '[' -d ./outputs_C20.0_W0 ']'
+ mkdir ./outputs_C20.0_W0
+ gdal_calc.py -A ./scratch/float.tif --co=COMPRESS=DEFLATE --co=ZLEVEL=9 --NoDataValue=-9999 --outfile=./inputs/ws.tif '--calc=A + 0'
0...10...20...30...40...50...60...70...80...90...100 - done.
+ /home/dwip/binYiren_SU2/elmfire_2024.0916 ./inputs/elmfire.data
 ELMFIRE 2024.0916
 Reading &MISCELLANEOUS namelist group
 Reading &INPUTS namelist group
 Reading &OUTPUTS namelist group
 Reading &COMPUTATIONAL_DOMAIN namelist group
 Reading &TIME_CONTROL namelist group
 Reading &SIMULATOR namelist group
 Reading &WUI namelist group
 Reading &CALIBRATION namelist group
 Reading &SUPPRESSION namelist group
 Reading &SPOTTING namelist group
 Reading &SMOKE namelist group
 Reading &MONTE_CARLO namelist group
 Reading headers for fuels/topography and weather rasters
/usr/bin/gdal_translate -of ENVI -co "INTERLEAVE=BSQ" ./inputs/asp.tif ./scratch/asp.bsq
Input file size is 600, 600
0...10...20...30...40...50...60...70...80...90...100 - done.
/usr/bin/gdal_translate -of ENVI -co "INTERLEAVE=BSQ" ./inputs/ws.tif ./scratch/ws.bsq
Input file size is 600, 600
0...10...20...30...40...50...60...70...80...90...100 - done.
 Setting up shared memory, part 1
 Reading weather, fuel, and topography rasters
/bin/rm -f ./scratch/ws.bsq ./scratch/ws.hdr ./scratch/ws.prj ./scratch/ws.bsq.aux.xml
/usr/bin/gdal_translate -of ENVI -co "INTERLEAVE=BSQ" ./inputs/ws.tif ./scratch/ws.bsq
Input file size is 600, 600
0...10...20...30...40...50...60...70...80...90...100 - done.
/bin/rm -f ./scratch/wd.bsq ./scratch/wd.hdr ./scratch/wd.prj ./scratch/wd.bsq.aux.xml
/usr/bin/gdal_translate -of ENVI -co "INTERLEAVE=BSQ" ./inputs/wd.tif ./scratch/wd.bsq
Input file size is 600, 600
0...10...20...30...40...50...60...70...80...90...100 - done.
/bin/rm -f ./scratch/m1.bsq ./scratch/m1.hdr ./scratch/m1.prj ./scratch/m1.bsq.aux.xml
/usr/bin/gdal_translate -of ENVI -co "INTERLEAVE=BSQ" ./inputs/m1.tif ./scratch/m1.bsq
Input file size is 600, 600
0...10...20...30...40...50...60...70...80...90...100 - done.
/bin/rm -f ./scratch/m10.bsq ./scratch/m10.hdr ./scratch/m10.prj ./scratch/m10.bsq.aux.xml
/usr/bin/gdal_translate -of ENVI -co "INTERLEAVE=BSQ" ./inputs/m10.tif ./scratch/m10.bsq
Input file size is 600, 600
0...10...20...30...40...50...60...70...80...90...100 - done.
/bin/rm -f ./scratch/m100.bsq ./scratch/m100.hdr ./scratch/m100.prj ./scratch/m100.bsq.aux.xml
/usr/bin/gdal_translate -of ENVI -co "INTERLEAVE=BSQ" ./inputs/m100.tif ./scratch/m100.bsq
Input file size is 600, 600
0...10...20...30...40...50...60...70...80...90...100 - done.
 Reading fuel and topography rasters
/bin/rm -f ./scratch/asp.bsq ./scratch/asp.hdr ./scratch/asp.prj ./scratch/asp.bsq.aux.xml
/usr/bin/gdal_translate -of ENVI -co "INTERLEAVE=BSQ" ./inputs/asp.tif ./scratch/asp.bsq
Input file size is 600, 600
0...10...20...30...40...50...60...70...80...90...100 - done.
/bin/rm -f ./scratch/cbh.bsq ./scratch/cbh.hdr ./scratch/cbh.prj ./scratch/cbh.bsq.aux.xml
/usr/bin/gdal_translate -of ENVI -co "INTERLEAVE=BSQ" ./inputs/cbh.tif ./scratch/cbh.bsq
Input file size is 600, 600
0...10...20...30...40...50...60...70...80...90...100 - done.
/bin/rm -f ./scratch/cbd.bsq ./scratch/cbd.hdr ./scratch/cbd.prj ./scratch/cbd.bsq.aux.xml
/usr/bin/gdal_translate -of ENVI -co "INTERLEAVE=BSQ" ./inputs/cbd.tif ./scratch/cbd.bsq
Input file size is 600, 600
0...10...20...30...40...50...60...70...80...90...100 - done.
/bin/rm -f ./scratch/cc.bsq ./scratch/cc.hdr ./scratch/cc.prj ./scratch/cc.bsq.aux.xml
/usr/bin/gdal_translate -of ENVI -co "INTERLEAVE=BSQ" ./inputs/cc.tif ./scratch/cc.bsq
Input file size is 600, 600
0...10...20...30...40...50...60...70...80...90...100 - done.
/bin/rm -f ./scratch/ch.bsq ./scratch/ch.hdr ./scratch/ch.prj ./scratch/ch.bsq.aux.xml
/usr/bin/gdal_translate -of ENVI -co "INTERLEAVE=BSQ" ./inputs/ch.tif ./scratch/ch.bsq
Input file size is 600, 600
0...10...20...30...40...50...60...70...80...90...100 - done.
/bin/rm -f ./scratch/dem.bsq ./scratch/dem.hdr ./scratch/dem.prj ./scratch/dem.bsq.aux.xml
/usr/bin/gdal_translate -of ENVI -co "INTERLEAVE=BSQ" ./inputs/dem.tif ./scratch/dem.bsq
Input file size is 600, 600
0...10...20...30...40...50...60...70...80...90...100 - done.
/bin/rm -f ./scratch/fbfm40.bsq ./scratch/fbfm40.hdr ./scratch/fbfm40.prj ./scratch/fbfm40.bsq.aux.xml
/usr/bin/gdal_translate -of ENVI -co "INTERLEAVE=BSQ" ./inputs/fbfm40.tif ./scratch/fbfm40.bsq
Input file size is 600, 600
0...10...20...30...40...50...60...70...80...90...100 - done.
/bin/rm -f ./scratch/slp.bsq ./scratch/slp.hdr ./scratch/slp.prj ./scratch/slp.bsq.aux.xml
/usr/bin/gdal_translate -of ENVI -co "INTERLEAVE=BSQ" ./inputs/slp.tif ./scratch/slp.bsq
Input file size is 600, 600
0...10...20...30...40...50...60...70...80...90...100 - done.
/bin/rm -f ./scratch/adj.bsq ./scratch/adj.hdr ./scratch/adj.prj ./scratch/adj.bsq.aux.xml
/usr/bin/gdal_translate -of ENVI -co "INTERLEAVE=BSQ" ./inputs/adj.tif ./scratch/adj.bsq
Input file size is 600, 600
0...10...20...30...40...50...60...70...80...90...100 - done.
/bin/rm -f ./scratch/phi.bsq ./scratch/phi.hdr ./scratch/phi.prj ./scratch/phi.bsq.aux.xml
/usr/bin/gdal_translate -of ENVI -co "INTERLEAVE=BSQ" ./inputs/phi.tif ./scratch/phi.bsq
Input file size is 600, 600
0...10...20...30...40...50...60...70...80...90...100 - done.
 Allocating additional rasters
 Setting up shared memory, part 2
 Setting up statistics arrays
 ELMFIRE is running each ensemble member
Meteorology band      1: Case #       1 complete.  Fire area:    133.3 acres.
 End of simulation reached successfully. Shutting down.
+ for f in $OUTPUTS_DIR/*.bil
++ basename ./outputs_C20.0_W0/flin_0000001_0043440.bil
++ cut -d. -f1
+ gdal_translate -a_srs 'EPSG: 32610' -co COMPRESS=DEFLATE -co ZLEVEL=9 ./outputs_C20.0_W0/flin_0000001_0043440.bil ./outputs_C20.0_W0/flin_0000001_0043440.tif
Input file size is 600, 600
0...10...20...30...40...50...60...70...80...90...100 - done.
+ for f in $OUTPUTS_DIR/*.bil
++ basename ./outputs_C20.0_W0/time_of_arrival_0000001_0043440.bil
++ cut -d. -f1
+ gdal_translate -a_srs 'EPSG: 32610' -co COMPRESS=DEFLATE -co ZLEVEL=9 ./outputs_C20.0_W0/time_of_arrival_0000001_0043440.bil ./outputs_C20.0_W0/time_of_arrival_0000001_0043440.tif
Input file size is 600, 600
0...10...20...30...40...50...60...70...80...90...100 - done.
+ for f in $OUTPUTS_DIR/*.bil
++ basename ./outputs_C20.0_W0/vs_0000001_0043440.bil
++ cut -d. -f1
+ gdal_translate -a_srs 'EPSG: 32610' -co COMPRESS=DEFLATE -co ZLEVEL=9 ./outputs_C20.0_W0/vs_0000001_0043440.bil ./outputs_C20.0_W0/vs_0000001_0043440.tif
Input file size is 600, 600
0...10...20...30...40...50...60...70...80...90...100 - done.
+ rm -f -r ./outputs_C20.0_W0/fire_size_stats.csv ./outputs_C20.0_W0/timings_firelabserver.csv ./outputs_C20.0_W0/flin_0000001_0043440.bil ./outputs_C20.0_W0/time_of_arrival_0000001_0043440.bil ./outputs_C20.0_W0/vs_0000001_0043440.bil ./outputs_C20.0_W0/flin_0000001_0043440.hdr ./outputs_C20.0_W0/time_of_arrival_0000001_0043440.hdr ./outputs_C20.0_W0/vs_0000001_0043440.hdr ./inputs/ws.tif
+ for WIND_SPEED in $(seq 0 1 30)
+ OUTPUTS_DIR=./outputs_C20.0_W1
+ replace_line OUTPUTS_DIRECTORY ./outputs_C20.0_W1 yes
+ MATCH_PATTERN=OUTPUTS_DIRECTORY
+ NEW_VALUE=./outputs_C20.0_W1
+ IS_STRING=yes
++ grep -n OUTPUTS_DIRECTORY ./inputs/elmfire.data
++ cut -d: -f1
+ LINE=25
+ sed -i '25 d' ./inputs/elmfire.data
+ '[' yes = yes ']'
+ sed -i '25 i OUTPUTS_DIRECTORY = '\''./outputs_C20.0_W1'\''' ./inputs/elmfire.data
+ '[' -d ./outputs_C20.0_W1 ']'
+ mkdir ./outputs_C20.0_W1
+ gdal_calc.py -A ./scratch/float.tif --co=COMPRESS=DEFLATE --co=ZLEVEL=9 --NoDataValue=-9999 --outfile=./inputs/ws.tif '--calc=A + 1'
0...10...20...30...40...50...60...70...80...90...100 - done.
+ /home/dwip/binYiren_SU2/elmfire_2024.0916 ./inputs/elmfire.data
 ELMFIRE 2024.0916
 Reading &MISCELLANEOUS namelist group
 Reading &INPUTS namelist group
 Reading &OUTPUTS namelist group
 Reading &COMPUTATIONAL_DOMAIN namelist group
 Reading &TIME_CONTROL namelist group
 Reading &SIMULATOR namelist group
 Reading &WUI namelist group
 Reading &CALIBRATION namelist group
 Reading &SUPPRESSION namelist group
 Reading &SPOTTING namelist group
 Reading &SMOKE namelist group
 Reading &MONTE_CARLO namelist group
 Reading headers for fuels/topography and weather rasters
/usr/bin/gdal_translate -of ENVI -co "INTERLEAVE=BSQ" ./inputs/asp.tif ./scratch/asp.bsq
Input file size is 600, 600
0...10...20...30...40...50...60...70...80...90...100 - done.
/usr/bin/gdal_translate -of ENVI -co "INTERLEAVE=BSQ" ./inputs/ws.tif ./scratch/ws.bsq
Input file size is 600, 600
0...10...20...30...40...50...60...70...80...90...100 - done.
 Setting up shared memory, part 1
 Reading weather, fuel, and topography rasters
/bin/rm -f ./scratch/ws.bsq ./scratch/ws.hdr ./scratch/ws.prj ./scratch/ws.bsq.aux.xml
/usr/bin/gdal_translate -of ENVI -co "INTERLEAVE=BSQ" ./inputs/ws.tif ./scratch/ws.bsq
Input file size is 600, 600
0...10...20...30...40...50...60...70...80...90...100 - done.
/bin/rm -f ./scratch/wd.bsq ./scratch/wd.hdr ./scratch/wd.prj ./scratch/wd.bsq.aux.xml
/usr/bin/gdal_translate -of ENVI -co "INTERLEAVE=BSQ" ./inputs/wd.tif ./scratch/wd.bsq
Input file size is 600, 600
0...10...20...30...40...50...60...70...80...90...100 - done.
/bin/rm -f ./scratch/m1.bsq ./scratch/m1.hdr ./scratch/m1.prj ./scratch/m1.bsq.aux.xml
/usr/bin/gdal_translate -of ENVI -co "INTERLEAVE=BSQ" ./inputs/m1.tif ./scratch/m1.bsq
Input file size is 600, 600
0...10...20...30...40...50...60...70...80...90...100 - done.
/bin/rm -f ./scratch/m10.bsq ./scratch/m10.hdr ./scratch/m10.prj ./scratch/m10.bsq.aux.xml
/usr/bin/gdal_translate -of ENVI -co "INTERLEAVE=BSQ" ./inputs/m10.tif ./scratch/m10.bsq
Input file size is 600, 600
0...10...20...30...40...50...60...70...80...90...100 - done.
/bin/rm -f ./scratch/m100.bsq ./scratch/m100.hdr ./scratch/m100.prj ./scratch/m100.bsq.aux.xml
/usr/bin/gdal_translate -of ENVI -co "INTERLEAVE=BSQ" ./inputs/m100.tif ./scratch/m100.bsq
Input file size is 600, 600
0...10...20...30...40...50...60...70...80...90...100 - done.
 Reading fuel and topography rasters
/bin/rm -f ./scratch/asp.bsq ./scratch/asp.hdr ./scratch/asp.prj ./scratch/asp.bsq.aux.xml
/usr/bin/gdal_translate -of ENVI -co "INTERLEAVE=BSQ" ./inputs/asp.tif ./scratch/asp.bsq
Input file size is 600, 600
0...10...20...30...40...50...60...70...80...90...100 - done.
/bin/rm -f ./scratch/cbh.bsq ./scratch/cbh.hdr ./scratch/cbh.prj ./scratch/cbh.bsq.aux.xml
/usr/bin/gdal_translate -of ENVI -co "INTERLEAVE=BSQ" ./inputs/cbh.tif ./scratch/cbh.bsq
Input file size is 600, 600
0...10...20...30...40...50...60...70...80...90...100 - done.
/bin/rm -f ./scratch/cbd.bsq ./scratch/cbd.hdr ./scratch/cbd.prj ./scratch/cbd.bsq.aux.xml
/usr/bin/gdal_translate -of ENVI -co "INTERLEAVE=BSQ" ./inputs/cbd.tif ./scratch/cbd.bsq
Input file size is 600, 600
0...10...20...30...40...50...60...70...80...90...100 - done.
/bin/rm -f ./scratch/cc.bsq ./scratch/cc.hdr ./scratch/cc.prj ./scratch/cc.bsq.aux.xml
/usr/bin/gdal_translate -of ENVI -co "INTERLEAVE=BSQ" ./inputs/cc.tif ./scratch/cc.bsq
Input file size is 600, 600
0...10...20...30...40...50...60...70...80...90...100 - done.
/bin/rm -f ./scratch/ch.bsq ./scratch/ch.hdr ./scratch/ch.prj ./scratch/ch.bsq.aux.xml
/usr/bin/gdal_translate -of ENVI -co "INTERLEAVE=BSQ" ./inputs/ch.tif ./scratch/ch.bsq
Input file size is 600, 600
0...10...20...30...40...50...60...70...80...90...100 - done.
/bin/rm -f ./scratch/dem.bsq ./scratch/dem.hdr ./scratch/dem.prj ./scratch/dem.bsq.aux.xml
/usr/bin/gdal_translate -of ENVI -co "INTERLEAVE=BSQ" ./inputs/dem.tif ./scratch/dem.bsq
Input file size is 600, 600
0...10...20...30...40...50...60...70...80...90...100 - done.
/bin/rm -f ./scratch/fbfm40.bsq ./scratch/fbfm40.hdr ./scratch/fbfm40.prj ./scratch/fbfm40.bsq.aux.xml
/usr/bin/gdal_translate -of ENVI -co "INTERLEAVE=BSQ" ./inputs/fbfm40.tif ./scratch/fbfm40.bsq
Input file size is 600, 600
0...10...20...30...40...50...60...70...80...90...100 - done.
/bin/rm -f ./scratch/slp.bsq ./scratch/slp.hdr ./scratch/slp.prj ./scratch/slp.bsq.aux.xml
/usr/bin/gdal_translate -of ENVI -co "INTERLEAVE=BSQ" ./inputs/slp.tif ./scratch/slp.bsq
Input file size is 600, 600
0...10...20...30...40...50...60...70...80...90...100 - done.
/bin/rm -f ./scratch/adj.bsq ./scratch/adj.hdr ./scratch/adj.prj ./scratch/adj.bsq.aux.xml
/usr/bin/gdal_translate -of ENVI -co "INTERLEAVE=BSQ" ./inputs/adj.tif ./scratch/adj.bsq
Input file size is 600, 600
0...10...20...30...40...50...60...70...80...90...100 - done.
/bin/rm -f ./scratch/phi.bsq ./scratch/phi.hdr ./scratch/phi.prj ./scratch/phi.bsq.aux.xml
/usr/bin/gdal_translate -of ENVI -co "INTERLEAVE=BSQ" ./inputs/phi.tif ./scratch/phi.bsq
Input file size is 600, 600
0...10...20...30...40...50...60...70...80...90...100 - done.
 Allocating additional rasters
 Setting up shared memory, part 2
 Setting up statistics arrays
 ELMFIRE is running each ensemble member
Meteorology band      1: Case #       1 complete.  Fire area:    157.9 acres.
 End of simulation reached successfully. Shutting down.
+ for f in $OUTPUTS_DIR/*.bil
++ basename ./outputs_C20.0_W1/flin_0000001_0043708.bil
++ cut -d. -f1
+ gdal_translate -a_srs 'EPSG: 32610' -co COMPRESS=DEFLATE -co ZLEVEL=9 ./outputs_C20.0_W1/flin_0000001_0043708.bil ./outputs_C20.0_W1/flin_0000001_0043708.tif
Input file size is 600, 600
0...10...20...30...40...50...60...70...80...90...100 - done.
+ for f in $OUTPUTS_DIR/*.bil
++ basename ./outputs_C20.0_W1/time_of_arrival_0000001_0043708.bil
++ cut -d. -f1
+ gdal_translate -a_srs 'EPSG: 32610' -co COMPRESS=DEFLATE -co ZLEVEL=9 ./outputs_C20.0_W1/time_of_arrival_0000001_0043708.bil ./outputs_C20.0_W1/time_of_arrival_0000001_0043708.tif
Input file size is 600, 600
0...10...20...30...40...50...60...70...80...90...100 - done.
+ for f in $OUTPUTS_DIR/*.bil
++ basename ./outputs_C20.0_W1/vs_0000001_0043708.bil
++ cut -d. -f1
+ gdal_translate -a_srs 'EPSG: 32610' -co COMPRESS=DEFLATE -co ZLEVEL=9 ./outputs_C20.0_W1/vs_0000001_0043708.bil ./outputs_C20.0_W1/vs_0000001_0043708.tif
Input file size is 600, 600
0...10...20...30...40...50...60...70...80...90...100 - done.
+ rm -f -r ./outputs_C20.0_W1/fire_size_stats.csv ./outputs_C20.0_W1/timings_firelabserver.csv ./outputs_C20.0_W1/flin_0000001_0043708.bil ./outputs_C20.0_W1/time_of_arrival_0000001_0043708.bil ./outputs_C20.0_W1/vs_0000001_0043708.bil ./outputs_C20.0_W1/flin_0000001_0043708.hdr ./outputs_C20.0_W1/time_of_arrival_0000001_0043708.hdr ./outputs_C20.0_W1/vs_0000001_0043708.hdr ./inputs/ws.tif
+ for WIND_SPEED in $(seq 0 1 30)
+ OUTPUTS_DIR=./outputs_C20.0_W2
+ replace_line OUTPUTS_DIRECTORY ./outputs_C20.0_W2 yes
+ MATCH_PATTERN=OUTPUTS_DIRECTORY
+ NEW_VALUE=./outputs_C20.0_W2
+ IS_STRING=yes
++ grep -n OUTPUTS_DIRECTORY ./inputs/elmfire.data
++ cut -d: -f1
+ LINE=25
+ sed -i '25 d' ./inputs/elmfire.data
+ '[' yes = yes ']'
+ sed -i '25 i OUTPUTS_DIRECTORY = '\''./outputs_C20.0_W2'\''' ./inputs/elmfire.data
+ '[' -d ./outputs_C20.0_W2 ']'
+ mkdir ./outputs_C20.0_W2
+ gdal_calc.py -A ./scratch/float.tif --co=COMPRESS=DEFLATE --co=ZLEVEL=9 --NoDataValue=-9999 --outfile=./inputs/ws.tif '--calc=A + 2'
0...10...20...30...40...50...60...70...80...90...100 - done.
+ /home/dwip/binYiren_SU2/elmfire_2024.0916 ./inputs/elmfire.data
 ELMFIRE 2024.0916
 Reading &MISCELLANEOUS namelist group
 Reading &INPUTS namelist group
 Reading &OUTPUTS namelist group
 Reading &COMPUTATIONAL_DOMAIN namelist group
 Reading &TIME_CONTROL namelist group
 Reading &SIMULATOR namelist group
 Reading &WUI namelist group
 Reading &CALIBRATION namelist group
 Reading &SUPPRESSION namelist group
 Reading &SPOTTING namelist group
 Reading &SMOKE namelist group
 Reading &MONTE_CARLO namelist group
 Reading headers for fuels/topography and weather rasters
/usr/bin/gdal_translate -of ENVI -co "INTERLEAVE=BSQ" ./inputs/asp.tif ./scratch/asp.bsq
Input file size is 600, 600
0...10...20...30...40...50...60...70...80...90...100 - done.
/usr/bin/gdal_translate -of ENVI -co "INTERLEAVE=BSQ" ./inputs/ws.tif ./scratch/ws.bsq
Input file size is 600, 600
0...10...20...30...40...50...60...70...80...90...100 - done.
 Setting up shared memory, part 1
 Reading weather, fuel, and topography rasters
/bin/rm -f ./scratch/ws.bsq ./scratch/ws.hdr ./scratch/ws.prj ./scratch/ws.bsq.aux.xml
/usr/bin/gdal_translate -of ENVI -co "INTERLEAVE=BSQ" ./inputs/ws.tif ./scratch/ws.bsq
Input file size is 600, 600
0...10...20...30...40...50...60...70...80...90...100 - done.
/bin/rm -f ./scratch/wd.bsq ./scratch/wd.hdr ./scratch/wd.prj ./scratch/wd.bsq.aux.xml
/usr/bin/gdal_translate -of ENVI -co "INTERLEAVE=BSQ" ./inputs/wd.tif ./scratch/wd.bsq
Input file size is 600, 600
0...10...20...30...40...50...60...70...80...90...100 - done.
/bin/rm -f ./scratch/m1.bsq ./scratch/m1.hdr ./scratch/m1.prj ./scratch/m1.bsq.aux.xml
/usr/bin/gdal_translate -of ENVI -co "INTERLEAVE=BSQ" ./inputs/m1.tif ./scratch/m1.bsq
Input file size is 600, 600
0...10...20...30...40...50...60...70...80...90...100 - done.
/bin/rm -f ./scratch/m10.bsq ./scratch/m10.hdr ./scratch/m10.prj ./scratch/m10.bsq.aux.xml
/usr/bin/gdal_translate -of ENVI -co "INTERLEAVE=BSQ" ./inputs/m10.tif ./scratch/m10.bsq
Input file size is 600, 600
0...10...20...30...40...50...60...70...80...90...100 - done.
/bin/rm -f ./scratch/m100.bsq ./scratch/m100.hdr ./scratch/m100.prj ./scratch/m100.bsq.aux.xml
/usr/bin/gdal_translate -of ENVI -co "INTERLEAVE=BSQ" ./inputs/m100.tif ./scratch/m100.bsq
Input file size is 600, 600
0...10...20...30...40...50...60...70...80...90...100 - done.
 Reading fuel and topography rasters
/bin/rm -f ./scratch/asp.bsq ./scratch/asp.hdr ./scratch/asp.prj ./scratch/asp.bsq.aux.xml
/usr/bin/gdal_translate -of ENVI -co "INTERLEAVE=BSQ" ./inputs/asp.tif ./scratch/asp.bsq
Input file size is 600, 600
0...10...20...30...40...50...60...70...80...90...100 - done.
/bin/rm -f ./scratch/cbh.bsq ./scratch/cbh.hdr ./scratch/cbh.prj ./scratch/cbh.bsq.aux.xml
/usr/bin/gdal_translate -of ENVI -co "INTERLEAVE=BSQ" ./inputs/cbh.tif ./scratch/cbh.bsq
Input file size is 600, 600
0...10...20...30...40...50...60...70...80...90...100 - done.
/bin/rm -f ./scratch/cbd.bsq ./scratch/cbd.hdr ./scratch/cbd.prj ./scratch/cbd.bsq.aux.xml
/usr/bin/gdal_translate -of ENVI -co "INTERLEAVE=BSQ" ./inputs/cbd.tif ./scratch/cbd.bsq
Input file size is 600, 600
0...10...20...30...40...50...60...70...80...90...100 - done.
/bin/rm -f ./scratch/cc.bsq ./scratch/cc.hdr ./scratch/cc.prj ./scratch/cc.bsq.aux.xml
/usr/bin/gdal_translate -of ENVI -co "INTERLEAVE=BSQ" ./inputs/cc.tif ./scratch/cc.bsq
Input file size is 600, 600
0...10...20...30...40...50...60...70...80...90...100 - done.
/bin/rm -f ./scratch/ch.bsq ./scratch/ch.hdr ./scratch/ch.prj ./scratch/ch.bsq.aux.xml
/usr/bin/gdal_translate -of ENVI -co "INTERLEAVE=BSQ" ./inputs/ch.tif ./scratch/ch.bsq
Input file size is 600, 600
0...10...20...30...40...50...60...70...80...90...100 - done.
/bin/rm -f ./scratch/dem.bsq ./scratch/dem.hdr ./scratch/dem.prj ./scratch/dem.bsq.aux.xml
/usr/bin/gdal_translate -of ENVI -co "INTERLEAVE=BSQ" ./inputs/dem.tif ./scratch/dem.bsq
Input file size is 600, 600
0...10...20...30...40...50...60...70...80...90...100 - done.
/bin/rm -f ./scratch/fbfm40.bsq ./scratch/fbfm40.hdr ./scratch/fbfm40.prj ./scratch/fbfm40.bsq.aux.xml
/usr/bin/gdal_translate -of ENVI -co "INTERLEAVE=BSQ" ./inputs/fbfm40.tif ./scratch/fbfm40.bsq
Input file size is 600, 600
0...10...20...30...40...50...60...70...80...90...100 - done.
/bin/rm -f ./scratch/slp.bsq ./scratch/slp.hdr ./scratch/slp.prj ./scratch/slp.bsq.aux.xml
/usr/bin/gdal_translate -of ENVI -co "INTERLEAVE=BSQ" ./inputs/slp.tif ./scratch/slp.bsq
Input file size is 600, 600
0...10...20...30...40...50...60...70...80...90...100 - done.
/bin/rm -f ./scratch/adj.bsq ./scratch/adj.hdr ./scratch/adj.prj ./scratch/adj.bsq.aux.xml
/usr/bin/gdal_translate -of ENVI -co "INTERLEAVE=BSQ" ./inputs/adj.tif ./scratch/adj.bsq
Input file size is 600, 600
0...10...20...30...40...50...60...70...80...90...100 - done.
/bin/rm -f ./scratch/phi.bsq ./scratch/phi.hdr ./scratch/phi.prj ./scratch/phi.bsq.aux.xml
/usr/bin/gdal_translate -of ENVI -co "INTERLEAVE=BSQ" ./inputs/phi.tif ./scratch/phi.bsq
Input file size is 600, 600
0...10...20...30...40...50...60...70...80...90...100 - done.
 Allocating additional rasters
 Setting up shared memory, part 2
 Setting up statistics arrays
 ELMFIRE is running each ensemble member
Meteorology band      1: Case #       1 complete.  Fire area:    173.1 acres.
 End of simulation reached successfully. Shutting down.
+ for f in $OUTPUTS_DIR/*.bil
++ basename ./outputs_C20.0_W2/flin_0000001_0043763.bil
++ cut -d. -f1
+ gdal_translate -a_srs 'EPSG: 32610' -co COMPRESS=DEFLATE -co ZLEVEL=9 ./outputs_C20.0_W2/flin_0000001_0043763.bil ./outputs_C20.0_W2/flin_0000001_0043763.tif
Input file size is 600, 600
0...10...20...30...40...50...60...70...80...90...100 - done.
+ for f in $OUTPUTS_DIR/*.bil
++ basename ./outputs_C20.0_W2/time_of_arrival_0000001_0043763.bil
++ cut -d. -f1
+ gdal_translate -a_srs 'EPSG: 32610' -co COMPRESS=DEFLATE -co ZLEVEL=9 ./outputs_C20.0_W2/time_of_arrival_0000001_0043763.bil ./outputs_C20.0_W2/time_of_arrival_0000001_0043763.tif
Input file size is 600, 600
0...10...20...30...40...50...60...70...80...90...100 - done.
+ for f in $OUTPUTS_DIR/*.bil
++ basename ./outputs_C20.0_W2/vs_0000001_0043763.bil
++ cut -d. -f1
+ gdal_translate -a_srs 'EPSG: 32610' -co COMPRESS=DEFLATE -co ZLEVEL=9 ./outputs_C20.0_W2/vs_0000001_0043763.bil ./outputs_C20.0_W2/vs_0000001_0043763.tif
Input file size is 600, 600
0...10...20...30...40...50...60...70...80...90...100 - done.
+ rm -f -r ./outputs_C20.0_W2/fire_size_stats.csv ./outputs_C20.0_W2/timings_firelabserver.csv ./outputs_C20.0_W2/flin_0000001_0043763.bil ./outputs_C20.0_W2/time_of_arrival_0000001_0043763.bil ./outputs_C20.0_W2/vs_0000001_0043763.bil ./outputs_C20.0_W2/flin_0000001_0043763.hdr ./outputs_C20.0_W2/time_of_arrival_0000001_0043763.hdr ./outputs_C20.0_W2/vs_0000001_0043763.hdr ./inputs/ws.tif
+ for WIND_SPEED in $(seq 0 1 30)
+ OUTPUTS_DIR=./outputs_C20.0_W3
+ replace_line OUTPUTS_DIRECTORY ./outputs_C20.0_W3 yes
+ MATCH_PATTERN=OUTPUTS_DIRECTORY
+ NEW_VALUE=./outputs_C20.0_W3
+ IS_STRING=yes
++ grep -n OUTPUTS_DIRECTORY ./inputs/elmfire.data
++ cut -d: -f1
+ LINE=25
+ sed -i '25 d' ./inputs/elmfire.data
+ '[' yes = yes ']'
+ sed -i '25 i OUTPUTS_DIRECTORY = '\''./outputs_C20.0_W3'\''' ./inputs/elmfire.data
+ '[' -d ./outputs_C20.0_W3 ']'
+ mkdir ./outputs_C20.0_W3
+ gdal_calc.py -A ./scratch/float.tif --co=COMPRESS=DEFLATE --co=ZLEVEL=9 --NoDataValue=-9999 --outfile=./inputs/ws.tif '--calc=A + 3'
0...10...20...30...40...50...60...70...80...90...100 - done.
+ /home/dwip/binYiren_SU2/elmfire_2024.0916 ./inputs/elmfire.data
 ELMFIRE 2024.0916
 Reading &MISCELLANEOUS namelist group
 Reading &INPUTS namelist group
 Reading &OUTPUTS namelist group
 Reading &COMPUTATIONAL_DOMAIN namelist group
 Reading &TIME_CONTROL namelist group
 Reading &SIMULATOR namelist group
 Reading &WUI namelist group
 Reading &CALIBRATION namelist group
 Reading &SUPPRESSION namelist group
 Reading &SPOTTING namelist group
 Reading &SMOKE namelist group
 Reading &MONTE_CARLO namelist group
 Reading headers for fuels/topography and weather rasters
/usr/bin/gdal_translate -of ENVI -co "INTERLEAVE=BSQ" ./inputs/asp.tif ./scratch/asp.bsq
Input file size is 600, 600
0...10...20...30...40...50...60...70...80...90...100 - done.
/usr/bin/gdal_translate -of ENVI -co "INTERLEAVE=BSQ" ./inputs/ws.tif ./scratch/ws.bsq
Input file size is 600, 600
0...10...20...30...40...50...60...70...80...90...100 - done.
 Setting up shared memory, part 1
 Reading weather, fuel, and topography rasters
/bin/rm -f ./scratch/ws.bsq ./scratch/ws.hdr ./scratch/ws.prj ./scratch/ws.bsq.aux.xml
/usr/bin/gdal_translate -of ENVI -co "INTERLEAVE=BSQ" ./inputs/ws.tif ./scratch/ws.bsq
Input file size is 600, 600
0...10...20...30...40...50...60...70...80...90...100 - done.
/bin/rm -f ./scratch/wd.bsq ./scratch/wd.hdr ./scratch/wd.prj ./scratch/wd.bsq.aux.xml
/usr/bin/gdal_translate -of ENVI -co "INTERLEAVE=BSQ" ./inputs/wd.tif ./scratch/wd.bsq
Input file size is 600, 600
0...10...20...30...40...50...60...70...80...90...100 - done.
/bin/rm -f ./scratch/m1.bsq ./scratch/m1.hdr ./scratch/m1.prj ./scratch/m1.bsq.aux.xml
/usr/bin/gdal_translate -of ENVI -co "INTERLEAVE=BSQ" ./inputs/m1.tif ./scratch/m1.bsq
Input file size is 600, 600
0...10...20...30...40...50...60...70...80...90...100 - done.
/bin/rm -f ./scratch/m10.bsq ./scratch/m10.hdr ./scratch/m10.prj ./scratch/m10.bsq.aux.xml
/usr/bin/gdal_translate -of ENVI -co "INTERLEAVE=BSQ" ./inputs/m10.tif ./scratch/m10.bsq
Input file size is 600, 600
0...10...20...30...40...50...60...70...80...90...100 - done.
/bin/rm -f ./scratch/m100.bsq ./scratch/m100.hdr ./scratch/m100.prj ./scratch/m100.bsq.aux.xml
/usr/bin/gdal_translate -of ENVI -co "INTERLEAVE=BSQ" ./inputs/m100.tif ./scratch/m100.bsq
Input file size is 600, 600
0...10...20...30...40...50...60...70...80...90...100 - done.
 Reading fuel and topography rasters
/bin/rm -f ./scratch/asp.bsq ./scratch/asp.hdr ./scratch/asp.prj ./scratch/asp.bsq.aux.xml
/usr/bin/gdal_translate -of ENVI -co "INTERLEAVE=BSQ" ./inputs/asp.tif ./scratch/asp.bsq
Input file size is 600, 600
0...10...20...30...40...50...60...70...80...90...100 - done.
/bin/rm -f ./scratch/cbh.bsq ./scratch/cbh.hdr ./scratch/cbh.prj ./scratch/cbh.bsq.aux.xml
/usr/bin/gdal_translate -of ENVI -co "INTERLEAVE=BSQ" ./inputs/cbh.tif ./scratch/cbh.bsq
Input file size is 600, 600
0...10...20...30...40...50...60...70...80...90...100 - done.
/bin/rm -f ./scratch/cbd.bsq ./scratch/cbd.hdr ./scratch/cbd.prj ./scratch/cbd.bsq.aux.xml
/usr/bin/gdal_translate -of ENVI -co "INTERLEAVE=BSQ" ./inputs/cbd.tif ./scratch/cbd.bsq
Input file size is 600, 600
0...10...20...30...40...50...60...70...80...90...100 - done.
/bin/rm -f ./scratch/cc.bsq ./scratch/cc.hdr ./scratch/cc.prj ./scratch/cc.bsq.aux.xml
/usr/bin/gdal_translate -of ENVI -co "INTERLEAVE=BSQ" ./inputs/cc.tif ./scratch/cc.bsq
Input file size is 600, 600
0...10...20...30...40...50...60...70...80...90...100 - done.
/bin/rm -f ./scratch/ch.bsq ./scratch/ch.hdr ./scratch/ch.prj ./scratch/ch.bsq.aux.xml
/usr/bin/gdal_translate -of ENVI -co "INTERLEAVE=BSQ" ./inputs/ch.tif ./scratch/ch.bsq
Input file size is 600, 600
0...10...20...30...40...50...60...70...80...90...100 - done.
/bin/rm -f ./scratch/dem.bsq ./scratch/dem.hdr ./scratch/dem.prj ./scratch/dem.bsq.aux.xml
/usr/bin/gdal_translate -of ENVI -co "INTERLEAVE=BSQ" ./inputs/dem.tif ./scratch/dem.bsq
Input file size is 600, 600
0...10...20...30...40...50...60...70...80...90...100 - done.
/bin/rm -f ./scratch/fbfm40.bsq ./scratch/fbfm40.hdr ./scratch/fbfm40.prj ./scratch/fbfm40.bsq.aux.xml
/usr/bin/gdal_translate -of ENVI -co "INTERLEAVE=BSQ" ./inputs/fbfm40.tif ./scratch/fbfm40.bsq
Input file size is 600, 600
0...10...20...30...40...50...60...70...80...90...100 - done.
/bin/rm -f ./scratch/slp.bsq ./scratch/slp.hdr ./scratch/slp.prj ./scratch/slp.bsq.aux.xml
/usr/bin/gdal_translate -of ENVI -co "INTERLEAVE=BSQ" ./inputs/slp.tif ./scratch/slp.bsq
Input file size is 600, 600
0...10...20...30...40...50...60...70...80...90...100 - done.
/bin/rm -f ./scratch/adj.bsq ./scratch/adj.hdr ./scratch/adj.prj ./scratch/adj.bsq.aux.xml
/usr/bin/gdal_translate -of ENVI -co "INTERLEAVE=BSQ" ./inputs/adj.tif ./scratch/adj.bsq
Input file size is 600, 600
0...10...20...30...40...50...60...70...80...90...100 - done.
/bin/rm -f ./scratch/phi.bsq ./scratch/phi.hdr ./scratch/phi.prj ./scratch/phi.bsq.aux.xml
/usr/bin/gdal_translate -of ENVI -co "INTERLEAVE=BSQ" ./inputs/phi.tif ./scratch/phi.bsq
Input file size is 600, 600
0...10...20...30...40...50...60...70...80...90...100 - done.
 Allocating additional rasters
 Setting up shared memory, part 2
 Setting up statistics arrays
 ELMFIRE is running each ensemble member
Meteorology band      1: Case #       1 complete.  Fire area:    201.6 acres.
 End of simulation reached successfully. Shutting down.
+ for f in $OUTPUTS_DIR/*.bil
++ basename ./outputs_C20.0_W3/flin_0000001_0043588.bil
++ cut -d. -f1
+ gdal_translate -a_srs 'EPSG: 32610' -co COMPRESS=DEFLATE -co ZLEVEL=9 ./outputs_C20.0_W3/flin_0000001_0043588.bil ./outputs_C20.0_W3/flin_0000001_0043588.tif
Input file size is 600, 600
0...10...20...30...40...50...60...70...80...90...100 - done.
+ for f in $OUTPUTS_DIR/*.bil
++ basename ./outputs_C20.0_W3/time_of_arrival_0000001_0043588.bil
++ cut -d. -f1
+ gdal_translate -a_srs 'EPSG: 32610' -co COMPRESS=DEFLATE -co ZLEVEL=9 ./outputs_C20.0_W3/time_of_arrival_0000001_0043588.bil ./outputs_C20.0_W3/time_of_arrival_0000001_0043588.tif
Input file size is 600, 600
0...10...20...30...40...50...60...70...80...90...100 - done.
+ for f in $OUTPUTS_DIR/*.bil
++ basename ./outputs_C20.0_W3/vs_0000001_0043588.bil
++ cut -d. -f1
+ gdal_translate -a_srs 'EPSG: 32610' -co COMPRESS=DEFLATE -co ZLEVEL=9 ./outputs_C20.0_W3/vs_0000001_0043588.bil ./outputs_C20.0_W3/vs_0000001_0043588.tif
Input file size is 600, 600
0...10...20...30...40...50...60...70...80...90...100 - done.
+ rm -f -r ./outputs_C20.0_W3/fire_size_stats.csv ./outputs_C20.0_W3/timings_firelabserver.csv ./outputs_C20.0_W3/flin_0000001_0043588.bil ./outputs_C20.0_W3/time_of_arrival_0000001_0043588.bil ./outputs_C20.0_W3/vs_0000001_0043588.bil ./outputs_C20.0_W3/flin_0000001_0043588.hdr ./outputs_C20.0_W3/time_of_arrival_0000001_0043588.hdr ./outputs_C20.0_W3/vs_0000001_0043588.hdr ./inputs/ws.tif
+ for WIND_SPEED in $(seq 0 1 30)
+ OUTPUTS_DIR=./outputs_C20.0_W4
+ replace_line OUTPUTS_DIRECTORY ./outputs_C20.0_W4 yes
+ MATCH_PATTERN=OUTPUTS_DIRECTORY
+ NEW_VALUE=./outputs_C20.0_W4
+ IS_STRING=yes
++ grep -n OUTPUTS_DIRECTORY ./inputs/elmfire.data
++ cut -d: -f1
+ LINE=25
+ sed -i '25 d' ./inputs/elmfire.data
+ '[' yes = yes ']'
+ sed -i '25 i OUTPUTS_DIRECTORY = '\''./outputs_C20.0_W4'\''' ./inputs/elmfire.data
+ '[' -d ./outputs_C20.0_W4 ']'
+ mkdir ./outputs_C20.0_W4
+ gdal_calc.py -A ./scratch/float.tif --co=COMPRESS=DEFLATE --co=ZLEVEL=9 --NoDataValue=-9999 --outfile=./inputs/ws.tif '--calc=A + 4'
0...10...20...30...40...50...60...70...80...90...100 - done.
+ /home/dwip/binYiren_SU2/elmfire_2024.0916 ./inputs/elmfire.data
 ELMFIRE 2024.0916
 Reading &MISCELLANEOUS namelist group
 Reading &INPUTS namelist group
 Reading &OUTPUTS namelist group
 Reading &COMPUTATIONAL_DOMAIN namelist group
 Reading &TIME_CONTROL namelist group
 Reading &SIMULATOR namelist group
 Reading &WUI namelist group
 Reading &CALIBRATION namelist group
 Reading &SUPPRESSION namelist group
 Reading &SPOTTING namelist group
 Reading &SMOKE namelist group
 Reading &MONTE_CARLO namelist group
 Reading headers for fuels/topography and weather rasters
/usr/bin/gdal_translate -of ENVI -co "INTERLEAVE=BSQ" ./inputs/asp.tif ./scratch/asp.bsq
Input file size is 600, 600
0...10...20...30...40...50...60...70...80...90...100 - done.
/usr/bin/gdal_translate -of ENVI -co "INTERLEAVE=BSQ" ./inputs/ws.tif ./scratch/ws.bsq
Input file size is 600, 600
0...10...20...30...40...50...60...70...80...90...100 - done.
 Setting up shared memory, part 1
 Reading weather, fuel, and topography rasters
/bin/rm -f ./scratch/ws.bsq ./scratch/ws.hdr ./scratch/ws.prj ./scratch/ws.bsq.aux.xml
/usr/bin/gdal_translate -of ENVI -co "INTERLEAVE=BSQ" ./inputs/ws.tif ./scratch/ws.bsq
Input file size is 600, 600
0...10...20...30...40...50...60...70...80...90...100 - done.
/bin/rm -f ./scratch/wd.bsq ./scratch/wd.hdr ./scratch/wd.prj ./scratch/wd.bsq.aux.xml
/usr/bin/gdal_translate -of ENVI -co "INTERLEAVE=BSQ" ./inputs/wd.tif ./scratch/wd.bsq
Input file size is 600, 600
0...10...20...30...40...50...60...70...80...90...100 - done.
/bin/rm -f ./scratch/m1.bsq ./scratch/m1.hdr ./scratch/m1.prj ./scratch/m1.bsq.aux.xml
/usr/bin/gdal_translate -of ENVI -co "INTERLEAVE=BSQ" ./inputs/m1.tif ./scratch/m1.bsq
Input file size is 600, 600
0...10...20...30...40...50...60...70...80...90...100 - done.
/bin/rm -f ./scratch/m10.bsq ./scratch/m10.hdr ./scratch/m10.prj ./scratch/m10.bsq.aux.xml
/usr/bin/gdal_translate -of ENVI -co "INTERLEAVE=BSQ" ./inputs/m10.tif ./scratch/m10.bsq
Input file size is 600, 600
0...10...20...30...40...50...60...70...80...90...100 - done.
/bin/rm -f ./scratch/m100.bsq ./scratch/m100.hdr ./scratch/m100.prj ./scratch/m100.bsq.aux.xml
/usr/bin/gdal_translate -of ENVI -co "INTERLEAVE=BSQ" ./inputs/m100.tif ./scratch/m100.bsq
Input file size is 600, 600
0...10...20...30...40...50...60...70...80...90...100 - done.
 Reading fuel and topography rasters
/bin/rm -f ./scratch/asp.bsq ./scratch/asp.hdr ./scratch/asp.prj ./scratch/asp.bsq.aux.xml
/usr/bin/gdal_translate -of ENVI -co "INTERLEAVE=BSQ" ./inputs/asp.tif ./scratch/asp.bsq
Input file size is 600, 600
0...10...20...30...40...50...60...70...80...90...100 - done.
/bin/rm -f ./scratch/cbh.bsq ./scratch/cbh.hdr ./scratch/cbh.prj ./scratch/cbh.bsq.aux.xml
/usr/bin/gdal_translate -of ENVI -co "INTERLEAVE=BSQ" ./inputs/cbh.tif ./scratch/cbh.bsq
Input file size is 600, 600
0...10...20...30...40...50...60...70...80...90...100 - done.
/bin/rm -f ./scratch/cbd.bsq ./scratch/cbd.hdr ./scratch/cbd.prj ./scratch/cbd.bsq.aux.xml
/usr/bin/gdal_translate -of ENVI -co "INTERLEAVE=BSQ" ./inputs/cbd.tif ./scratch/cbd.bsq
Input file size is 600, 600
0...10...20...30...40...50...60...70...80...90...100 - done.
/bin/rm -f ./scratch/cc.bsq ./scratch/cc.hdr ./scratch/cc.prj ./scratch/cc.bsq.aux.xml
/usr/bin/gdal_translate -of ENVI -co "INTERLEAVE=BSQ" ./inputs/cc.tif ./scratch/cc.bsq
Input file size is 600, 600
0...10...20...30...40...50...60...70...80...90...100 - done.
/bin/rm -f ./scratch/ch.bsq ./scratch/ch.hdr ./scratch/ch.prj ./scratch/ch.bsq.aux.xml
/usr/bin/gdal_translate -of ENVI -co "INTERLEAVE=BSQ" ./inputs/ch.tif ./scratch/ch.bsq
Input file size is 600, 600
0...10...20...30...40...50...60...70...80...90...100 - done.
/bin/rm -f ./scratch/dem.bsq ./scratch/dem.hdr ./scratch/dem.prj ./scratch/dem.bsq.aux.xml
/usr/bin/gdal_translate -of ENVI -co "INTERLEAVE=BSQ" ./inputs/dem.tif ./scratch/dem.bsq
Input file size is 600, 600
0...10...20...30...40...50...60...70...80...90...100 - done.
/bin/rm -f ./scratch/fbfm40.bsq ./scratch/fbfm40.hdr ./scratch/fbfm40.prj ./scratch/fbfm40.bsq.aux.xml
/usr/bin/gdal_translate -of ENVI -co "INTERLEAVE=BSQ" ./inputs/fbfm40.tif ./scratch/fbfm40.bsq
Input file size is 600, 600
0...10...20...30...40...50...60...70...80...90...100 - done.
/bin/rm -f ./scratch/slp.bsq ./scratch/slp.hdr ./scratch/slp.prj ./scratch/slp.bsq.aux.xml
/usr/bin/gdal_translate -of ENVI -co "INTERLEAVE=BSQ" ./inputs/slp.tif ./scratch/slp.bsq
Input file size is 600, 600
0...10...20...30...40...50...60...70...80...90...100 - done.
/bin/rm -f ./scratch/adj.bsq ./scratch/adj.hdr ./scratch/adj.prj ./scratch/adj.bsq.aux.xml
/usr/bin/gdal_translate -of ENVI -co "INTERLEAVE=BSQ" ./inputs/adj.tif ./scratch/adj.bsq
Input file size is 600, 600
0...10...20...30...40...50...60...70...80...90...100 - done.
/bin/rm -f ./scratch/phi.bsq ./scratch/phi.hdr ./scratch/phi.prj ./scratch/phi.bsq.aux.xml
/usr/bin/gdal_translate -of ENVI -co "INTERLEAVE=BSQ" ./inputs/phi.tif ./scratch/phi.bsq
Input file size is 600, 600
0...10...20...30...40...50...60...70...80...90...100 - done.
 Allocating additional rasters
 Setting up shared memory, part 2
 Setting up statistics arrays
 ELMFIRE is running each ensemble member
Meteorology band      1: Case #       1 complete.  Fire area:    237.8 acres.
 End of simulation reached successfully. Shutting down.
+ for f in $OUTPUTS_DIR/*.bil
++ basename ./outputs_C20.0_W4/flin_0000001_0043429.bil
++ cut -d. -f1
+ gdal_translate -a_srs 'EPSG: 32610' -co COMPRESS=DEFLATE -co ZLEVEL=9 ./outputs_C20.0_W4/flin_0000001_0043429.bil ./outputs_C20.0_W4/flin_0000001_0043429.tif
Input file size is 600, 600
0...10...20...30...40...50...60...70...80...90...100 - done.
+ for f in $OUTPUTS_DIR/*.bil
++ basename ./outputs_C20.0_W4/time_of_arrival_0000001_0043429.bil
++ cut -d. -f1
+ gdal_translate -a_srs 'EPSG: 32610' -co COMPRESS=DEFLATE -co ZLEVEL=9 ./outputs_C20.0_W4/time_of_arrival_0000001_0043429.bil ./outputs_C20.0_W4/time_of_arrival_0000001_0043429.tif
Input file size is 600, 600
0...10...20...30...40...50...60...70...80...90...100 - done.
+ for f in $OUTPUTS_DIR/*.bil
++ basename ./outputs_C20.0_W4/vs_0000001_0043429.bil
++ cut -d. -f1
+ gdal_translate -a_srs 'EPSG: 32610' -co COMPRESS=DEFLATE -co ZLEVEL=9 ./outputs_C20.0_W4/vs_0000001_0043429.bil ./outputs_C20.0_W4/vs_0000001_0043429.tif
Input file size is 600, 600
0...10...20...30...40...50...60...70...80...90...100 - done.
+ rm -f -r ./outputs_C20.0_W4/fire_size_stats.csv ./outputs_C20.0_W4/timings_firelabserver.csv ./outputs_C20.0_W4/flin_0000001_0043429.bil ./outputs_C20.0_W4/time_of_arrival_0000001_0043429.bil ./outputs_C20.0_W4/vs_0000001_0043429.bil ./outputs_C20.0_W4/flin_0000001_0043429.hdr ./outputs_C20.0_W4/time_of_arrival_0000001_0043429.hdr ./outputs_C20.0_W4/vs_0000001_0043429.hdr ./inputs/ws.tif
+ for WIND_SPEED in $(seq 0 1 30)
+ OUTPUTS_DIR=./outputs_C20.0_W5
+ replace_line OUTPUTS_DIRECTORY ./outputs_C20.0_W5 yes
+ MATCH_PATTERN=OUTPUTS_DIRECTORY
+ NEW_VALUE=./outputs_C20.0_W5
+ IS_STRING=yes
++ grep -n OUTPUTS_DIRECTORY ./inputs/elmfire.data
++ cut -d: -f1
+ LINE=25
+ sed -i '25 d' ./inputs/elmfire.data
+ '[' yes = yes ']'
+ sed -i '25 i OUTPUTS_DIRECTORY = '\''./outputs_C20.0_W5'\''' ./inputs/elmfire.data
+ '[' -d ./outputs_C20.0_W5 ']'
+ mkdir ./outputs_C20.0_W5
+ gdal_calc.py -A ./scratch/float.tif --co=COMPRESS=DEFLATE --co=ZLEVEL=9 --NoDataValue=-9999 --outfile=./inputs/ws.tif '--calc=A + 5'
0...10...20...30...40...50...60...70...80...90...100 - done.
+ /home/dwip/binYiren_SU2/elmfire_2024.0916 ./inputs/elmfire.data
 ELMFIRE 2024.0916
 Reading &MISCELLANEOUS namelist group
 Reading &INPUTS namelist group
 Reading &OUTPUTS namelist group
 Reading &COMPUTATIONAL_DOMAIN namelist group
 Reading &TIME_CONTROL namelist group
 Reading &SIMULATOR namelist group
 Reading &WUI namelist group
 Reading &CALIBRATION namelist group
 Reading &SUPPRESSION namelist group
 Reading &SPOTTING namelist group
 Reading &SMOKE namelist group
 Reading &MONTE_CARLO namelist group
 Reading headers for fuels/topography and weather rasters
/usr/bin/gdal_translate -of ENVI -co "INTERLEAVE=BSQ" ./inputs/asp.tif ./scratch/asp.bsq
Input file size is 600, 600
0...10...20...30...40...50...60...70...80...90...100 - done.
/usr/bin/gdal_translate -of ENVI -co "INTERLEAVE=BSQ" ./inputs/ws.tif ./scratch/ws.bsq
Input file size is 600, 600
0...10...20...30...40...50...60...70...80...90...100 - done.
 Setting up shared memory, part 1
 Reading weather, fuel, and topography rasters
/bin/rm -f ./scratch/ws.bsq ./scratch/ws.hdr ./scratch/ws.prj ./scratch/ws.bsq.aux.xml
/usr/bin/gdal_translate -of ENVI -co "INTERLEAVE=BSQ" ./inputs/ws.tif ./scratch/ws.bsq
Input file size is 600, 600
0...10...20...30...40...50...60...70...80...90...100 - done.
/bin/rm -f ./scratch/wd.bsq ./scratch/wd.hdr ./scratch/wd.prj ./scratch/wd.bsq.aux.xml
/usr/bin/gdal_translate -of ENVI -co "INTERLEAVE=BSQ" ./inputs/wd.tif ./scratch/wd.bsq
Input file size is 600, 600
0...10...20...30...40...50...60...70...80...90...100 - done.
/bin/rm -f ./scratch/m1.bsq ./scratch/m1.hdr ./scratch/m1.prj ./scratch/m1.bsq.aux.xml
/usr/bin/gdal_translate -of ENVI -co "INTERLEAVE=BSQ" ./inputs/m1.tif ./scratch/m1.bsq
Input file size is 600, 600
0...10...20...30...40...50...60...70...80...90...100 - done.
/bin/rm -f ./scratch/m10.bsq ./scratch/m10.hdr ./scratch/m10.prj ./scratch/m10.bsq.aux.xml
/usr/bin/gdal_translate -of ENVI -co "INTERLEAVE=BSQ" ./inputs/m10.tif ./scratch/m10.bsq
Input file size is 600, 600
0...10...20...30...40...50...60...70...80...90...100 - done.
/bin/rm -f ./scratch/m100.bsq ./scratch/m100.hdr ./scratch/m100.prj ./scratch/m100.bsq.aux.xml
/usr/bin/gdal_translate -of ENVI -co "INTERLEAVE=BSQ" ./inputs/m100.tif ./scratch/m100.bsq
Input file size is 600, 600
0...10...20...30...40...50...60...70...80...90...100 - done.
 Reading fuel and topography rasters
/bin/rm -f ./scratch/asp.bsq ./scratch/asp.hdr ./scratch/asp.prj ./scratch/asp.bsq.aux.xml
/usr/bin/gdal_translate -of ENVI -co "INTERLEAVE=BSQ" ./inputs/asp.tif ./scratch/asp.bsq
Input file size is 600, 600
0...10...20...30...40...50...60...70...80...90...100 - done.
/bin/rm -f ./scratch/cbh.bsq ./scratch/cbh.hdr ./scratch/cbh.prj ./scratch/cbh.bsq.aux.xml
/usr/bin/gdal_translate -of ENVI -co "INTERLEAVE=BSQ" ./inputs/cbh.tif ./scratch/cbh.bsq
Input file size is 600, 600
0...10...20...30...40...50...60...70...80...90...100 - done.
/bin/rm -f ./scratch/cbd.bsq ./scratch/cbd.hdr ./scratch/cbd.prj ./scratch/cbd.bsq.aux.xml
/usr/bin/gdal_translate -of ENVI -co "INTERLEAVE=BSQ" ./inputs/cbd.tif ./scratch/cbd.bsq
Input file size is 600, 600
0...10...20...30...40...50...60...70...80...90...100 - done.
/bin/rm -f ./scratch/cc.bsq ./scratch/cc.hdr ./scratch/cc.prj ./scratch/cc.bsq.aux.xml
/usr/bin/gdal_translate -of ENVI -co "INTERLEAVE=BSQ" ./inputs/cc.tif ./scratch/cc.bsq
Input file size is 600, 600
0...10...20...30...40...50...60...70...80...90...100 - done.
/bin/rm -f ./scratch/ch.bsq ./scratch/ch.hdr ./scratch/ch.prj ./scratch/ch.bsq.aux.xml
/usr/bin/gdal_translate -of ENVI -co "INTERLEAVE=BSQ" ./inputs/ch.tif ./scratch/ch.bsq
Input file size is 600, 600
0...10...20...30...40...50...60...70...80...90...100 - done.
/bin/rm -f ./scratch/dem.bsq ./scratch/dem.hdr ./scratch/dem.prj ./scratch/dem.bsq.aux.xml
/usr/bin/gdal_translate -of ENVI -co "INTERLEAVE=BSQ" ./inputs/dem.tif ./scratch/dem.bsq
Input file size is 600, 600
0...10...20...30...40...50...60...70...80...90...100 - done.
/bin/rm -f ./scratch/fbfm40.bsq ./scratch/fbfm40.hdr ./scratch/fbfm40.prj ./scratch/fbfm40.bsq.aux.xml
/usr/bin/gdal_translate -of ENVI -co "INTERLEAVE=BSQ" ./inputs/fbfm40.tif ./scratch/fbfm40.bsq
Input file size is 600, 600
0...10...20...30...40...50...60...70...80...90...100 - done.
/bin/rm -f ./scratch/slp.bsq ./scratch/slp.hdr ./scratch/slp.prj ./scratch/slp.bsq.aux.xml
/usr/bin/gdal_translate -of ENVI -co "INTERLEAVE=BSQ" ./inputs/slp.tif ./scratch/slp.bsq
Input file size is 600, 600
0...10...20...30...40...50...60...70...80...90...100 - done.
/bin/rm -f ./scratch/adj.bsq ./scratch/adj.hdr ./scratch/adj.prj ./scratch/adj.bsq.aux.xml
/usr/bin/gdal_translate -of ENVI -co "INTERLEAVE=BSQ" ./inputs/adj.tif ./scratch/adj.bsq
Input file size is 600, 600
0...10...20...30...40...50...60...70...80...90...100 - done.
/bin/rm -f ./scratch/phi.bsq ./scratch/phi.hdr ./scratch/phi.prj ./scratch/phi.bsq.aux.xml
/usr/bin/gdal_translate -of ENVI -co "INTERLEAVE=BSQ" ./inputs/phi.tif ./scratch/phi.bsq
Input file size is 600, 600
0...10...20...30...40...50...60...70...80...90...100 - done.
 Allocating additional rasters
 Setting up shared memory, part 2
 Setting up statistics arrays
 ELMFIRE is running each ensemble member
Meteorology band      1: Case #       1 complete.  Fire area:    286.3 acres.
 End of simulation reached successfully. Shutting down.
+ for f in $OUTPUTS_DIR/*.bil
++ basename ./outputs_C20.0_W5/flin_0000001_0043520.bil
++ cut -d. -f1
+ gdal_translate -a_srs 'EPSG: 32610' -co COMPRESS=DEFLATE -co ZLEVEL=9 ./outputs_C20.0_W5/flin_0000001_0043520.bil ./outputs_C20.0_W5/flin_0000001_0043520.tif
Input file size is 600, 600
0...10...20...30...40...50...60...70...80...90...100 - done.
+ for f in $OUTPUTS_DIR/*.bil
++ cut -d. -f1
++ basename ./outputs_C20.0_W5/time_of_arrival_0000001_0043520.bil
+ gdal_translate -a_srs 'EPSG: 32610' -co COMPRESS=DEFLATE -co ZLEVEL=9 ./outputs_C20.0_W5/time_of_arrival_0000001_0043520.bil ./outputs_C20.0_W5/time_of_arrival_0000001_0043520.tif
Input file size is 600, 600
0...10...20...30...40...50...60...70...80...90...100 - done.
+ for f in $OUTPUTS_DIR/*.bil
++ basename ./outputs_C20.0_W5/vs_0000001_0043520.bil
++ cut -d. -f1
+ gdal_translate -a_srs 'EPSG: 32610' -co COMPRESS=DEFLATE -co ZLEVEL=9 ./outputs_C20.0_W5/vs_0000001_0043520.bil ./outputs_C20.0_W5/vs_0000001_0043520.tif
Input file size is 600, 600
0...10...20...30...40...50...60...70...80...90...100 - done.
+ rm -f -r ./outputs_C20.0_W5/fire_size_stats.csv ./outputs_C20.0_W5/timings_firelabserver.csv ./outputs_C20.0_W5/flin_0000001_0043520.bil ./outputs_C20.0_W5/time_of_arrival_0000001_0043520.bil ./outputs_C20.0_W5/vs_0000001_0043520.bil ./outputs_C20.0_W5/flin_0000001_0043520.hdr ./outputs_C20.0_W5/time_of_arrival_0000001_0043520.hdr ./outputs_C20.0_W5/vs_0000001_0043520.hdr ./inputs/ws.tif
+ for WIND_SPEED in $(seq 0 1 30)
+ OUTPUTS_DIR=./outputs_C20.0_W6
+ replace_line OUTPUTS_DIRECTORY ./outputs_C20.0_W6 yes
+ MATCH_PATTERN=OUTPUTS_DIRECTORY
+ NEW_VALUE=./outputs_C20.0_W6
+ IS_STRING=yes
++ grep -n OUTPUTS_DIRECTORY ./inputs/elmfire.data
++ cut -d: -f1
+ LINE=25
+ sed -i '25 d' ./inputs/elmfire.data
+ '[' yes = yes ']'
+ sed -i '25 i OUTPUTS_DIRECTORY = '\''./outputs_C20.0_W6'\''' ./inputs/elmfire.data
+ '[' -d ./outputs_C20.0_W6 ']'
+ mkdir ./outputs_C20.0_W6
+ gdal_calc.py -A ./scratch/float.tif --co=COMPRESS=DEFLATE --co=ZLEVEL=9 --NoDataValue=-9999 --outfile=./inputs/ws.tif '--calc=A + 6'
0...10...20...30...40...50...60...70...80...90...100 - done.
+ /home/dwip/binYiren_SU2/elmfire_2024.0916 ./inputs/elmfire.data
 ELMFIRE 2024.0916
 Reading &MISCELLANEOUS namelist group
 Reading &INPUTS namelist group
 Reading &OUTPUTS namelist group
 Reading &COMPUTATIONAL_DOMAIN namelist group
 Reading &TIME_CONTROL namelist group
 Reading &SIMULATOR namelist group
 Reading &WUI namelist group
 Reading &CALIBRATION namelist group
 Reading &SUPPRESSION namelist group
 Reading &SPOTTING namelist group
 Reading &SMOKE namelist group
 Reading &MONTE_CARLO namelist group
 Reading headers for fuels/topography and weather rasters
/usr/bin/gdal_translate -of ENVI -co "INTERLEAVE=BSQ" ./inputs/asp.tif ./scratch/asp.bsq
Input file size is 600, 600
0...10...20...30...40...50...60...70...80...90...100 - done.
/usr/bin/gdal_translate -of ENVI -co "INTERLEAVE=BSQ" ./inputs/ws.tif ./scratch/ws.bsq
Input file size is 600, 600
0...10...20...30...40...50...60...70...80...90...100 - done.
 Setting up shared memory, part 1
 Reading weather, fuel, and topography rasters
/bin/rm -f ./scratch/ws.bsq ./scratch/ws.hdr ./scratch/ws.prj ./scratch/ws.bsq.aux.xml
/usr/bin/gdal_translate -of ENVI -co "INTERLEAVE=BSQ" ./inputs/ws.tif ./scratch/ws.bsq
Input file size is 600, 600
0...10...20...30...40...50...60...70...80...90...100 - done.
/bin/rm -f ./scratch/wd.bsq ./scratch/wd.hdr ./scratch/wd.prj ./scratch/wd.bsq.aux.xml
/usr/bin/gdal_translate -of ENVI -co "INTERLEAVE=BSQ" ./inputs/wd.tif ./scratch/wd.bsq
Input file size is 600, 600
0...10...20...30...40...50...60...70...80...90...100 - done.
/bin/rm -f ./scratch/m1.bsq ./scratch/m1.hdr ./scratch/m1.prj ./scratch/m1.bsq.aux.xml
/usr/bin/gdal_translate -of ENVI -co "INTERLEAVE=BSQ" ./inputs/m1.tif ./scratch/m1.bsq
Input file size is 600, 600
0...10...20...30...40...50...60...70...80...90...100 - done.
/bin/rm -f ./scratch/m10.bsq ./scratch/m10.hdr ./scratch/m10.prj ./scratch/m10.bsq.aux.xml
/usr/bin/gdal_translate -of ENVI -co "INTERLEAVE=BSQ" ./inputs/m10.tif ./scratch/m10.bsq
Input file size is 600, 600
0...10...20...30...40...50...60...70...80...90...100 - done.
/bin/rm -f ./scratch/m100.bsq ./scratch/m100.hdr ./scratch/m100.prj ./scratch/m100.bsq.aux.xml
/usr/bin/gdal_translate -of ENVI -co "INTERLEAVE=BSQ" ./inputs/m100.tif ./scratch/m100.bsq
Input file size is 600, 600
0...10...20...30...40...50...60...70...80...90...100 - done.
 Reading fuel and topography rasters
/bin/rm -f ./scratch/asp.bsq ./scratch/asp.hdr ./scratch/asp.prj ./scratch/asp.bsq.aux.xml
/usr/bin/gdal_translate -of ENVI -co "INTERLEAVE=BSQ" ./inputs/asp.tif ./scratch/asp.bsq
Input file size is 600, 600
0...10...20...30...40...50...60...70...80...90...100 - done.
/bin/rm -f ./scratch/cbh.bsq ./scratch/cbh.hdr ./scratch/cbh.prj ./scratch/cbh.bsq.aux.xml
/usr/bin/gdal_translate -of ENVI -co "INTERLEAVE=BSQ" ./inputs/cbh.tif ./scratch/cbh.bsq
Input file size is 600, 600
0...10...20...30...40...50...60...70...80...90...100 - done.
/bin/rm -f ./scratch/cbd.bsq ./scratch/cbd.hdr ./scratch/cbd.prj ./scratch/cbd.bsq.aux.xml
/usr/bin/gdal_translate -of ENVI -co "INTERLEAVE=BSQ" ./inputs/cbd.tif ./scratch/cbd.bsq
Input file size is 600, 600
0...10...20...30...40...50...60...70...80...90...100 - done.
/bin/rm -f ./scratch/cc.bsq ./scratch/cc.hdr ./scratch/cc.prj ./scratch/cc.bsq.aux.xml
/usr/bin/gdal_translate -of ENVI -co "INTERLEAVE=BSQ" ./inputs/cc.tif ./scratch/cc.bsq
Input file size is 600, 600
0...10...20...30...40...50...60...70...80...90...100 - done.
/bin/rm -f ./scratch/ch.bsq ./scratch/ch.hdr ./scratch/ch.prj ./scratch/ch.bsq.aux.xml
/usr/bin/gdal_translate -of ENVI -co "INTERLEAVE=BSQ" ./inputs/ch.tif ./scratch/ch.bsq
Input file size is 600, 600
0...10...20...30...40...50...60...70...80...90...100 - done.
/bin/rm -f ./scratch/dem.bsq ./scratch/dem.hdr ./scratch/dem.prj ./scratch/dem.bsq.aux.xml
/usr/bin/gdal_translate -of ENVI -co "INTERLEAVE=BSQ" ./inputs/dem.tif ./scratch/dem.bsq
Input file size is 600, 600
0...10...20...30...40...50...60...70...80...90...100 - done.
/bin/rm -f ./scratch/fbfm40.bsq ./scratch/fbfm40.hdr ./scratch/fbfm40.prj ./scratch/fbfm40.bsq.aux.xml
/usr/bin/gdal_translate -of ENVI -co "INTERLEAVE=BSQ" ./inputs/fbfm40.tif ./scratch/fbfm40.bsq
Input file size is 600, 600
0...10...20...30...40...50...60...70...80...90...100 - done.
/bin/rm -f ./scratch/slp.bsq ./scratch/slp.hdr ./scratch/slp.prj ./scratch/slp.bsq.aux.xml
/usr/bin/gdal_translate -of ENVI -co "INTERLEAVE=BSQ" ./inputs/slp.tif ./scratch/slp.bsq
Input file size is 600, 600
0...10...20...30...40...50...60...70...80...90...100 - done.
/bin/rm -f ./scratch/adj.bsq ./scratch/adj.hdr ./scratch/adj.prj ./scratch/adj.bsq.aux.xml
/usr/bin/gdal_translate -of ENVI -co "INTERLEAVE=BSQ" ./inputs/adj.tif ./scratch/adj.bsq
Input file size is 600, 600
0...10...20...30...40...50...60...70...80...90...100 - done.
/bin/rm -f ./scratch/phi.bsq ./scratch/phi.hdr ./scratch/phi.prj ./scratch/phi.bsq.aux.xml
/usr/bin/gdal_translate -of ENVI -co "INTERLEAVE=BSQ" ./inputs/phi.tif ./scratch/phi.bsq
Input file size is 600, 600
0...10...20...30...40...50...60...70...80...90...100 - done.
 Allocating additional rasters
 Setting up shared memory, part 2
 Setting up statistics arrays
 ELMFIRE is running each ensemble member
Meteorology band      1: Case #       1 complete.  Fire area:    346.5 acres.
 End of simulation reached successfully. Shutting down.
+ for f in $OUTPUTS_DIR/*.bil
++ basename ./outputs_C20.0_W6/flin_0000001_0043463.bil
++ cut -d. -f1
+ gdal_translate -a_srs 'EPSG: 32610' -co COMPRESS=DEFLATE -co ZLEVEL=9 ./outputs_C20.0_W6/flin_0000001_0043463.bil ./outputs_C20.0_W6/flin_0000001_0043463.tif
Input file size is 600, 600
0...10...20...30...40...50...60...70...80...90...100 - done.
+ for f in $OUTPUTS_DIR/*.bil
++ basename ./outputs_C20.0_W6/time_of_arrival_0000001_0043463.bil
++ cut -d. -f1
+ gdal_translate -a_srs 'EPSG: 32610' -co COMPRESS=DEFLATE -co ZLEVEL=9 ./outputs_C20.0_W6/time_of_arrival_0000001_0043463.bil ./outputs_C20.0_W6/time_of_arrival_0000001_0043463.tif
Input file size is 600, 600
0...10...20...30...40...50...60...70...80...90...100 - done.
+ for f in $OUTPUTS_DIR/*.bil
++ basename ./outputs_C20.0_W6/vs_0000001_0043463.bil
++ cut -d. -f1
+ gdal_translate -a_srs 'EPSG: 32610' -co COMPRESS=DEFLATE -co ZLEVEL=9 ./outputs_C20.0_W6/vs_0000001_0043463.bil ./outputs_C20.0_W6/vs_0000001_0043463.tif
Input file size is 600, 600
0...10...20...30...40...50...60...70...80...90...100 - done.
+ rm -f -r ./outputs_C20.0_W6/fire_size_stats.csv ./outputs_C20.0_W6/timings_firelabserver.csv ./outputs_C20.0_W6/flin_0000001_0043463.bil ./outputs_C20.0_W6/time_of_arrival_0000001_0043463.bil ./outputs_C20.0_W6/vs_0000001_0043463.bil ./outputs_C20.0_W6/flin_0000001_0043463.hdr ./outputs_C20.0_W6/time_of_arrival_0000001_0043463.hdr ./outputs_C20.0_W6/vs_0000001_0043463.hdr ./inputs/ws.tif
+ for WIND_SPEED in $(seq 0 1 30)
+ OUTPUTS_DIR=./outputs_C20.0_W7
+ replace_line OUTPUTS_DIRECTORY ./outputs_C20.0_W7 yes
+ MATCH_PATTERN=OUTPUTS_DIRECTORY
+ NEW_VALUE=./outputs_C20.0_W7
+ IS_STRING=yes
++ grep -n OUTPUTS_DIRECTORY ./inputs/elmfire.data
++ cut -d: -f1
+ LINE=25
+ sed -i '25 d' ./inputs/elmfire.data
+ '[' yes = yes ']'
+ sed -i '25 i OUTPUTS_DIRECTORY = '\''./outputs_C20.0_W7'\''' ./inputs/elmfire.data
+ '[' -d ./outputs_C20.0_W7 ']'
+ mkdir ./outputs_C20.0_W7
+ gdal_calc.py -A ./scratch/float.tif --co=COMPRESS=DEFLATE --co=ZLEVEL=9 --NoDataValue=-9999 --outfile=./inputs/ws.tif '--calc=A + 7'
0...10...20...30...40...50...60...70...80...90...100 - done.
+ /home/dwip/binYiren_SU2/elmfire_2024.0916 ./inputs/elmfire.data
 ELMFIRE 2024.0916
 Reading &MISCELLANEOUS namelist group
 Reading &INPUTS namelist group
 Reading &OUTPUTS namelist group
 Reading &COMPUTATIONAL_DOMAIN namelist group
 Reading &TIME_CONTROL namelist group
 Reading &SIMULATOR namelist group
 Reading &WUI namelist group
 Reading &CALIBRATION namelist group
 Reading &SUPPRESSION namelist group
 Reading &SPOTTING namelist group
 Reading &SMOKE namelist group
 Reading &MONTE_CARLO namelist group
 Reading headers for fuels/topography and weather rasters
/usr/bin/gdal_translate -of ENVI -co "INTERLEAVE=BSQ" ./inputs/asp.tif ./scratch/asp.bsq
Input file size is 600, 600
0...10...20...30...40...50...60...70...80...90...100 - done.
/usr/bin/gdal_translate -of ENVI -co "INTERLEAVE=BSQ" ./inputs/ws.tif ./scratch/ws.bsq
Input file size is 600, 600
0...10...20...30...40...50...60...70...80...90...100 - done.
 Setting up shared memory, part 1
 Reading weather, fuel, and topography rasters
/bin/rm -f ./scratch/ws.bsq ./scratch/ws.hdr ./scratch/ws.prj ./scratch/ws.bsq.aux.xml
/usr/bin/gdal_translate -of ENVI -co "INTERLEAVE=BSQ" ./inputs/ws.tif ./scratch/ws.bsq
Input file size is 600, 600
0...10...20...30...40...50...60...70...80...90...100 - done.
/bin/rm -f ./scratch/wd.bsq ./scratch/wd.hdr ./scratch/wd.prj ./scratch/wd.bsq.aux.xml
/usr/bin/gdal_translate -of ENVI -co "INTERLEAVE=BSQ" ./inputs/wd.tif ./scratch/wd.bsq
Input file size is 600, 600
0...10...20...30...40...50...60...70...80...90...100 - done.
/bin/rm -f ./scratch/m1.bsq ./scratch/m1.hdr ./scratch/m1.prj ./scratch/m1.bsq.aux.xml
/usr/bin/gdal_translate -of ENVI -co "INTERLEAVE=BSQ" ./inputs/m1.tif ./scratch/m1.bsq
Input file size is 600, 600
0...10...20...30...40...50...60...70...80...90...100 - done.
/bin/rm -f ./scratch/m10.bsq ./scratch/m10.hdr ./scratch/m10.prj ./scratch/m10.bsq.aux.xml
/usr/bin/gdal_translate -of ENVI -co "INTERLEAVE=BSQ" ./inputs/m10.tif ./scratch/m10.bsq
Input file size is 600, 600
0...10...20...30...40...50...60...70...80...90...100 - done.
/bin/rm -f ./scratch/m100.bsq ./scratch/m100.hdr ./scratch/m100.prj ./scratch/m100.bsq.aux.xml
/usr/bin/gdal_translate -of ENVI -co "INTERLEAVE=BSQ" ./inputs/m100.tif ./scratch/m100.bsq
Input file size is 600, 600
0...10...20...30...40...50...60...70...80...90...100 - done.
 Reading fuel and topography rasters
/bin/rm -f ./scratch/asp.bsq ./scratch/asp.hdr ./scratch/asp.prj ./scratch/asp.bsq.aux.xml
/usr/bin/gdal_translate -of ENVI -co "INTERLEAVE=BSQ" ./inputs/asp.tif ./scratch/asp.bsq
Input file size is 600, 600
0...10...20...30...40...50...60...70...80...90...100 - done.
/bin/rm -f ./scratch/cbh.bsq ./scratch/cbh.hdr ./scratch/cbh.prj ./scratch/cbh.bsq.aux.xml
/usr/bin/gdal_translate -of ENVI -co "INTERLEAVE=BSQ" ./inputs/cbh.tif ./scratch/cbh.bsq
Input file size is 600, 600
0...10...20...30...40...50...60...70...80...90...100 - done.
/bin/rm -f ./scratch/cbd.bsq ./scratch/cbd.hdr ./scratch/cbd.prj ./scratch/cbd.bsq.aux.xml
/usr/bin/gdal_translate -of ENVI -co "INTERLEAVE=BSQ" ./inputs/cbd.tif ./scratch/cbd.bsq
Input file size is 600, 600
0...10...20...30...40...50...60...70...80...90...100 - done.
/bin/rm -f ./scratch/cc.bsq ./scratch/cc.hdr ./scratch/cc.prj ./scratch/cc.bsq.aux.xml
/usr/bin/gdal_translate -of ENVI -co "INTERLEAVE=BSQ" ./inputs/cc.tif ./scratch/cc.bsq
Input file size is 600, 600
0...10...20...30...40...50...60...70...80...90...100 - done.
/bin/rm -f ./scratch/ch.bsq ./scratch/ch.hdr ./scratch/ch.prj ./scratch/ch.bsq.aux.xml
/usr/bin/gdal_translate -of ENVI -co "INTERLEAVE=BSQ" ./inputs/ch.tif ./scratch/ch.bsq
Input file size is 600, 600
0...10...20...30...40...50...60...70...80...90...100 - done.
/bin/rm -f ./scratch/dem.bsq ./scratch/dem.hdr ./scratch/dem.prj ./scratch/dem.bsq.aux.xml
/usr/bin/gdal_translate -of ENVI -co "INTERLEAVE=BSQ" ./inputs/dem.tif ./scratch/dem.bsq
Input file size is 600, 600
0...10...20...30...40...50...60...70...80...90...100 - done.
/bin/rm -f ./scratch/fbfm40.bsq ./scratch/fbfm40.hdr ./scratch/fbfm40.prj ./scratch/fbfm40.bsq.aux.xml
/usr/bin/gdal_translate -of ENVI -co "INTERLEAVE=BSQ" ./inputs/fbfm40.tif ./scratch/fbfm40.bsq
Input file size is 600, 600
0...10...20...30...40...50...60...70...80...90...100 - done.
/bin/rm -f ./scratch/slp.bsq ./scratch/slp.hdr ./scratch/slp.prj ./scratch/slp.bsq.aux.xml
/usr/bin/gdal_translate -of ENVI -co "INTERLEAVE=BSQ" ./inputs/slp.tif ./scratch/slp.bsq
Input file size is 600, 600
0...10...20...30...40...50...60...70...80...90...100 - done.
/bin/rm -f ./scratch/adj.bsq ./scratch/adj.hdr ./scratch/adj.prj ./scratch/adj.bsq.aux.xml
/usr/bin/gdal_translate -of ENVI -co "INTERLEAVE=BSQ" ./inputs/adj.tif ./scratch/adj.bsq
Input file size is 600, 600
0...10...20...30...40...50...60...70...80...90...100 - done.
/bin/rm -f ./scratch/phi.bsq ./scratch/phi.hdr ./scratch/phi.prj ./scratch/phi.bsq.aux.xml
/usr/bin/gdal_translate -of ENVI -co "INTERLEAVE=BSQ" ./inputs/phi.tif ./scratch/phi.bsq
Input file size is 600, 600
0...10...20...30...40...50...60...70...80...90...100 - done.
 Allocating additional rasters
 Setting up shared memory, part 2
 Setting up statistics arrays
 ELMFIRE is running each ensemble member
Meteorology band      1: Case #       1 complete.  Fire area:    548.3 acres.
 End of simulation reached successfully. Shutting down.
+ for f in $OUTPUTS_DIR/*.bil
++ basename ./outputs_C20.0_W7/flin_0000001_0043352.bil
++ cut -d. -f1
+ gdal_translate -a_srs 'EPSG: 32610' -co COMPRESS=DEFLATE -co ZLEVEL=9 ./outputs_C20.0_W7/flin_0000001_0043352.bil ./outputs_C20.0_W7/flin_0000001_0043352.tif
Input file size is 600, 600
0...10...20...30...40...50...60...70...80...90...100 - done.
+ for f in $OUTPUTS_DIR/*.bil
++ basename ./outputs_C20.0_W7/time_of_arrival_0000001_0043352.bil
++ cut -d. -f1
+ gdal_translate -a_srs 'EPSG: 32610' -co COMPRESS=DEFLATE -co ZLEVEL=9 ./outputs_C20.0_W7/time_of_arrival_0000001_0043352.bil ./outputs_C20.0_W7/time_of_arrival_0000001_0043352.tif
Input file size is 600, 600
0...10...20...30...40...50...60...70...80...90...100 - done.
+ for f in $OUTPUTS_DIR/*.bil
++ basename ./outputs_C20.0_W7/vs_0000001_0043352.bil
++ cut -d. -f1
+ gdal_translate -a_srs 'EPSG: 32610' -co COMPRESS=DEFLATE -co ZLEVEL=9 ./outputs_C20.0_W7/vs_0000001_0043352.bil ./outputs_C20.0_W7/vs_0000001_0043352.tif
Input file size is 600, 600
0...10...20...30...40...50...60...70...80...90...100 - done.
+ rm -f -r ./outputs_C20.0_W7/fire_size_stats.csv ./outputs_C20.0_W7/timings_firelabserver.csv ./outputs_C20.0_W7/flin_0000001_0043352.bil ./outputs_C20.0_W7/time_of_arrival_0000001_0043352.bil ./outputs_C20.0_W7/vs_0000001_0043352.bil ./outputs_C20.0_W7/flin_0000001_0043352.hdr ./outputs_C20.0_W7/time_of_arrival_0000001_0043352.hdr ./outputs_C20.0_W7/vs_0000001_0043352.hdr ./inputs/ws.tif
+ for WIND_SPEED in $(seq 0 1 30)
+ OUTPUTS_DIR=./outputs_C20.0_W8
+ replace_line OUTPUTS_DIRECTORY ./outputs_C20.0_W8 yes
+ MATCH_PATTERN=OUTPUTS_DIRECTORY
+ NEW_VALUE=./outputs_C20.0_W8
+ IS_STRING=yes
++ grep -n OUTPUTS_DIRECTORY ./inputs/elmfire.data
++ cut -d: -f1
+ LINE=25
+ sed -i '25 d' ./inputs/elmfire.data
+ '[' yes = yes ']'
+ sed -i '25 i OUTPUTS_DIRECTORY = '\''./outputs_C20.0_W8'\''' ./inputs/elmfire.data
+ '[' -d ./outputs_C20.0_W8 ']'
+ mkdir ./outputs_C20.0_W8
+ gdal_calc.py -A ./scratch/float.tif --co=COMPRESS=DEFLATE --co=ZLEVEL=9 --NoDataValue=-9999 --outfile=./inputs/ws.tif '--calc=A + 8'
0...10...20...30...40...50...60...70...80...90...100 - done.
+ /home/dwip/binYiren_SU2/elmfire_2024.0916 ./inputs/elmfire.data
 ELMFIRE 2024.0916
 Reading &MISCELLANEOUS namelist group
 Reading &INPUTS namelist group
 Reading &OUTPUTS namelist group
 Reading &COMPUTATIONAL_DOMAIN namelist group
 Reading &TIME_CONTROL namelist group
 Reading &SIMULATOR namelist group
 Reading &WUI namelist group
 Reading &CALIBRATION namelist group
 Reading &SUPPRESSION namelist group
 Reading &SPOTTING namelist group
 Reading &SMOKE namelist group
 Reading &MONTE_CARLO namelist group
 Reading headers for fuels/topography and weather rasters
/usr/bin/gdal_translate -of ENVI -co "INTERLEAVE=BSQ" ./inputs/asp.tif ./scratch/asp.bsq
Input file size is 600, 600
0...10...20...30...40...50...60...70...80...90...100 - done.
/usr/bin/gdal_translate -of ENVI -co "INTERLEAVE=BSQ" ./inputs/ws.tif ./scratch/ws.bsq
Input file size is 600, 600
0...10...20...30...40...50...60...70...80...90...100 - done.
 Setting up shared memory, part 1
 Reading weather, fuel, and topography rasters
/bin/rm -f ./scratch/ws.bsq ./scratch/ws.hdr ./scratch/ws.prj ./scratch/ws.bsq.aux.xml
/usr/bin/gdal_translate -of ENVI -co "INTERLEAVE=BSQ" ./inputs/ws.tif ./scratch/ws.bsq
Input file size is 600, 600
0...10...20...30...40...50...60...70...80...90...100 - done.
/bin/rm -f ./scratch/wd.bsq ./scratch/wd.hdr ./scratch/wd.prj ./scratch/wd.bsq.aux.xml
/usr/bin/gdal_translate -of ENVI -co "INTERLEAVE=BSQ" ./inputs/wd.tif ./scratch/wd.bsq
Input file size is 600, 600
0...10...20...30...40...50...60...70...80...90...100 - done.
/bin/rm -f ./scratch/m1.bsq ./scratch/m1.hdr ./scratch/m1.prj ./scratch/m1.bsq.aux.xml
/usr/bin/gdal_translate -of ENVI -co "INTERLEAVE=BSQ" ./inputs/m1.tif ./scratch/m1.bsq
Input file size is 600, 600
0...10...20...30...40...50...60...70...80...90...100 - done.
/bin/rm -f ./scratch/m10.bsq ./scratch/m10.hdr ./scratch/m10.prj ./scratch/m10.bsq.aux.xml
/usr/bin/gdal_translate -of ENVI -co "INTERLEAVE=BSQ" ./inputs/m10.tif ./scratch/m10.bsq
Input file size is 600, 600
0...10...20...30...40...50...60...70...80...90...100 - done.
/bin/rm -f ./scratch/m100.bsq ./scratch/m100.hdr ./scratch/m100.prj ./scratch/m100.bsq.aux.xml
/usr/bin/gdal_translate -of ENVI -co "INTERLEAVE=BSQ" ./inputs/m100.tif ./scratch/m100.bsq
Input file size is 600, 600
0...10...20...30...40...50...60...70...80...90...100 - done.
 Reading fuel and topography rasters
/bin/rm -f ./scratch/asp.bsq ./scratch/asp.hdr ./scratch/asp.prj ./scratch/asp.bsq.aux.xml
/usr/bin/gdal_translate -of ENVI -co "INTERLEAVE=BSQ" ./inputs/asp.tif ./scratch/asp.bsq
Input file size is 600, 600
0...10...20...30...40...50...60...70...80...90...100 - done.
/bin/rm -f ./scratch/cbh.bsq ./scratch/cbh.hdr ./scratch/cbh.prj ./scratch/cbh.bsq.aux.xml
/usr/bin/gdal_translate -of ENVI -co "INTERLEAVE=BSQ" ./inputs/cbh.tif ./scratch/cbh.bsq
Input file size is 600, 600
0...10...20...30...40...50...60...70...80...90...100 - done.
/bin/rm -f ./scratch/cbd.bsq ./scratch/cbd.hdr ./scratch/cbd.prj ./scratch/cbd.bsq.aux.xml
/usr/bin/gdal_translate -of ENVI -co "INTERLEAVE=BSQ" ./inputs/cbd.tif ./scratch/cbd.bsq
Input file size is 600, 600
0...10...20...30...40...50...60...70...80...90...100 - done.
/bin/rm -f ./scratch/cc.bsq ./scratch/cc.hdr ./scratch/cc.prj ./scratch/cc.bsq.aux.xml
/usr/bin/gdal_translate -of ENVI -co "INTERLEAVE=BSQ" ./inputs/cc.tif ./scratch/cc.bsq
Input file size is 600, 600
0...10...20...30...40...50...60...70...80...90...100 - done.
/bin/rm -f ./scratch/ch.bsq ./scratch/ch.hdr ./scratch/ch.prj ./scratch/ch.bsq.aux.xml
/usr/bin/gdal_translate -of ENVI -co "INTERLEAVE=BSQ" ./inputs/ch.tif ./scratch/ch.bsq
Input file size is 600, 600
0...10...20...30...40...50...60...70...80...90...100 - done.
/bin/rm -f ./scratch/dem.bsq ./scratch/dem.hdr ./scratch/dem.prj ./scratch/dem.bsq.aux.xml
/usr/bin/gdal_translate -of ENVI -co "INTERLEAVE=BSQ" ./inputs/dem.tif ./scratch/dem.bsq
Input file size is 600, 600
0...10...20...30...40...50...60...70...80...90...100 - done.
/bin/rm -f ./scratch/fbfm40.bsq ./scratch/fbfm40.hdr ./scratch/fbfm40.prj ./scratch/fbfm40.bsq.aux.xml
/usr/bin/gdal_translate -of ENVI -co "INTERLEAVE=BSQ" ./inputs/fbfm40.tif ./scratch/fbfm40.bsq
Input file size is 600, 600
0...10...20...30...40...50...60...70...80...90...100 - done.
/bin/rm -f ./scratch/slp.bsq ./scratch/slp.hdr ./scratch/slp.prj ./scratch/slp.bsq.aux.xml
/usr/bin/gdal_translate -of ENVI -co "INTERLEAVE=BSQ" ./inputs/slp.tif ./scratch/slp.bsq
Input file size is 600, 600
0...10...20...30...40...50...60...70...80...90...100 - done.
/bin/rm -f ./scratch/adj.bsq ./scratch/adj.hdr ./scratch/adj.prj ./scratch/adj.bsq.aux.xml
/usr/bin/gdal_translate -of ENVI -co "INTERLEAVE=BSQ" ./inputs/adj.tif ./scratch/adj.bsq
Input file size is 600, 600
0...10...20...30...40...50...60...70...80...90...100 - done.
/bin/rm -f ./scratch/phi.bsq ./scratch/phi.hdr ./scratch/phi.prj ./scratch/phi.bsq.aux.xml
/usr/bin/gdal_translate -of ENVI -co "INTERLEAVE=BSQ" ./inputs/phi.tif ./scratch/phi.bsq
Input file size is 600, 600
0...10...20...30...40...50...60...70...80...90...100 - done.
 Allocating additional rasters
 Setting up shared memory, part 2
 Setting up statistics arrays
 ELMFIRE is running each ensemble member
Meteorology band      1: Case #       1 complete.  Fire area:    302.7 acres.
 End of simulation reached successfully. Shutting down.
+ for f in $OUTPUTS_DIR/*.bil
++ basename ./outputs_C20.0_W8/flin_0000001_0043429.bil
++ cut -d. -f1
+ gdal_translate -a_srs 'EPSG: 32610' -co COMPRESS=DEFLATE -co ZLEVEL=9 ./outputs_C20.0_W8/flin_0000001_0043429.bil ./outputs_C20.0_W8/flin_0000001_0043429.tif
Input file size is 600, 600
0...10...20...30...40...50...60...70...80...90...100 - done.
+ for f in $OUTPUTS_DIR/*.bil
++ basename ./outputs_C20.0_W8/time_of_arrival_0000001_0043429.bil
++ cut -d. -f1
+ gdal_translate -a_srs 'EPSG: 32610' -co COMPRESS=DEFLATE -co ZLEVEL=9 ./outputs_C20.0_W8/time_of_arrival_0000001_0043429.bil ./outputs_C20.0_W8/time_of_arrival_0000001_0043429.tif
Input file size is 600, 600
0...10...20...30...40...50...60...70...80...90...100 - done.
+ for f in $OUTPUTS_DIR/*.bil
++ basename ./outputs_C20.0_W8/vs_0000001_0043429.bil
++ cut -d. -f1
+ gdal_translate -a_srs 'EPSG: 32610' -co COMPRESS=DEFLATE -co ZLEVEL=9 ./outputs_C20.0_W8/vs_0000001_0043429.bil ./outputs_C20.0_W8/vs_0000001_0043429.tif
Input file size is 600, 600
0...10...20...30...40...50...60...70...80...90...100 - done.
+ rm -f -r ./outputs_C20.0_W8/fire_size_stats.csv ./outputs_C20.0_W8/timings_firelabserver.csv ./outputs_C20.0_W8/flin_0000001_0043429.bil ./outputs_C20.0_W8/time_of_arrival_0000001_0043429.bil ./outputs_C20.0_W8/vs_0000001_0043429.bil ./outputs_C20.0_W8/flin_0000001_0043429.hdr ./outputs_C20.0_W8/time_of_arrival_0000001_0043429.hdr ./outputs_C20.0_W8/vs_0000001_0043429.hdr ./inputs/ws.tif
+ for WIND_SPEED in $(seq 0 1 30)
+ OUTPUTS_DIR=./outputs_C20.0_W9
+ replace_line OUTPUTS_DIRECTORY ./outputs_C20.0_W9 yes
+ MATCH_PATTERN=OUTPUTS_DIRECTORY
+ NEW_VALUE=./outputs_C20.0_W9
+ IS_STRING=yes
++ grep -n OUTPUTS_DIRECTORY ./inputs/elmfire.data
++ cut -d: -f1
+ LINE=25
+ sed -i '25 d' ./inputs/elmfire.data
+ '[' yes = yes ']'
+ sed -i '25 i OUTPUTS_DIRECTORY = '\''./outputs_C20.0_W9'\''' ./inputs/elmfire.data
+ '[' -d ./outputs_C20.0_W9 ']'
+ mkdir ./outputs_C20.0_W9
+ gdal_calc.py -A ./scratch/float.tif --co=COMPRESS=DEFLATE --co=ZLEVEL=9 --NoDataValue=-9999 --outfile=./inputs/ws.tif '--calc=A + 9'
0...10...20...30...40...50...60...70...80...90...100 - done.
+ /home/dwip/binYiren_SU2/elmfire_2024.0916 ./inputs/elmfire.data
 ELMFIRE 2024.0916
 Reading &MISCELLANEOUS namelist group
 Reading &INPUTS namelist group
 Reading &OUTPUTS namelist group
 Reading &COMPUTATIONAL_DOMAIN namelist group
 Reading &TIME_CONTROL namelist group
 Reading &SIMULATOR namelist group
 Reading &WUI namelist group
 Reading &CALIBRATION namelist group
 Reading &SUPPRESSION namelist group
 Reading &SPOTTING namelist group
 Reading &SMOKE namelist group
 Reading &MONTE_CARLO namelist group
 Reading headers for fuels/topography and weather rasters
/usr/bin/gdal_translate -of ENVI -co "INTERLEAVE=BSQ" ./inputs/asp.tif ./scratch/asp.bsq
Input file size is 600, 600
0...10...20...30...40...50...60...70...80...90...100 - done.
/usr/bin/gdal_translate -of ENVI -co "INTERLEAVE=BSQ" ./inputs/ws.tif ./scratch/ws.bsq
Input file size is 600, 600
0...10...20...30...40...50...60...70...80...90...100 - done.
 Setting up shared memory, part 1
 Reading weather, fuel, and topography rasters
/bin/rm -f ./scratch/ws.bsq ./scratch/ws.hdr ./scratch/ws.prj ./scratch/ws.bsq.aux.xml
/usr/bin/gdal_translate -of ENVI -co "INTERLEAVE=BSQ" ./inputs/ws.tif ./scratch/ws.bsq
Input file size is 600, 600
0...10...20...30...40...50...60...70...80...90...100 - done.
/bin/rm -f ./scratch/wd.bsq ./scratch/wd.hdr ./scratch/wd.prj ./scratch/wd.bsq.aux.xml
/usr/bin/gdal_translate -of ENVI -co "INTERLEAVE=BSQ" ./inputs/wd.tif ./scratch/wd.bsq
Input file size is 600, 600
0...10...20...30...40...50...60...70...80...90...100 - done.
/bin/rm -f ./scratch/m1.bsq ./scratch/m1.hdr ./scratch/m1.prj ./scratch/m1.bsq.aux.xml
/usr/bin/gdal_translate -of ENVI -co "INTERLEAVE=BSQ" ./inputs/m1.tif ./scratch/m1.bsq
Input file size is 600, 600
0...10...20...30...40...50...60...70...80...90...100 - done.
/bin/rm -f ./scratch/m10.bsq ./scratch/m10.hdr ./scratch/m10.prj ./scratch/m10.bsq.aux.xml
/usr/bin/gdal_translate -of ENVI -co "INTERLEAVE=BSQ" ./inputs/m10.tif ./scratch/m10.bsq
Input file size is 600, 600
0...10...20...30...40...50...60...70...80...90...100 - done.
/bin/rm -f ./scratch/m100.bsq ./scratch/m100.hdr ./scratch/m100.prj ./scratch/m100.bsq.aux.xml
/usr/bin/gdal_translate -of ENVI -co "INTERLEAVE=BSQ" ./inputs/m100.tif ./scratch/m100.bsq
Input file size is 600, 600
0...10...20...30...40...50...60...70...80...90...100 - done.
 Reading fuel and topography rasters
/bin/rm -f ./scratch/asp.bsq ./scratch/asp.hdr ./scratch/asp.prj ./scratch/asp.bsq.aux.xml
/usr/bin/gdal_translate -of ENVI -co "INTERLEAVE=BSQ" ./inputs/asp.tif ./scratch/asp.bsq
Input file size is 600, 600
0...10...20...30...40...50...60...70...80...90...100 - done.
/bin/rm -f ./scratch/cbh.bsq ./scratch/cbh.hdr ./scratch/cbh.prj ./scratch/cbh.bsq.aux.xml
/usr/bin/gdal_translate -of ENVI -co "INTERLEAVE=BSQ" ./inputs/cbh.tif ./scratch/cbh.bsq
Input file size is 600, 600
0...10...20...30...40...50...60...70...80...90...100 - done.
/bin/rm -f ./scratch/cbd.bsq ./scratch/cbd.hdr ./scratch/cbd.prj ./scratch/cbd.bsq.aux.xml
/usr/bin/gdal_translate -of ENVI -co "INTERLEAVE=BSQ" ./inputs/cbd.tif ./scratch/cbd.bsq
Input file size is 600, 600
0...10...20...30...40...50...60...70...80...90...100 - done.
/bin/rm -f ./scratch/cc.bsq ./scratch/cc.hdr ./scratch/cc.prj ./scratch/cc.bsq.aux.xml
/usr/bin/gdal_translate -of ENVI -co "INTERLEAVE=BSQ" ./inputs/cc.tif ./scratch/cc.bsq
Input file size is 600, 600
0...10...20...30...40...50...60...70...80...90...100 - done.
/bin/rm -f ./scratch/ch.bsq ./scratch/ch.hdr ./scratch/ch.prj ./scratch/ch.bsq.aux.xml
/usr/bin/gdal_translate -of ENVI -co "INTERLEAVE=BSQ" ./inputs/ch.tif ./scratch/ch.bsq
Input file size is 600, 600
0...10...20...30...40...50...60...70...80...90...100 - done.
/bin/rm -f ./scratch/dem.bsq ./scratch/dem.hdr ./scratch/dem.prj ./scratch/dem.bsq.aux.xml
/usr/bin/gdal_translate -of ENVI -co "INTERLEAVE=BSQ" ./inputs/dem.tif ./scratch/dem.bsq
Input file size is 600, 600
0...10...20...30...40...50...60...70...80...90...100 - done.
/bin/rm -f ./scratch/fbfm40.bsq ./scratch/fbfm40.hdr ./scratch/fbfm40.prj ./scratch/fbfm40.bsq.aux.xml
/usr/bin/gdal_translate -of ENVI -co "INTERLEAVE=BSQ" ./inputs/fbfm40.tif ./scratch/fbfm40.bsq
Input file size is 600, 600
0...10...20...30...40...50...60...70...80...90...100 - done.
/bin/rm -f ./scratch/slp.bsq ./scratch/slp.hdr ./scratch/slp.prj ./scratch/slp.bsq.aux.xml
/usr/bin/gdal_translate -of ENVI -co "INTERLEAVE=BSQ" ./inputs/slp.tif ./scratch/slp.bsq
Input file size is 600, 600
0...10...20...30...40...50...60...70...80...90...100 - done.
/bin/rm -f ./scratch/adj.bsq ./scratch/adj.hdr ./scratch/adj.prj ./scratch/adj.bsq.aux.xml
/usr/bin/gdal_translate -of ENVI -co "INTERLEAVE=BSQ" ./inputs/adj.tif ./scratch/adj.bsq
Input file size is 600, 600
0...10...20...30...40...50...60...70...80...90...100 - done.
/bin/rm -f ./scratch/phi.bsq ./scratch/phi.hdr ./scratch/phi.prj ./scratch/phi.bsq.aux.xml
/usr/bin/gdal_translate -of ENVI -co "INTERLEAVE=BSQ" ./inputs/phi.tif ./scratch/phi.bsq
Input file size is 600, 600
0...10...20...30...40...50...60...70...80...90...100 - done.
 Allocating additional rasters
 Setting up shared memory, part 2
 Setting up statistics arrays
 ELMFIRE is running each ensemble member
Meteorology band      1: Case #       1 complete.  Fire area:    337.4 acres.
 End of simulation reached successfully. Shutting down.
+ for f in $OUTPUTS_DIR/*.bil
++ basename ./outputs_C20.0_W9/flin_0000001_0043484.bil
++ cut -d. -f1
+ gdal_translate -a_srs 'EPSG: 32610' -co COMPRESS=DEFLATE -co ZLEVEL=9 ./outputs_C20.0_W9/flin_0000001_0043484.bil ./outputs_C20.0_W9/flin_0000001_0043484.tif
Input file size is 600, 600
0...10...20...30...40...50...60...70...80...90...100 - done.
+ for f in $OUTPUTS_DIR/*.bil
++ basename ./outputs_C20.0_W9/time_of_arrival_0000001_0043484.bil
++ cut -d. -f1
+ gdal_translate -a_srs 'EPSG: 32610' -co COMPRESS=DEFLATE -co ZLEVEL=9 ./outputs_C20.0_W9/time_of_arrival_0000001_0043484.bil ./outputs_C20.0_W9/time_of_arrival_0000001_0043484.tif
Input file size is 600, 600
0...10...20...30...40...50...60...70...80...90...100 - done.
+ for f in $OUTPUTS_DIR/*.bil
++ basename ./outputs_C20.0_W9/vs_0000001_0043484.bil
++ cut -d. -f1
+ gdal_translate -a_srs 'EPSG: 32610' -co COMPRESS=DEFLATE -co ZLEVEL=9 ./outputs_C20.0_W9/vs_0000001_0043484.bil ./outputs_C20.0_W9/vs_0000001_0043484.tif
Input file size is 600, 600
0...10...20...30...40...50...60...70...80...90...100 - done.
+ rm -f -r ./outputs_C20.0_W9/fire_size_stats.csv ./outputs_C20.0_W9/timings_firelabserver.csv ./outputs_C20.0_W9/flin_0000001_0043484.bil ./outputs_C20.0_W9/time_of_arrival_0000001_0043484.bil ./outputs_C20.0_W9/vs_0000001_0043484.bil ./outputs_C20.0_W9/flin_0000001_0043484.hdr ./outputs_C20.0_W9/time_of_arrival_0000001_0043484.hdr ./outputs_C20.0_W9/vs_0000001_0043484.hdr ./inputs/ws.tif
+ for WIND_SPEED in $(seq 0 1 30)
+ OUTPUTS_DIR=./outputs_C20.0_W10
+ replace_line OUTPUTS_DIRECTORY ./outputs_C20.0_W10 yes
+ MATCH_PATTERN=OUTPUTS_DIRECTORY
+ NEW_VALUE=./outputs_C20.0_W10
+ IS_STRING=yes
++ grep -n OUTPUTS_DIRECTORY ./inputs/elmfire.data
++ cut -d: -f1
+ LINE=25
+ sed -i '25 d' ./inputs/elmfire.data
+ '[' yes = yes ']'
+ sed -i '25 i OUTPUTS_DIRECTORY = '\''./outputs_C20.0_W10'\''' ./inputs/elmfire.data
+ '[' -d ./outputs_C20.0_W10 ']'
+ mkdir ./outputs_C20.0_W10
+ gdal_calc.py -A ./scratch/float.tif --co=COMPRESS=DEFLATE --co=ZLEVEL=9 --NoDataValue=-9999 --outfile=./inputs/ws.tif '--calc=A + 10'
0...10...20...30...40...50...60...70...80...90...100 - done.
+ /home/dwip/binYiren_SU2/elmfire_2024.0916 ./inputs/elmfire.data
 ELMFIRE 2024.0916
 Reading &MISCELLANEOUS namelist group
 Reading &INPUTS namelist group
 Reading &OUTPUTS namelist group
 Reading &COMPUTATIONAL_DOMAIN namelist group
 Reading &TIME_CONTROL namelist group
 Reading &SIMULATOR namelist group
 Reading &WUI namelist group
 Reading &CALIBRATION namelist group
 Reading &SUPPRESSION namelist group
 Reading &SPOTTING namelist group
 Reading &SMOKE namelist group
 Reading &MONTE_CARLO namelist group
 Reading headers for fuels/topography and weather rasters
/usr/bin/gdal_translate -of ENVI -co "INTERLEAVE=BSQ" ./inputs/asp.tif ./scratch/asp.bsq
Input file size is 600, 600
0...10...20...30...40...50...60...70...80...90...100 - done.
/usr/bin/gdal_translate -of ENVI -co "INTERLEAVE=BSQ" ./inputs/ws.tif ./scratch/ws.bsq
Input file size is 600, 600
0...10...20...30...40...50...60...70...80...90...100 - done.
 Setting up shared memory, part 1
 Reading weather, fuel, and topography rasters
/bin/rm -f ./scratch/ws.bsq ./scratch/ws.hdr ./scratch/ws.prj ./scratch/ws.bsq.aux.xml
/usr/bin/gdal_translate -of ENVI -co "INTERLEAVE=BSQ" ./inputs/ws.tif ./scratch/ws.bsq
Input file size is 600, 600
0...10...20...30...40...50...60...70...80...90...100 - done.
/bin/rm -f ./scratch/wd.bsq ./scratch/wd.hdr ./scratch/wd.prj ./scratch/wd.bsq.aux.xml
/usr/bin/gdal_translate -of ENVI -co "INTERLEAVE=BSQ" ./inputs/wd.tif ./scratch/wd.bsq
Input file size is 600, 600
0...10...20...30...40...50...60...70...80...90...100 - done.
/bin/rm -f ./scratch/m1.bsq ./scratch/m1.hdr ./scratch/m1.prj ./scratch/m1.bsq.aux.xml
/usr/bin/gdal_translate -of ENVI -co "INTERLEAVE=BSQ" ./inputs/m1.tif ./scratch/m1.bsq
Input file size is 600, 600
0...10...20...30...40...50...60...70...80...90...100 - done.
/bin/rm -f ./scratch/m10.bsq ./scratch/m10.hdr ./scratch/m10.prj ./scratch/m10.bsq.aux.xml
/usr/bin/gdal_translate -of ENVI -co "INTERLEAVE=BSQ" ./inputs/m10.tif ./scratch/m10.bsq
Input file size is 600, 600
0...10...20...30...40...50...60...70...80...90...100 - done.
/bin/rm -f ./scratch/m100.bsq ./scratch/m100.hdr ./scratch/m100.prj ./scratch/m100.bsq.aux.xml
/usr/bin/gdal_translate -of ENVI -co "INTERLEAVE=BSQ" ./inputs/m100.tif ./scratch/m100.bsq
Input file size is 600, 600
0...10...20...30...40...50...60...70...80...90...100 - done.
 Reading fuel and topography rasters
/bin/rm -f ./scratch/asp.bsq ./scratch/asp.hdr ./scratch/asp.prj ./scratch/asp.bsq.aux.xml
/usr/bin/gdal_translate -of ENVI -co "INTERLEAVE=BSQ" ./inputs/asp.tif ./scratch/asp.bsq
Input file size is 600, 600
0...10...20...30...40...50...60...70...80...90...100 - done.
/bin/rm -f ./scratch/cbh.bsq ./scratch/cbh.hdr ./scratch/cbh.prj ./scratch/cbh.bsq.aux.xml
/usr/bin/gdal_translate -of ENVI -co "INTERLEAVE=BSQ" ./inputs/cbh.tif ./scratch/cbh.bsq
Input file size is 600, 600
0...10...20...30...40...50...60...70...80...90...100 - done.
/bin/rm -f ./scratch/cbd.bsq ./scratch/cbd.hdr ./scratch/cbd.prj ./scratch/cbd.bsq.aux.xml
/usr/bin/gdal_translate -of ENVI -co "INTERLEAVE=BSQ" ./inputs/cbd.tif ./scratch/cbd.bsq
Input file size is 600, 600
0...10...20...30...40...50...60...70...80...90...100 - done.
/bin/rm -f ./scratch/cc.bsq ./scratch/cc.hdr ./scratch/cc.prj ./scratch/cc.bsq.aux.xml
/usr/bin/gdal_translate -of ENVI -co "INTERLEAVE=BSQ" ./inputs/cc.tif ./scratch/cc.bsq
Input file size is 600, 600
0...10...20...30...40...50...60...70...80...90...100 - done.
/bin/rm -f ./scratch/ch.bsq ./scratch/ch.hdr ./scratch/ch.prj ./scratch/ch.bsq.aux.xml
/usr/bin/gdal_translate -of ENVI -co "INTERLEAVE=BSQ" ./inputs/ch.tif ./scratch/ch.bsq
Input file size is 600, 600
0...10...20...30...40...50...60...70...80...90...100 - done.
/bin/rm -f ./scratch/dem.bsq ./scratch/dem.hdr ./scratch/dem.prj ./scratch/dem.bsq.aux.xml
/usr/bin/gdal_translate -of ENVI -co "INTERLEAVE=BSQ" ./inputs/dem.tif ./scratch/dem.bsq
Input file size is 600, 600
0...10...20...30...40...50...60...70...80...90...100 - done.
/bin/rm -f ./scratch/fbfm40.bsq ./scratch/fbfm40.hdr ./scratch/fbfm40.prj ./scratch/fbfm40.bsq.aux.xml
/usr/bin/gdal_translate -of ENVI -co "INTERLEAVE=BSQ" ./inputs/fbfm40.tif ./scratch/fbfm40.bsq
Input file size is 600, 600
0...10...20...30...40...50...60...70...80...90...100 - done.
/bin/rm -f ./scratch/slp.bsq ./scratch/slp.hdr ./scratch/slp.prj ./scratch/slp.bsq.aux.xml
/usr/bin/gdal_translate -of ENVI -co "INTERLEAVE=BSQ" ./inputs/slp.tif ./scratch/slp.bsq
Input file size is 600, 600
0...10...20...30...40...50...60...70...80...90...100 - done.
/bin/rm -f ./scratch/adj.bsq ./scratch/adj.hdr ./scratch/adj.prj ./scratch/adj.bsq.aux.xml
/usr/bin/gdal_translate -of ENVI -co "INTERLEAVE=BSQ" ./inputs/adj.tif ./scratch/adj.bsq
Input file size is 600, 600
0...10...20...30...40...50...60...70...80...90...100 - done.
/bin/rm -f ./scratch/phi.bsq ./scratch/phi.hdr ./scratch/phi.prj ./scratch/phi.bsq.aux.xml
/usr/bin/gdal_translate -of ENVI -co "INTERLEAVE=BSQ" ./inputs/phi.tif ./scratch/phi.bsq
Input file size is 600, 600
0...10...20...30...40...50...60...70...80...90...100 - done.
 Allocating additional rasters
 Setting up shared memory, part 2
 Setting up statistics arrays
 ELMFIRE is running each ensemble member
Meteorology band      1: Case #       1 complete.  Fire area:    380.5 acres.
 End of simulation reached successfully. Shutting down.
+ for f in $OUTPUTS_DIR/*.bil
++ basename ./outputs_C20.0_W10/flin_0000001_0043449.bil
++ cut -d. -f1
+ gdal_translate -a_srs 'EPSG: 32610' -co COMPRESS=DEFLATE -co ZLEVEL=9 ./outputs_C20.0_W10/flin_0000001_0043449.bil ./outputs_C20.0_W10/flin_0000001_0043449.tif
Input file size is 600, 600
0...10...20...30...40...50...60...70...80...90...100 - done.
+ for f in $OUTPUTS_DIR/*.bil
++ basename ./outputs_C20.0_W10/time_of_arrival_0000001_0043449.bil
++ cut -d. -f1
+ gdal_translate -a_srs 'EPSG: 32610' -co COMPRESS=DEFLATE -co ZLEVEL=9 ./outputs_C20.0_W10/time_of_arrival_0000001_0043449.bil ./outputs_C20.0_W10/time_of_arrival_0000001_0043449.tif
Input file size is 600, 600
0...10...20...30...40...50...60...70...80...90...100 - done.
+ for f in $OUTPUTS_DIR/*.bil
++ basename ./outputs_C20.0_W10/vs_0000001_0043449.bil
++ cut -d. -f1
+ gdal_translate -a_srs 'EPSG: 32610' -co COMPRESS=DEFLATE -co ZLEVEL=9 ./outputs_C20.0_W10/vs_0000001_0043449.bil ./outputs_C20.0_W10/vs_0000001_0043449.tif
Input file size is 600, 600
0...10...20...30...40...50...60...70...80...90...100 - done.
+ rm -f -r ./outputs_C20.0_W10/fire_size_stats.csv ./outputs_C20.0_W10/timings_firelabserver.csv ./outputs_C20.0_W10/flin_0000001_0043449.bil ./outputs_C20.0_W10/time_of_arrival_0000001_0043449.bil ./outputs_C20.0_W10/vs_0000001_0043449.bil ./outputs_C20.0_W10/flin_0000001_0043449.hdr ./outputs_C20.0_W10/time_of_arrival_0000001_0043449.hdr ./outputs_C20.0_W10/vs_0000001_0043449.hdr ./inputs/ws.tif
+ for WIND_SPEED in $(seq 0 1 30)
+ OUTPUTS_DIR=./outputs_C20.0_W11
+ replace_line OUTPUTS_DIRECTORY ./outputs_C20.0_W11 yes
+ MATCH_PATTERN=OUTPUTS_DIRECTORY
+ NEW_VALUE=./outputs_C20.0_W11
+ IS_STRING=yes
++ grep -n OUTPUTS_DIRECTORY ./inputs/elmfire.data
++ cut -d: -f1
+ LINE=25
+ sed -i '25 d' ./inputs/elmfire.data
+ '[' yes = yes ']'
+ sed -i '25 i OUTPUTS_DIRECTORY = '\''./outputs_C20.0_W11'\''' ./inputs/elmfire.data
+ '[' -d ./outputs_C20.0_W11 ']'
+ mkdir ./outputs_C20.0_W11
+ gdal_calc.py -A ./scratch/float.tif --co=COMPRESS=DEFLATE --co=ZLEVEL=9 --NoDataValue=-9999 --outfile=./inputs/ws.tif '--calc=A + 11'
0...10...20...30...40...50...60...70...80...90...100 - done.
+ /home/dwip/binYiren_SU2/elmfire_2024.0916 ./inputs/elmfire.data
 ELMFIRE 2024.0916
 Reading &MISCELLANEOUS namelist group
 Reading &INPUTS namelist group
 Reading &OUTPUTS namelist group
 Reading &COMPUTATIONAL_DOMAIN namelist group
 Reading &TIME_CONTROL namelist group
 Reading &SIMULATOR namelist group
 Reading &WUI namelist group
 Reading &CALIBRATION namelist group
 Reading &SUPPRESSION namelist group
 Reading &SPOTTING namelist group
 Reading &SMOKE namelist group
 Reading &MONTE_CARLO namelist group
 Reading headers for fuels/topography and weather rasters
/usr/bin/gdal_translate -of ENVI -co "INTERLEAVE=BSQ" ./inputs/asp.tif ./scratch/asp.bsq
Input file size is 600, 600
0...10...20...30...40...50...60...70...80...90...100 - done.
/usr/bin/gdal_translate -of ENVI -co "INTERLEAVE=BSQ" ./inputs/ws.tif ./scratch/ws.bsq
Input file size is 600, 600
0...10...20...30...40...50...60...70...80...90...100 - done.
 Setting up shared memory, part 1
 Reading weather, fuel, and topography rasters
/bin/rm -f ./scratch/ws.bsq ./scratch/ws.hdr ./scratch/ws.prj ./scratch/ws.bsq.aux.xml
/usr/bin/gdal_translate -of ENVI -co "INTERLEAVE=BSQ" ./inputs/ws.tif ./scratch/ws.bsq
Input file size is 600, 600
0...10...20...30...40...50...60...70...80...90...100 - done.
/bin/rm -f ./scratch/wd.bsq ./scratch/wd.hdr ./scratch/wd.prj ./scratch/wd.bsq.aux.xml
/usr/bin/gdal_translate -of ENVI -co "INTERLEAVE=BSQ" ./inputs/wd.tif ./scratch/wd.bsq
Input file size is 600, 600
0...10...20...30...40...50...60...70...80...90...100 - done.
/bin/rm -f ./scratch/m1.bsq ./scratch/m1.hdr ./scratch/m1.prj ./scratch/m1.bsq.aux.xml
/usr/bin/gdal_translate -of ENVI -co "INTERLEAVE=BSQ" ./inputs/m1.tif ./scratch/m1.bsq
Input file size is 600, 600
0...10...20...30...40...50...60...70...80...90...100 - done.
/bin/rm -f ./scratch/m10.bsq ./scratch/m10.hdr ./scratch/m10.prj ./scratch/m10.bsq.aux.xml
/usr/bin/gdal_translate -of ENVI -co "INTERLEAVE=BSQ" ./inputs/m10.tif ./scratch/m10.bsq
Input file size is 600, 600
0...10...20...30...40...50...60...70...80...90...100 - done.
/bin/rm -f ./scratch/m100.bsq ./scratch/m100.hdr ./scratch/m100.prj ./scratch/m100.bsq.aux.xml
/usr/bin/gdal_translate -of ENVI -co "INTERLEAVE=BSQ" ./inputs/m100.tif ./scratch/m100.bsq
Input file size is 600, 600
0...10...20...30...40...50...60...70...80...90...100 - done.
 Reading fuel and topography rasters
/bin/rm -f ./scratch/asp.bsq ./scratch/asp.hdr ./scratch/asp.prj ./scratch/asp.bsq.aux.xml
/usr/bin/gdal_translate -of ENVI -co "INTERLEAVE=BSQ" ./inputs/asp.tif ./scratch/asp.bsq
Input file size is 600, 600
0...10...20...30...40...50...60...70...80...90...100 - done.
/bin/rm -f ./scratch/cbh.bsq ./scratch/cbh.hdr ./scratch/cbh.prj ./scratch/cbh.bsq.aux.xml
/usr/bin/gdal_translate -of ENVI -co "INTERLEAVE=BSQ" ./inputs/cbh.tif ./scratch/cbh.bsq
Input file size is 600, 600
0...10...20...30...40...50...60...70...80...90...100 - done.
/bin/rm -f ./scratch/cbd.bsq ./scratch/cbd.hdr ./scratch/cbd.prj ./scratch/cbd.bsq.aux.xml
/usr/bin/gdal_translate -of ENVI -co "INTERLEAVE=BSQ" ./inputs/cbd.tif ./scratch/cbd.bsq
Input file size is 600, 600
0...10...20...30...40...50...60...70...80...90...100 - done.
/bin/rm -f ./scratch/cc.bsq ./scratch/cc.hdr ./scratch/cc.prj ./scratch/cc.bsq.aux.xml
/usr/bin/gdal_translate -of ENVI -co "INTERLEAVE=BSQ" ./inputs/cc.tif ./scratch/cc.bsq
Input file size is 600, 600
0...10...20...30...40...50...60...70...80...90...100 - done.
/bin/rm -f ./scratch/ch.bsq ./scratch/ch.hdr ./scratch/ch.prj ./scratch/ch.bsq.aux.xml
/usr/bin/gdal_translate -of ENVI -co "INTERLEAVE=BSQ" ./inputs/ch.tif ./scratch/ch.bsq
Input file size is 600, 600
0...10...20...30...40...50...60...70...80...90...100 - done.
/bin/rm -f ./scratch/dem.bsq ./scratch/dem.hdr ./scratch/dem.prj ./scratch/dem.bsq.aux.xml
/usr/bin/gdal_translate -of ENVI -co "INTERLEAVE=BSQ" ./inputs/dem.tif ./scratch/dem.bsq
Input file size is 600, 600
0...10...20...30...40...50...60...70...80...90...100 - done.
/bin/rm -f ./scratch/fbfm40.bsq ./scratch/fbfm40.hdr ./scratch/fbfm40.prj ./scratch/fbfm40.bsq.aux.xml
/usr/bin/gdal_translate -of ENVI -co "INTERLEAVE=BSQ" ./inputs/fbfm40.tif ./scratch/fbfm40.bsq
Input file size is 600, 600
0...10...20...30...40...50...60...70...80...90...100 - done.
/bin/rm -f ./scratch/slp.bsq ./scratch/slp.hdr ./scratch/slp.prj ./scratch/slp.bsq.aux.xml
/usr/bin/gdal_translate -of ENVI -co "INTERLEAVE=BSQ" ./inputs/slp.tif ./scratch/slp.bsq
Input file size is 600, 600
0...10...20...30...40...50...60...70...80...90...100 - done.
/bin/rm -f ./scratch/adj.bsq ./scratch/adj.hdr ./scratch/adj.prj ./scratch/adj.bsq.aux.xml
/usr/bin/gdal_translate -of ENVI -co "INTERLEAVE=BSQ" ./inputs/adj.tif ./scratch/adj.bsq
Input file size is 600, 600
0...10...20...30...40...50...60...70...80...90...100 - done.
/bin/rm -f ./scratch/phi.bsq ./scratch/phi.hdr ./scratch/phi.prj ./scratch/phi.bsq.aux.xml
/usr/bin/gdal_translate -of ENVI -co "INTERLEAVE=BSQ" ./inputs/phi.tif ./scratch/phi.bsq
Input file size is 600, 600
0...10...20...30...40...50...60...70...80...90...100 - done.
 Allocating additional rasters
 Setting up shared memory, part 2
 Setting up statistics arrays
 ELMFIRE is running each ensemble member
Meteorology band      1: Case #       1 complete.  Fire area:    424.6 acres.
 End of simulation reached successfully. Shutting down.
+ for f in $OUTPUTS_DIR/*.bil
++ basename ./outputs_C20.0_W11/flin_0000001_0043332.bil
++ cut -d. -f1
+ gdal_translate -a_srs 'EPSG: 32610' -co COMPRESS=DEFLATE -co ZLEVEL=9 ./outputs_C20.0_W11/flin_0000001_0043332.bil ./outputs_C20.0_W11/flin_0000001_0043332.tif
Input file size is 600, 600
0...10...20...30...40...50...60...70...80...90...100 - done.
+ for f in $OUTPUTS_DIR/*.bil
++ basename ./outputs_C20.0_W11/time_of_arrival_0000001_0043332.bil
++ cut -d. -f1
+ gdal_translate -a_srs 'EPSG: 32610' -co COMPRESS=DEFLATE -co ZLEVEL=9 ./outputs_C20.0_W11/time_of_arrival_0000001_0043332.bil ./outputs_C20.0_W11/time_of_arrival_0000001_0043332.tif
Input file size is 600, 600
0...10...20...30...40...50...60...70...80...90...100 - done.
+ for f in $OUTPUTS_DIR/*.bil
++ basename ./outputs_C20.0_W11/vs_0000001_0043332.bil
++ cut -d. -f1
+ gdal_translate -a_srs 'EPSG: 32610' -co COMPRESS=DEFLATE -co ZLEVEL=9 ./outputs_C20.0_W11/vs_0000001_0043332.bil ./outputs_C20.0_W11/vs_0000001_0043332.tif
Input file size is 600, 600
0...10...20...30...40...50...60...70...80...90...100 - done.
+ rm -f -r ./outputs_C20.0_W11/fire_size_stats.csv ./outputs_C20.0_W11/timings_firelabserver.csv ./outputs_C20.0_W11/flin_0000001_0043332.bil ./outputs_C20.0_W11/time_of_arrival_0000001_0043332.bil ./outputs_C20.0_W11/vs_0000001_0043332.bil ./outputs_C20.0_W11/flin_0000001_0043332.hdr ./outputs_C20.0_W11/time_of_arrival_0000001_0043332.hdr ./outputs_C20.0_W11/vs_0000001_0043332.hdr ./inputs/ws.tif
+ for WIND_SPEED in $(seq 0 1 30)
+ OUTPUTS_DIR=./outputs_C20.0_W12
+ replace_line OUTPUTS_DIRECTORY ./outputs_C20.0_W12 yes
+ MATCH_PATTERN=OUTPUTS_DIRECTORY
+ NEW_VALUE=./outputs_C20.0_W12
+ IS_STRING=yes
++ grep -n OUTPUTS_DIRECTORY ./inputs/elmfire.data
++ cut -d: -f1
+ LINE=25
+ sed -i '25 d' ./inputs/elmfire.data
+ '[' yes = yes ']'
+ sed -i '25 i OUTPUTS_DIRECTORY = '\''./outputs_C20.0_W12'\''' ./inputs/elmfire.data
+ '[' -d ./outputs_C20.0_W12 ']'
+ mkdir ./outputs_C20.0_W12
+ gdal_calc.py -A ./scratch/float.tif --co=COMPRESS=DEFLATE --co=ZLEVEL=9 --NoDataValue=-9999 --outfile=./inputs/ws.tif '--calc=A + 12'
0...10...20...30...40...50...60...70...80...90...100 - done.
+ /home/dwip/binYiren_SU2/elmfire_2024.0916 ./inputs/elmfire.data
 ELMFIRE 2024.0916
 Reading &MISCELLANEOUS namelist group
 Reading &INPUTS namelist group
 Reading &OUTPUTS namelist group
 Reading &COMPUTATIONAL_DOMAIN namelist group
 Reading &TIME_CONTROL namelist group
 Reading &SIMULATOR namelist group
 Reading &WUI namelist group
 Reading &CALIBRATION namelist group
 Reading &SUPPRESSION namelist group
 Reading &SPOTTING namelist group
 Reading &SMOKE namelist group
 Reading &MONTE_CARLO namelist group
 Reading headers for fuels/topography and weather rasters
/usr/bin/gdal_translate -of ENVI -co "INTERLEAVE=BSQ" ./inputs/asp.tif ./scratch/asp.bsq
Input file size is 600, 600
0...10...20...30...40...50...60...70...80...90...100 - done.
/usr/bin/gdal_translate -of ENVI -co "INTERLEAVE=BSQ" ./inputs/ws.tif ./scratch/ws.bsq
Input file size is 600, 600
0...10...20...30...40...50...60...70...80...90...100 - done.
 Setting up shared memory, part 1
 Reading weather, fuel, and topography rasters
/bin/rm -f ./scratch/ws.bsq ./scratch/ws.hdr ./scratch/ws.prj ./scratch/ws.bsq.aux.xml
/usr/bin/gdal_translate -of ENVI -co "INTERLEAVE=BSQ" ./inputs/ws.tif ./scratch/ws.bsq
Input file size is 600, 600
0...10...20...30...40...50...60...70...80...90...100 - done.
/bin/rm -f ./scratch/wd.bsq ./scratch/wd.hdr ./scratch/wd.prj ./scratch/wd.bsq.aux.xml
/usr/bin/gdal_translate -of ENVI -co "INTERLEAVE=BSQ" ./inputs/wd.tif ./scratch/wd.bsq
Input file size is 600, 600
0...10...20...30...40...50...60...70...80...90...100 - done.
/bin/rm -f ./scratch/m1.bsq ./scratch/m1.hdr ./scratch/m1.prj ./scratch/m1.bsq.aux.xml
/usr/bin/gdal_translate -of ENVI -co "INTERLEAVE=BSQ" ./inputs/m1.tif ./scratch/m1.bsq
Input file size is 600, 600
0...10...20...30...40...50...60...70...80...90...100 - done.
/bin/rm -f ./scratch/m10.bsq ./scratch/m10.hdr ./scratch/m10.prj ./scratch/m10.bsq.aux.xml
/usr/bin/gdal_translate -of ENVI -co "INTERLEAVE=BSQ" ./inputs/m10.tif ./scratch/m10.bsq
Input file size is 600, 600
0...10...20...30...40...50...60...70...80...90...100 - done.
/bin/rm -f ./scratch/m100.bsq ./scratch/m100.hdr ./scratch/m100.prj ./scratch/m100.bsq.aux.xml
/usr/bin/gdal_translate -of ENVI -co "INTERLEAVE=BSQ" ./inputs/m100.tif ./scratch/m100.bsq
Input file size is 600, 600
0...10...20...30...40...50...60...70...80...90...100 - done.
 Reading fuel and topography rasters
/bin/rm -f ./scratch/asp.bsq ./scratch/asp.hdr ./scratch/asp.prj ./scratch/asp.bsq.aux.xml
/usr/bin/gdal_translate -of ENVI -co "INTERLEAVE=BSQ" ./inputs/asp.tif ./scratch/asp.bsq
Input file size is 600, 600
0...10...20...30...40...50...60...70...80...90...100 - done.
/bin/rm -f ./scratch/cbh.bsq ./scratch/cbh.hdr ./scratch/cbh.prj ./scratch/cbh.bsq.aux.xml
/usr/bin/gdal_translate -of ENVI -co "INTERLEAVE=BSQ" ./inputs/cbh.tif ./scratch/cbh.bsq
Input file size is 600, 600
0...10...20...30...40...50...60...70...80...90...100 - done.
/bin/rm -f ./scratch/cbd.bsq ./scratch/cbd.hdr ./scratch/cbd.prj ./scratch/cbd.bsq.aux.xml
/usr/bin/gdal_translate -of ENVI -co "INTERLEAVE=BSQ" ./inputs/cbd.tif ./scratch/cbd.bsq
Input file size is 600, 600
0...10...20...30...40...50...60...70...80...90...100 - done.
/bin/rm -f ./scratch/cc.bsq ./scratch/cc.hdr ./scratch/cc.prj ./scratch/cc.bsq.aux.xml
/usr/bin/gdal_translate -of ENVI -co "INTERLEAVE=BSQ" ./inputs/cc.tif ./scratch/cc.bsq
Input file size is 600, 600
0...10...20...30...40...50...60...70...80...90...100 - done.
/bin/rm -f ./scratch/ch.bsq ./scratch/ch.hdr ./scratch/ch.prj ./scratch/ch.bsq.aux.xml
/usr/bin/gdal_translate -of ENVI -co "INTERLEAVE=BSQ" ./inputs/ch.tif ./scratch/ch.bsq
Input file size is 600, 600
0...10...20...30...40...50...60...70...80...90...100 - done.
/bin/rm -f ./scratch/dem.bsq ./scratch/dem.hdr ./scratch/dem.prj ./scratch/dem.bsq.aux.xml
/usr/bin/gdal_translate -of ENVI -co "INTERLEAVE=BSQ" ./inputs/dem.tif ./scratch/dem.bsq
Input file size is 600, 600
0...10...20...30...40...50...60...70...80...90...100 - done.
/bin/rm -f ./scratch/fbfm40.bsq ./scratch/fbfm40.hdr ./scratch/fbfm40.prj ./scratch/fbfm40.bsq.aux.xml
/usr/bin/gdal_translate -of ENVI -co "INTERLEAVE=BSQ" ./inputs/fbfm40.tif ./scratch/fbfm40.bsq
Input file size is 600, 600
0...10...20...30...40...50...60...70...80...90...100 - done.
/bin/rm -f ./scratch/slp.bsq ./scratch/slp.hdr ./scratch/slp.prj ./scratch/slp.bsq.aux.xml
/usr/bin/gdal_translate -of ENVI -co "INTERLEAVE=BSQ" ./inputs/slp.tif ./scratch/slp.bsq
Input file size is 600, 600
0...10...20...30...40...50...60...70...80...90...100 - done.
/bin/rm -f ./scratch/adj.bsq ./scratch/adj.hdr ./scratch/adj.prj ./scratch/adj.bsq.aux.xml
/usr/bin/gdal_translate -of ENVI -co "INTERLEAVE=BSQ" ./inputs/adj.tif ./scratch/adj.bsq
Input file size is 600, 600
0...10...20...30...40...50...60...70...80...90...100 - done.
/bin/rm -f ./scratch/phi.bsq ./scratch/phi.hdr ./scratch/phi.prj ./scratch/phi.bsq.aux.xml
/usr/bin/gdal_translate -of ENVI -co "INTERLEAVE=BSQ" ./inputs/phi.tif ./scratch/phi.bsq
Input file size is 600, 600
0...10...20...30...40...50...60...70...80...90...100 - done.
 Allocating additional rasters
 Setting up shared memory, part 2
 Setting up statistics arrays
 ELMFIRE is running each ensemble member
Meteorology band      1: Case #       1 complete.  Fire area:    477.4 acres.
 End of simulation reached successfully. Shutting down.
+ for f in $OUTPUTS_DIR/*.bil
++ basename ./outputs_C20.0_W12/flin_0000001_0043399.bil
++ cut -d. -f1
+ gdal_translate -a_srs 'EPSG: 32610' -co COMPRESS=DEFLATE -co ZLEVEL=9 ./outputs_C20.0_W12/flin_0000001_0043399.bil ./outputs_C20.0_W12/flin_0000001_0043399.tif
Input file size is 600, 600
0...10...20...30...40...50...60...70...80...90...100 - done.
+ for f in $OUTPUTS_DIR/*.bil
++ basename ./outputs_C20.0_W12/time_of_arrival_0000001_0043399.bil
++ cut -d. -f1
+ gdal_translate -a_srs 'EPSG: 32610' -co COMPRESS=DEFLATE -co ZLEVEL=9 ./outputs_C20.0_W12/time_of_arrival_0000001_0043399.bil ./outputs_C20.0_W12/time_of_arrival_0000001_0043399.tif
Input file size is 600, 600
0...10...20...30...40...50...60...70...80...90...100 - done.
+ for f in $OUTPUTS_DIR/*.bil
++ basename ./outputs_C20.0_W12/vs_0000001_0043399.bil
++ cut -d. -f1
+ gdal_translate -a_srs 'EPSG: 32610' -co COMPRESS=DEFLATE -co ZLEVEL=9 ./outputs_C20.0_W12/vs_0000001_0043399.bil ./outputs_C20.0_W12/vs_0000001_0043399.tif
Input file size is 600, 600
0...10...20...30...40...50...60...70...80...90...100 - done.
+ rm -f -r ./outputs_C20.0_W12/fire_size_stats.csv ./outputs_C20.0_W12/timings_firelabserver.csv ./outputs_C20.0_W12/flin_0000001_0043399.bil ./outputs_C20.0_W12/time_of_arrival_0000001_0043399.bil ./outputs_C20.0_W12/vs_0000001_0043399.bil ./outputs_C20.0_W12/flin_0000001_0043399.hdr ./outputs_C20.0_W12/time_of_arrival_0000001_0043399.hdr ./outputs_C20.0_W12/vs_0000001_0043399.hdr ./inputs/ws.tif
+ for WIND_SPEED in $(seq 0 1 30)
+ OUTPUTS_DIR=./outputs_C20.0_W13
+ replace_line OUTPUTS_DIRECTORY ./outputs_C20.0_W13 yes
+ MATCH_PATTERN=OUTPUTS_DIRECTORY
+ NEW_VALUE=./outputs_C20.0_W13
+ IS_STRING=yes
++ grep -n OUTPUTS_DIRECTORY ./inputs/elmfire.data
++ cut -d: -f1
+ LINE=25
+ sed -i '25 d' ./inputs/elmfire.data
+ '[' yes = yes ']'
+ sed -i '25 i OUTPUTS_DIRECTORY = '\''./outputs_C20.0_W13'\''' ./inputs/elmfire.data
+ '[' -d ./outputs_C20.0_W13 ']'
+ mkdir ./outputs_C20.0_W13
+ gdal_calc.py -A ./scratch/float.tif --co=COMPRESS=DEFLATE --co=ZLEVEL=9 --NoDataValue=-9999 --outfile=./inputs/ws.tif '--calc=A + 13'
0...10...20...30...40...50...60...70...80...90...100 - done.
+ /home/dwip/binYiren_SU2/elmfire_2024.0916 ./inputs/elmfire.data
 ELMFIRE 2024.0916
 Reading &MISCELLANEOUS namelist group
 Reading &INPUTS namelist group
 Reading &OUTPUTS namelist group
 Reading &COMPUTATIONAL_DOMAIN namelist group
 Reading &TIME_CONTROL namelist group
 Reading &SIMULATOR namelist group
 Reading &WUI namelist group
 Reading &CALIBRATION namelist group
 Reading &SUPPRESSION namelist group
 Reading &SPOTTING namelist group
 Reading &SMOKE namelist group
 Reading &MONTE_CARLO namelist group
 Reading headers for fuels/topography and weather rasters
/usr/bin/gdal_translate -of ENVI -co "INTERLEAVE=BSQ" ./inputs/asp.tif ./scratch/asp.bsq
Input file size is 600, 600
0...10...20...30...40...50...60...70...80...90...100 - done.
/usr/bin/gdal_translate -of ENVI -co "INTERLEAVE=BSQ" ./inputs/ws.tif ./scratch/ws.bsq
Input file size is 600, 600
0...10...20...30...40...50...60...70...80...90...100 - done.
 Setting up shared memory, part 1
 Reading weather, fuel, and topography rasters
/bin/rm -f ./scratch/ws.bsq ./scratch/ws.hdr ./scratch/ws.prj ./scratch/ws.bsq.aux.xml
/usr/bin/gdal_translate -of ENVI -co "INTERLEAVE=BSQ" ./inputs/ws.tif ./scratch/ws.bsq
Input file size is 600, 600
0...10...20...30...40...50...60...70...80...90...100 - done.
/bin/rm -f ./scratch/wd.bsq ./scratch/wd.hdr ./scratch/wd.prj ./scratch/wd.bsq.aux.xml
/usr/bin/gdal_translate -of ENVI -co "INTERLEAVE=BSQ" ./inputs/wd.tif ./scratch/wd.bsq
Input file size is 600, 600
0...10...20...30...40...50...60...70...80...90...100 - done.
/bin/rm -f ./scratch/m1.bsq ./scratch/m1.hdr ./scratch/m1.prj ./scratch/m1.bsq.aux.xml
/usr/bin/gdal_translate -of ENVI -co "INTERLEAVE=BSQ" ./inputs/m1.tif ./scratch/m1.bsq
Input file size is 600, 600
0...10...20...30...40...50...60...70...80...90...100 - done.
/bin/rm -f ./scratch/m10.bsq ./scratch/m10.hdr ./scratch/m10.prj ./scratch/m10.bsq.aux.xml
/usr/bin/gdal_translate -of ENVI -co "INTERLEAVE=BSQ" ./inputs/m10.tif ./scratch/m10.bsq
Input file size is 600, 600
0...10...20...30...40...50...60...70...80...90...100 - done.
/bin/rm -f ./scratch/m100.bsq ./scratch/m100.hdr ./scratch/m100.prj ./scratch/m100.bsq.aux.xml
/usr/bin/gdal_translate -of ENVI -co "INTERLEAVE=BSQ" ./inputs/m100.tif ./scratch/m100.bsq
Input file size is 600, 600
0...10...20...30...40...50...60...70...80...90...100 - done.
 Reading fuel and topography rasters
/bin/rm -f ./scratch/asp.bsq ./scratch/asp.hdr ./scratch/asp.prj ./scratch/asp.bsq.aux.xml
/usr/bin/gdal_translate -of ENVI -co "INTERLEAVE=BSQ" ./inputs/asp.tif ./scratch/asp.bsq
Input file size is 600, 600
0...10...20...30...40...50...60...70...80...90...100 - done.
/bin/rm -f ./scratch/cbh.bsq ./scratch/cbh.hdr ./scratch/cbh.prj ./scratch/cbh.bsq.aux.xml
/usr/bin/gdal_translate -of ENVI -co "INTERLEAVE=BSQ" ./inputs/cbh.tif ./scratch/cbh.bsq
Input file size is 600, 600
0...10...20...30...40...50...60...70...80...90...100 - done.
/bin/rm -f ./scratch/cbd.bsq ./scratch/cbd.hdr ./scratch/cbd.prj ./scratch/cbd.bsq.aux.xml
/usr/bin/gdal_translate -of ENVI -co "INTERLEAVE=BSQ" ./inputs/cbd.tif ./scratch/cbd.bsq
Input file size is 600, 600
0...10...20...30...40...50...60...70...80...90...100 - done.
/bin/rm -f ./scratch/cc.bsq ./scratch/cc.hdr ./scratch/cc.prj ./scratch/cc.bsq.aux.xml
/usr/bin/gdal_translate -of ENVI -co "INTERLEAVE=BSQ" ./inputs/cc.tif ./scratch/cc.bsq
Input file size is 600, 600
0...10...20...30...40...50...60...70...80...90...100 - done.
/bin/rm -f ./scratch/ch.bsq ./scratch/ch.hdr ./scratch/ch.prj ./scratch/ch.bsq.aux.xml
/usr/bin/gdal_translate -of ENVI -co "INTERLEAVE=BSQ" ./inputs/ch.tif ./scratch/ch.bsq
Input file size is 600, 600
0...10...20...30...40...50...60...70...80...90...100 - done.
/bin/rm -f ./scratch/dem.bsq ./scratch/dem.hdr ./scratch/dem.prj ./scratch/dem.bsq.aux.xml
/usr/bin/gdal_translate -of ENVI -co "INTERLEAVE=BSQ" ./inputs/dem.tif ./scratch/dem.bsq
Input file size is 600, 600
0...10...20...30...40...50...60...70...80...90...100 - done.
/bin/rm -f ./scratch/fbfm40.bsq ./scratch/fbfm40.hdr ./scratch/fbfm40.prj ./scratch/fbfm40.bsq.aux.xml
/usr/bin/gdal_translate -of ENVI -co "INTERLEAVE=BSQ" ./inputs/fbfm40.tif ./scratch/fbfm40.bsq
Input file size is 600, 600
0...10...20...30...40...50...60...70...80...90...100 - done.
/bin/rm -f ./scratch/slp.bsq ./scratch/slp.hdr ./scratch/slp.prj ./scratch/slp.bsq.aux.xml
/usr/bin/gdal_translate -of ENVI -co "INTERLEAVE=BSQ" ./inputs/slp.tif ./scratch/slp.bsq
Input file size is 600, 600
0...10...20...30...40...50...60...70...80...90...100 - done.
/bin/rm -f ./scratch/adj.bsq ./scratch/adj.hdr ./scratch/adj.prj ./scratch/adj.bsq.aux.xml
/usr/bin/gdal_translate -of ENVI -co "INTERLEAVE=BSQ" ./inputs/adj.tif ./scratch/adj.bsq
Input file size is 600, 600
0...10...20...30...40...50...60...70...80...90...100 - done.
/bin/rm -f ./scratch/phi.bsq ./scratch/phi.hdr ./scratch/phi.prj ./scratch/phi.bsq.aux.xml
/usr/bin/gdal_translate -of ENVI -co "INTERLEAVE=BSQ" ./inputs/phi.tif ./scratch/phi.bsq
Input file size is 600, 600
0...10...20...30...40...50...60...70...80...90...100 - done.
 Allocating additional rasters
 Setting up shared memory, part 2
 Setting up statistics arrays
 ELMFIRE is running each ensemble member
Meteorology band      1: Case #       1 complete.  Fire area:    506.7 acres.
 End of simulation reached successfully. Shutting down.
+ for f in $OUTPUTS_DIR/*.bil
++ basename ./outputs_C20.0_W13/flin_0000001_0043286.bil
++ cut -d. -f1
+ gdal_translate -a_srs 'EPSG: 32610' -co COMPRESS=DEFLATE -co ZLEVEL=9 ./outputs_C20.0_W13/flin_0000001_0043286.bil ./outputs_C20.0_W13/flin_0000001_0043286.tif
Input file size is 600, 600
0...10...20...30...40...50...60...70...80...90...100 - done.
+ for f in $OUTPUTS_DIR/*.bil
++ basename ./outputs_C20.0_W13/time_of_arrival_0000001_0043286.bil
++ cut -d. -f1
+ gdal_translate -a_srs 'EPSG: 32610' -co COMPRESS=DEFLATE -co ZLEVEL=9 ./outputs_C20.0_W13/time_of_arrival_0000001_0043286.bil ./outputs_C20.0_W13/time_of_arrival_0000001_0043286.tif
Input file size is 600, 600
0...10...20...30...40...50...60...70...80...90...100 - done.
+ for f in $OUTPUTS_DIR/*.bil
++ basename ./outputs_C20.0_W13/vs_0000001_0043286.bil
++ cut -d. -f1
+ gdal_translate -a_srs 'EPSG: 32610' -co COMPRESS=DEFLATE -co ZLEVEL=9 ./outputs_C20.0_W13/vs_0000001_0043286.bil ./outputs_C20.0_W13/vs_0000001_0043286.tif
Input file size is 600, 600
0...10...20...30...40...50...60...70...80...90...100 - done.
+ rm -f -r ./outputs_C20.0_W13/fire_size_stats.csv ./outputs_C20.0_W13/timings_firelabserver.csv ./outputs_C20.0_W13/flin_0000001_0043286.bil ./outputs_C20.0_W13/time_of_arrival_0000001_0043286.bil ./outputs_C20.0_W13/vs_0000001_0043286.bil ./outputs_C20.0_W13/flin_0000001_0043286.hdr ./outputs_C20.0_W13/time_of_arrival_0000001_0043286.hdr ./outputs_C20.0_W13/vs_0000001_0043286.hdr ./inputs/ws.tif
+ for WIND_SPEED in $(seq 0 1 30)
+ OUTPUTS_DIR=./outputs_C20.0_W14
+ replace_line OUTPUTS_DIRECTORY ./outputs_C20.0_W14 yes
+ MATCH_PATTERN=OUTPUTS_DIRECTORY
+ NEW_VALUE=./outputs_C20.0_W14
+ IS_STRING=yes
++ grep -n OUTPUTS_DIRECTORY ./inputs/elmfire.data
++ cut -d: -f1
+ LINE=25
+ sed -i '25 d' ./inputs/elmfire.data
+ '[' yes = yes ']'
+ sed -i '25 i OUTPUTS_DIRECTORY = '\''./outputs_C20.0_W14'\''' ./inputs/elmfire.data
+ '[' -d ./outputs_C20.0_W14 ']'
+ mkdir ./outputs_C20.0_W14
+ gdal_calc.py -A ./scratch/float.tif --co=COMPRESS=DEFLATE --co=ZLEVEL=9 --NoDataValue=-9999 --outfile=./inputs/ws.tif '--calc=A + 14'
0...10...20...30...40...50...60...70...80...90...100 - done.
+ /home/dwip/binYiren_SU2/elmfire_2024.0916 ./inputs/elmfire.data
 ELMFIRE 2024.0916
 Reading &MISCELLANEOUS namelist group
 Reading &INPUTS namelist group
 Reading &OUTPUTS namelist group
 Reading &COMPUTATIONAL_DOMAIN namelist group
 Reading &TIME_CONTROL namelist group
 Reading &SIMULATOR namelist group
 Reading &WUI namelist group
 Reading &CALIBRATION namelist group
 Reading &SUPPRESSION namelist group
 Reading &SPOTTING namelist group
 Reading &SMOKE namelist group
 Reading &MONTE_CARLO namelist group
 Reading headers for fuels/topography and weather rasters
/usr/bin/gdal_translate -of ENVI -co "INTERLEAVE=BSQ" ./inputs/asp.tif ./scratch/asp.bsq
Input file size is 600, 600
0...10...20...30...40...50...60...70...80...90...100 - done.
/usr/bin/gdal_translate -of ENVI -co "INTERLEAVE=BSQ" ./inputs/ws.tif ./scratch/ws.bsq
Input file size is 600, 600
0...10...20...30...40...50...60...70...80...90...100 - done.
 Setting up shared memory, part 1
 Reading weather, fuel, and topography rasters
/bin/rm -f ./scratch/ws.bsq ./scratch/ws.hdr ./scratch/ws.prj ./scratch/ws.bsq.aux.xml
/usr/bin/gdal_translate -of ENVI -co "INTERLEAVE=BSQ" ./inputs/ws.tif ./scratch/ws.bsq
Input file size is 600, 600
0...10...20...30...40...50...60...70...80...90...100 - done.
/bin/rm -f ./scratch/wd.bsq ./scratch/wd.hdr ./scratch/wd.prj ./scratch/wd.bsq.aux.xml
/usr/bin/gdal_translate -of ENVI -co "INTERLEAVE=BSQ" ./inputs/wd.tif ./scratch/wd.bsq
Input file size is 600, 600
0...10...20...30...40...50...60...70...80...90...100 - done.
/bin/rm -f ./scratch/m1.bsq ./scratch/m1.hdr ./scratch/m1.prj ./scratch/m1.bsq.aux.xml
/usr/bin/gdal_translate -of ENVI -co "INTERLEAVE=BSQ" ./inputs/m1.tif ./scratch/m1.bsq
Input file size is 600, 600
0...10...20...30...40...50...60...70...80...90...100 - done.
/bin/rm -f ./scratch/m10.bsq ./scratch/m10.hdr ./scratch/m10.prj ./scratch/m10.bsq.aux.xml
/usr/bin/gdal_translate -of ENVI -co "INTERLEAVE=BSQ" ./inputs/m10.tif ./scratch/m10.bsq
Input file size is 600, 600
0...10...20...30...40...50...60...70...80...90...100 - done.
/bin/rm -f ./scratch/m100.bsq ./scratch/m100.hdr ./scratch/m100.prj ./scratch/m100.bsq.aux.xml
/usr/bin/gdal_translate -of ENVI -co "INTERLEAVE=BSQ" ./inputs/m100.tif ./scratch/m100.bsq
Input file size is 600, 600
0...10...20...30...40...50...60...70...80...90...100 - done.
 Reading fuel and topography rasters
/bin/rm -f ./scratch/asp.bsq ./scratch/asp.hdr ./scratch/asp.prj ./scratch/asp.bsq.aux.xml
/usr/bin/gdal_translate -of ENVI -co "INTERLEAVE=BSQ" ./inputs/asp.tif ./scratch/asp.bsq
Input file size is 600, 600
0...10...20...30...40...50...60...70...80...90...100 - done.
/bin/rm -f ./scratch/cbh.bsq ./scratch/cbh.hdr ./scratch/cbh.prj ./scratch/cbh.bsq.aux.xml
/usr/bin/gdal_translate -of ENVI -co "INTERLEAVE=BSQ" ./inputs/cbh.tif ./scratch/cbh.bsq
Input file size is 600, 600
0...10...20...30...40...50...60...70...80...90...100 - done.
/bin/rm -f ./scratch/cbd.bsq ./scratch/cbd.hdr ./scratch/cbd.prj ./scratch/cbd.bsq.aux.xml
/usr/bin/gdal_translate -of ENVI -co "INTERLEAVE=BSQ" ./inputs/cbd.tif ./scratch/cbd.bsq
Input file size is 600, 600
0...10...20...30...40...50...60...70...80...90...100 - done.
/bin/rm -f ./scratch/cc.bsq ./scratch/cc.hdr ./scratch/cc.prj ./scratch/cc.bsq.aux.xml
/usr/bin/gdal_translate -of ENVI -co "INTERLEAVE=BSQ" ./inputs/cc.tif ./scratch/cc.bsq
Input file size is 600, 600
0...10...20...30...40...50...60...70...80...90...100 - done.
/bin/rm -f ./scratch/ch.bsq ./scratch/ch.hdr ./scratch/ch.prj ./scratch/ch.bsq.aux.xml
/usr/bin/gdal_translate -of ENVI -co "INTERLEAVE=BSQ" ./inputs/ch.tif ./scratch/ch.bsq
Input file size is 600, 600
0...10...20...30...40...50...60...70...80...90...100 - done.
/bin/rm -f ./scratch/dem.bsq ./scratch/dem.hdr ./scratch/dem.prj ./scratch/dem.bsq.aux.xml
/usr/bin/gdal_translate -of ENVI -co "INTERLEAVE=BSQ" ./inputs/dem.tif ./scratch/dem.bsq
Input file size is 600, 600
0...10...20...30...40...50...60...70...80...90...100 - done.
/bin/rm -f ./scratch/fbfm40.bsq ./scratch/fbfm40.hdr ./scratch/fbfm40.prj ./scratch/fbfm40.bsq.aux.xml
/usr/bin/gdal_translate -of ENVI -co "INTERLEAVE=BSQ" ./inputs/fbfm40.tif ./scratch/fbfm40.bsq
Input file size is 600, 600
0...10...20...30...40...50...60...70...80...90...100 - done.
/bin/rm -f ./scratch/slp.bsq ./scratch/slp.hdr ./scratch/slp.prj ./scratch/slp.bsq.aux.xml
/usr/bin/gdal_translate -of ENVI -co "INTERLEAVE=BSQ" ./inputs/slp.tif ./scratch/slp.bsq
Input file size is 600, 600
0...10...20...30...40...50...60...70...80...90...100 - done.
/bin/rm -f ./scratch/adj.bsq ./scratch/adj.hdr ./scratch/adj.prj ./scratch/adj.bsq.aux.xml
/usr/bin/gdal_translate -of ENVI -co "INTERLEAVE=BSQ" ./inputs/adj.tif ./scratch/adj.bsq
Input file size is 600, 600
0...10...20...30...40...50...60...70...80...90...100 - done.
/bin/rm -f ./scratch/phi.bsq ./scratch/phi.hdr ./scratch/phi.prj ./scratch/phi.bsq.aux.xml
/usr/bin/gdal_translate -of ENVI -co "INTERLEAVE=BSQ" ./inputs/phi.tif ./scratch/phi.bsq
Input file size is 600, 600
0...10...20...30...40...50...60...70...80...90...100 - done.
 Allocating additional rasters
 Setting up shared memory, part 2
 Setting up statistics arrays
 ELMFIRE is running each ensemble member
Meteorology band      1: Case #       1 complete.  Fire area:    551.8 acres.
 End of simulation reached successfully. Shutting down.
+ for f in $OUTPUTS_DIR/*.bil
++ basename ./outputs_C20.0_W14/flin_0000001_0043363.bil
++ cut -d. -f1
+ gdal_translate -a_srs 'EPSG: 32610' -co COMPRESS=DEFLATE -co ZLEVEL=9 ./outputs_C20.0_W14/flin_0000001_0043363.bil ./outputs_C20.0_W14/flin_0000001_0043363.tif
Input file size is 600, 600
0...10...20...30...40...50...60...70...80...90...100 - done.
+ for f in $OUTPUTS_DIR/*.bil
++ basename ./outputs_C20.0_W14/time_of_arrival_0000001_0043363.bil
++ cut -d. -f1
+ gdal_translate -a_srs 'EPSG: 32610' -co COMPRESS=DEFLATE -co ZLEVEL=9 ./outputs_C20.0_W14/time_of_arrival_0000001_0043363.bil ./outputs_C20.0_W14/time_of_arrival_0000001_0043363.tif
Input file size is 600, 600
0...10...20...30...40...50...60...70...80...90...100 - done.
+ for f in $OUTPUTS_DIR/*.bil
++ basename ./outputs_C20.0_W14/vs_0000001_0043363.bil
++ cut -d. -f1
+ gdal_translate -a_srs 'EPSG: 32610' -co COMPRESS=DEFLATE -co ZLEVEL=9 ./outputs_C20.0_W14/vs_0000001_0043363.bil ./outputs_C20.0_W14/vs_0000001_0043363.tif
Input file size is 600, 600
0...10...20...30...40...50...60...70...80...90...100 - done.
+ rm -f -r ./outputs_C20.0_W14/fire_size_stats.csv ./outputs_C20.0_W14/timings_firelabserver.csv ./outputs_C20.0_W14/flin_0000001_0043363.bil ./outputs_C20.0_W14/time_of_arrival_0000001_0043363.bil ./outputs_C20.0_W14/vs_0000001_0043363.bil ./outputs_C20.0_W14/flin_0000001_0043363.hdr ./outputs_C20.0_W14/time_of_arrival_0000001_0043363.hdr ./outputs_C20.0_W14/vs_0000001_0043363.hdr ./inputs/ws.tif
+ for WIND_SPEED in $(seq 0 1 30)
+ OUTPUTS_DIR=./outputs_C20.0_W15
+ replace_line OUTPUTS_DIRECTORY ./outputs_C20.0_W15 yes
+ MATCH_PATTERN=OUTPUTS_DIRECTORY
+ NEW_VALUE=./outputs_C20.0_W15
+ IS_STRING=yes
++ grep -n OUTPUTS_DIRECTORY ./inputs/elmfire.data
++ cut -d: -f1
+ LINE=25
+ sed -i '25 d' ./inputs/elmfire.data
+ '[' yes = yes ']'
+ sed -i '25 i OUTPUTS_DIRECTORY = '\''./outputs_C20.0_W15'\''' ./inputs/elmfire.data
+ '[' -d ./outputs_C20.0_W15 ']'
+ mkdir ./outputs_C20.0_W15
+ gdal_calc.py -A ./scratch/float.tif --co=COMPRESS=DEFLATE --co=ZLEVEL=9 --NoDataValue=-9999 --outfile=./inputs/ws.tif '--calc=A + 15'
0...10...20...30...40...50...60...70...80...90...100 - done.
+ /home/dwip/binYiren_SU2/elmfire_2024.0916 ./inputs/elmfire.data
 ELMFIRE 2024.0916
 Reading &MISCELLANEOUS namelist group
 Reading &INPUTS namelist group
 Reading &OUTPUTS namelist group
 Reading &COMPUTATIONAL_DOMAIN namelist group
 Reading &TIME_CONTROL namelist group
 Reading &SIMULATOR namelist group
 Reading &WUI namelist group
 Reading &CALIBRATION namelist group
 Reading &SUPPRESSION namelist group
 Reading &SPOTTING namelist group
 Reading &SMOKE namelist group
 Reading &MONTE_CARLO namelist group
 Reading headers for fuels/topography and weather rasters
/usr/bin/gdal_translate -of ENVI -co "INTERLEAVE=BSQ" ./inputs/asp.tif ./scratch/asp.bsq
Input file size is 600, 600
0...10...20...30...40...50...60...70...80...90...100 - done.
/usr/bin/gdal_translate -of ENVI -co "INTERLEAVE=BSQ" ./inputs/ws.tif ./scratch/ws.bsq
Input file size is 600, 600
0...10...20...30...40...50...60...70...80...90...100 - done.
 Setting up shared memory, part 1
 Reading weather, fuel, and topography rasters
/bin/rm -f ./scratch/ws.bsq ./scratch/ws.hdr ./scratch/ws.prj ./scratch/ws.bsq.aux.xml
/usr/bin/gdal_translate -of ENVI -co "INTERLEAVE=BSQ" ./inputs/ws.tif ./scratch/ws.bsq
Input file size is 600, 600
0...10...20...30...40...50...60...70...80...90...100 - done.
/bin/rm -f ./scratch/wd.bsq ./scratch/wd.hdr ./scratch/wd.prj ./scratch/wd.bsq.aux.xml
/usr/bin/gdal_translate -of ENVI -co "INTERLEAVE=BSQ" ./inputs/wd.tif ./scratch/wd.bsq
Input file size is 600, 600
0...10...20...30...40...50...60...70...80...90...100 - done.
/bin/rm -f ./scratch/m1.bsq ./scratch/m1.hdr ./scratch/m1.prj ./scratch/m1.bsq.aux.xml
/usr/bin/gdal_translate -of ENVI -co "INTERLEAVE=BSQ" ./inputs/m1.tif ./scratch/m1.bsq
Input file size is 600, 600
0...10...20...30...40...50...60...70...80...90...100 - done.
/bin/rm -f ./scratch/m10.bsq ./scratch/m10.hdr ./scratch/m10.prj ./scratch/m10.bsq.aux.xml
/usr/bin/gdal_translate -of ENVI -co "INTERLEAVE=BSQ" ./inputs/m10.tif ./scratch/m10.bsq
Input file size is 600, 600
0...10...20...30...40...50...60...70...80...90...100 - done.
/bin/rm -f ./scratch/m100.bsq ./scratch/m100.hdr ./scratch/m100.prj ./scratch/m100.bsq.aux.xml
/usr/bin/gdal_translate -of ENVI -co "INTERLEAVE=BSQ" ./inputs/m100.tif ./scratch/m100.bsq
Input file size is 600, 600
0...10...20...30...40...50...60...70...80...90...100 - done.
 Reading fuel and topography rasters
/bin/rm -f ./scratch/asp.bsq ./scratch/asp.hdr ./scratch/asp.prj ./scratch/asp.bsq.aux.xml
/usr/bin/gdal_translate -of ENVI -co "INTERLEAVE=BSQ" ./inputs/asp.tif ./scratch/asp.bsq
Input file size is 600, 600
0...10...20...30...40...50...60...70...80...90...100 - done.
/bin/rm -f ./scratch/cbh.bsq ./scratch/cbh.hdr ./scratch/cbh.prj ./scratch/cbh.bsq.aux.xml
/usr/bin/gdal_translate -of ENVI -co "INTERLEAVE=BSQ" ./inputs/cbh.tif ./scratch/cbh.bsq
Input file size is 600, 600
0...10...20...30...40...50...60...70...80...90...100 - done.
/bin/rm -f ./scratch/cbd.bsq ./scratch/cbd.hdr ./scratch/cbd.prj ./scratch/cbd.bsq.aux.xml
/usr/bin/gdal_translate -of ENVI -co "INTERLEAVE=BSQ" ./inputs/cbd.tif ./scratch/cbd.bsq
Input file size is 600, 600
0...10...20...30...40...50...60...70...80...90...100 - done.
/bin/rm -f ./scratch/cc.bsq ./scratch/cc.hdr ./scratch/cc.prj ./scratch/cc.bsq.aux.xml
/usr/bin/gdal_translate -of ENVI -co "INTERLEAVE=BSQ" ./inputs/cc.tif ./scratch/cc.bsq
Input file size is 600, 600
0...10...20...30...40...50...60...70...80...90...100 - done.
/bin/rm -f ./scratch/ch.bsq ./scratch/ch.hdr ./scratch/ch.prj ./scratch/ch.bsq.aux.xml
/usr/bin/gdal_translate -of ENVI -co "INTERLEAVE=BSQ" ./inputs/ch.tif ./scratch/ch.bsq
Input file size is 600, 600
0...10...20...30...40...50...60...70...80...90...100 - done.
/bin/rm -f ./scratch/dem.bsq ./scratch/dem.hdr ./scratch/dem.prj ./scratch/dem.bsq.aux.xml
/usr/bin/gdal_translate -of ENVI -co "INTERLEAVE=BSQ" ./inputs/dem.tif ./scratch/dem.bsq
Input file size is 600, 600
0...10...20...30...40...50...60...70...80...90...100 - done.
/bin/rm -f ./scratch/fbfm40.bsq ./scratch/fbfm40.hdr ./scratch/fbfm40.prj ./scratch/fbfm40.bsq.aux.xml
/usr/bin/gdal_translate -of ENVI -co "INTERLEAVE=BSQ" ./inputs/fbfm40.tif ./scratch/fbfm40.bsq
Input file size is 600, 600
0...10...20...30...40...50...60...70...80...90...100 - done.
/bin/rm -f ./scratch/slp.bsq ./scratch/slp.hdr ./scratch/slp.prj ./scratch/slp.bsq.aux.xml
/usr/bin/gdal_translate -of ENVI -co "INTERLEAVE=BSQ" ./inputs/slp.tif ./scratch/slp.bsq
Input file size is 600, 600
0...10...20...30...40...50...60...70...80...90...100 - done.
/bin/rm -f ./scratch/adj.bsq ./scratch/adj.hdr ./scratch/adj.prj ./scratch/adj.bsq.aux.xml
/usr/bin/gdal_translate -of ENVI -co "INTERLEAVE=BSQ" ./inputs/adj.tif ./scratch/adj.bsq
Input file size is 600, 600
0...10...20...30...40...50...60...70...80...90...100 - done.
/bin/rm -f ./scratch/phi.bsq ./scratch/phi.hdr ./scratch/phi.prj ./scratch/phi.bsq.aux.xml
/usr/bin/gdal_translate -of ENVI -co "INTERLEAVE=BSQ" ./inputs/phi.tif ./scratch/phi.bsq
Input file size is 600, 600
0...10...20...30...40...50...60...70...80...90...100 - done.
 Allocating additional rasters
 Setting up shared memory, part 2
 Setting up statistics arrays
 ELMFIRE is running each ensemble member
Meteorology band      1: Case #       1 complete.  Fire area:    596.7 acres.
 End of simulation reached successfully. Shutting down.
+ for f in $OUTPUTS_DIR/*.bil
++ basename ./outputs_C20.0_W15/flin_0000001_0043305.bil
++ cut -d. -f1
+ gdal_translate -a_srs 'EPSG: 32610' -co COMPRESS=DEFLATE -co ZLEVEL=9 ./outputs_C20.0_W15/flin_0000001_0043305.bil ./outputs_C20.0_W15/flin_0000001_0043305.tif
Input file size is 600, 600
0...10...20...30...40...50...60...70...80...90...100 - done.
+ for f in $OUTPUTS_DIR/*.bil
++ basename ./outputs_C20.0_W15/time_of_arrival_0000001_0043305.bil
++ cut -d. -f1
+ gdal_translate -a_srs 'EPSG: 32610' -co COMPRESS=DEFLATE -co ZLEVEL=9 ./outputs_C20.0_W15/time_of_arrival_0000001_0043305.bil ./outputs_C20.0_W15/time_of_arrival_0000001_0043305.tif
Input file size is 600, 600
0...10...20...30...40...50...60...70...80...90...100 - done.
+ for f in $OUTPUTS_DIR/*.bil
++ basename ./outputs_C20.0_W15/vs_0000001_0043305.bil
++ cut -d. -f1
+ gdal_translate -a_srs 'EPSG: 32610' -co COMPRESS=DEFLATE -co ZLEVEL=9 ./outputs_C20.0_W15/vs_0000001_0043305.bil ./outputs_C20.0_W15/vs_0000001_0043305.tif
Input file size is 600, 600
0...10...20...30...40...50...60...70...80...90...100 - done.
+ rm -f -r ./outputs_C20.0_W15/fire_size_stats.csv ./outputs_C20.0_W15/timings_firelabserver.csv ./outputs_C20.0_W15/flin_0000001_0043305.bil ./outputs_C20.0_W15/time_of_arrival_0000001_0043305.bil ./outputs_C20.0_W15/vs_0000001_0043305.bil ./outputs_C20.0_W15/flin_0000001_0043305.hdr ./outputs_C20.0_W15/time_of_arrival_0000001_0043305.hdr ./outputs_C20.0_W15/vs_0000001_0043305.hdr ./inputs/ws.tif
+ for WIND_SPEED in $(seq 0 1 30)
+ OUTPUTS_DIR=./outputs_C20.0_W16
+ replace_line OUTPUTS_DIRECTORY ./outputs_C20.0_W16 yes
+ MATCH_PATTERN=OUTPUTS_DIRECTORY
+ NEW_VALUE=./outputs_C20.0_W16
+ IS_STRING=yes
++ grep -n OUTPUTS_DIRECTORY ./inputs/elmfire.data
++ cut -d: -f1
+ LINE=25
+ sed -i '25 d' ./inputs/elmfire.data
+ '[' yes = yes ']'
+ sed -i '25 i OUTPUTS_DIRECTORY = '\''./outputs_C20.0_W16'\''' ./inputs/elmfire.data
+ '[' -d ./outputs_C20.0_W16 ']'
+ mkdir ./outputs_C20.0_W16
+ gdal_calc.py -A ./scratch/float.tif --co=COMPRESS=DEFLATE --co=ZLEVEL=9 --NoDataValue=-9999 --outfile=./inputs/ws.tif '--calc=A + 16'
0...10...20...30...40...50...60...70...80...90...100 - done.
+ /home/dwip/binYiren_SU2/elmfire_2024.0916 ./inputs/elmfire.data
 ELMFIRE 2024.0916
 Reading &MISCELLANEOUS namelist group
 Reading &INPUTS namelist group
 Reading &OUTPUTS namelist group
 Reading &COMPUTATIONAL_DOMAIN namelist group
 Reading &TIME_CONTROL namelist group
 Reading &SIMULATOR namelist group
 Reading &WUI namelist group
 Reading &CALIBRATION namelist group
 Reading &SUPPRESSION namelist group
 Reading &SPOTTING namelist group
 Reading &SMOKE namelist group
 Reading &MONTE_CARLO namelist group
 Reading headers for fuels/topography and weather rasters
/usr/bin/gdal_translate -of ENVI -co "INTERLEAVE=BSQ" ./inputs/asp.tif ./scratch/asp.bsq
Input file size is 600, 600
0...10...20...30...40...50...60...70...80...90...100 - done.
/usr/bin/gdal_translate -of ENVI -co "INTERLEAVE=BSQ" ./inputs/ws.tif ./scratch/ws.bsq
Input file size is 600, 600
0...10...20...30...40...50...60...70...80...90...100 - done.
 Setting up shared memory, part 1
 Reading weather, fuel, and topography rasters
/bin/rm -f ./scratch/ws.bsq ./scratch/ws.hdr ./scratch/ws.prj ./scratch/ws.bsq.aux.xml
/usr/bin/gdal_translate -of ENVI -co "INTERLEAVE=BSQ" ./inputs/ws.tif ./scratch/ws.bsq
Input file size is 600, 600
0...10...20...30...40...50...60...70...80...90...100 - done.
/bin/rm -f ./scratch/wd.bsq ./scratch/wd.hdr ./scratch/wd.prj ./scratch/wd.bsq.aux.xml
/usr/bin/gdal_translate -of ENVI -co "INTERLEAVE=BSQ" ./inputs/wd.tif ./scratch/wd.bsq
Input file size is 600, 600
0...10...20...30...40...50...60...70...80...90...100 - done.
/bin/rm -f ./scratch/m1.bsq ./scratch/m1.hdr ./scratch/m1.prj ./scratch/m1.bsq.aux.xml
/usr/bin/gdal_translate -of ENVI -co "INTERLEAVE=BSQ" ./inputs/m1.tif ./scratch/m1.bsq
Input file size is 600, 600
0...10...20...30...40...50...60...70...80...90...100 - done.
/bin/rm -f ./scratch/m10.bsq ./scratch/m10.hdr ./scratch/m10.prj ./scratch/m10.bsq.aux.xml
/usr/bin/gdal_translate -of ENVI -co "INTERLEAVE=BSQ" ./inputs/m10.tif ./scratch/m10.bsq
Input file size is 600, 600
0...10...20...30...40...50...60...70...80...90...100 - done.
/bin/rm -f ./scratch/m100.bsq ./scratch/m100.hdr ./scratch/m100.prj ./scratch/m100.bsq.aux.xml
/usr/bin/gdal_translate -of ENVI -co "INTERLEAVE=BSQ" ./inputs/m100.tif ./scratch/m100.bsq
Input file size is 600, 600
0...10...20...30...40...50...60...70...80...90...100 - done.
 Reading fuel and topography rasters
/bin/rm -f ./scratch/asp.bsq ./scratch/asp.hdr ./scratch/asp.prj ./scratch/asp.bsq.aux.xml
/usr/bin/gdal_translate -of ENVI -co "INTERLEAVE=BSQ" ./inputs/asp.tif ./scratch/asp.bsq
Input file size is 600, 600
0...10...20...30...40...50...60...70...80...90...100 - done.
/bin/rm -f ./scratch/cbh.bsq ./scratch/cbh.hdr ./scratch/cbh.prj ./scratch/cbh.bsq.aux.xml
/usr/bin/gdal_translate -of ENVI -co "INTERLEAVE=BSQ" ./inputs/cbh.tif ./scratch/cbh.bsq
Input file size is 600, 600
0...10...20...30...40...50...60...70...80...90...100 - done.
/bin/rm -f ./scratch/cbd.bsq ./scratch/cbd.hdr ./scratch/cbd.prj ./scratch/cbd.bsq.aux.xml
/usr/bin/gdal_translate -of ENVI -co "INTERLEAVE=BSQ" ./inputs/cbd.tif ./scratch/cbd.bsq
Input file size is 600, 600
0...10...20...30...40...50...60...70...80...90...100 - done.
/bin/rm -f ./scratch/cc.bsq ./scratch/cc.hdr ./scratch/cc.prj ./scratch/cc.bsq.aux.xml
/usr/bin/gdal_translate -of ENVI -co "INTERLEAVE=BSQ" ./inputs/cc.tif ./scratch/cc.bsq
Input file size is 600, 600
0...10...20...30...40...50...60...70...80...90...100 - done.
/bin/rm -f ./scratch/ch.bsq ./scratch/ch.hdr ./scratch/ch.prj ./scratch/ch.bsq.aux.xml
/usr/bin/gdal_translate -of ENVI -co "INTERLEAVE=BSQ" ./inputs/ch.tif ./scratch/ch.bsq
Input file size is 600, 600
0...10...20...30...40...50...60...70...80...90...100 - done.
/bin/rm -f ./scratch/dem.bsq ./scratch/dem.hdr ./scratch/dem.prj ./scratch/dem.bsq.aux.xml
/usr/bin/gdal_translate -of ENVI -co "INTERLEAVE=BSQ" ./inputs/dem.tif ./scratch/dem.bsq
Input file size is 600, 600
0...10...20...30...40...50...60...70...80...90...100 - done.
/bin/rm -f ./scratch/fbfm40.bsq ./scratch/fbfm40.hdr ./scratch/fbfm40.prj ./scratch/fbfm40.bsq.aux.xml
/usr/bin/gdal_translate -of ENVI -co "INTERLEAVE=BSQ" ./inputs/fbfm40.tif ./scratch/fbfm40.bsq
Input file size is 600, 600
0...10...20...30...40...50...60...70...80...90...100 - done.
/bin/rm -f ./scratch/slp.bsq ./scratch/slp.hdr ./scratch/slp.prj ./scratch/slp.bsq.aux.xml
/usr/bin/gdal_translate -of ENVI -co "INTERLEAVE=BSQ" ./inputs/slp.tif ./scratch/slp.bsq
Input file size is 600, 600
0...10...20...30...40...50...60...70...80...90...100 - done.
/bin/rm -f ./scratch/adj.bsq ./scratch/adj.hdr ./scratch/adj.prj ./scratch/adj.bsq.aux.xml
/usr/bin/gdal_translate -of ENVI -co "INTERLEAVE=BSQ" ./inputs/adj.tif ./scratch/adj.bsq
Input file size is 600, 600
0...10...20...30...40...50...60...70...80...90...100 - done.
/bin/rm -f ./scratch/phi.bsq ./scratch/phi.hdr ./scratch/phi.prj ./scratch/phi.bsq.aux.xml
/usr/bin/gdal_translate -of ENVI -co "INTERLEAVE=BSQ" ./inputs/phi.tif ./scratch/phi.bsq
Input file size is 600, 600
0...10...20...30...40...50...60...70...80...90...100 - done.
 Allocating additional rasters
 Setting up shared memory, part 2
 Setting up statistics arrays
 ELMFIRE is running each ensemble member
Meteorology band      1: Case #       1 complete.  Fire area:    656.5 acres.
 End of simulation reached successfully. Shutting down.
+ for f in $OUTPUTS_DIR/*.bil
++ basename ./outputs_C20.0_W16/flin_0000001_0043282.bil
++ cut -d. -f1
+ gdal_translate -a_srs 'EPSG: 32610' -co COMPRESS=DEFLATE -co ZLEVEL=9 ./outputs_C20.0_W16/flin_0000001_0043282.bil ./outputs_C20.0_W16/flin_0000001_0043282.tif
Input file size is 600, 600
0...10...20...30...40...50...60...70...80...90...100 - done.
+ for f in $OUTPUTS_DIR/*.bil
++ basename ./outputs_C20.0_W16/time_of_arrival_0000001_0043282.bil
++ cut -d. -f1
+ gdal_translate -a_srs 'EPSG: 32610' -co COMPRESS=DEFLATE -co ZLEVEL=9 ./outputs_C20.0_W16/time_of_arrival_0000001_0043282.bil ./outputs_C20.0_W16/time_of_arrival_0000001_0043282.tif
Input file size is 600, 600
0...10...20...30...40...50...60...70...80...90...100 - done.
+ for f in $OUTPUTS_DIR/*.bil
++ basename ./outputs_C20.0_W16/vs_0000001_0043282.bil
++ cut -d. -f1
+ gdal_translate -a_srs 'EPSG: 32610' -co COMPRESS=DEFLATE -co ZLEVEL=9 ./outputs_C20.0_W16/vs_0000001_0043282.bil ./outputs_C20.0_W16/vs_0000001_0043282.tif
Input file size is 600, 600
0...10...20...30...40...50...60...70...80...90...100 - done.
+ rm -f -r ./outputs_C20.0_W16/fire_size_stats.csv ./outputs_C20.0_W16/timings_firelabserver.csv ./outputs_C20.0_W16/flin_0000001_0043282.bil ./outputs_C20.0_W16/time_of_arrival_0000001_0043282.bil ./outputs_C20.0_W16/vs_0000001_0043282.bil ./outputs_C20.0_W16/flin_0000001_0043282.hdr ./outputs_C20.0_W16/time_of_arrival_0000001_0043282.hdr ./outputs_C20.0_W16/vs_0000001_0043282.hdr ./inputs/ws.tif
+ for WIND_SPEED in $(seq 0 1 30)
+ OUTPUTS_DIR=./outputs_C20.0_W17
+ replace_line OUTPUTS_DIRECTORY ./outputs_C20.0_W17 yes
+ MATCH_PATTERN=OUTPUTS_DIRECTORY
+ NEW_VALUE=./outputs_C20.0_W17
+ IS_STRING=yes
++ grep -n OUTPUTS_DIRECTORY ./inputs/elmfire.data
++ cut -d: -f1
+ LINE=25
+ sed -i '25 d' ./inputs/elmfire.data
+ '[' yes = yes ']'
+ sed -i '25 i OUTPUTS_DIRECTORY = '\''./outputs_C20.0_W17'\''' ./inputs/elmfire.data
+ '[' -d ./outputs_C20.0_W17 ']'
+ mkdir ./outputs_C20.0_W17
+ gdal_calc.py -A ./scratch/float.tif --co=COMPRESS=DEFLATE --co=ZLEVEL=9 --NoDataValue=-9999 --outfile=./inputs/ws.tif '--calc=A + 17'
0...10...20...30...40...50...60...70...80...90...100 - done.
+ /home/dwip/binYiren_SU2/elmfire_2024.0916 ./inputs/elmfire.data
 ELMFIRE 2024.0916
 Reading &MISCELLANEOUS namelist group
 Reading &INPUTS namelist group
 Reading &OUTPUTS namelist group
 Reading &COMPUTATIONAL_DOMAIN namelist group
 Reading &TIME_CONTROL namelist group
 Reading &SIMULATOR namelist group
 Reading &WUI namelist group
 Reading &CALIBRATION namelist group
 Reading &SUPPRESSION namelist group
 Reading &SPOTTING namelist group
 Reading &SMOKE namelist group
 Reading &MONTE_CARLO namelist group
 Reading headers for fuels/topography and weather rasters
/usr/bin/gdal_translate -of ENVI -co "INTERLEAVE=BSQ" ./inputs/asp.tif ./scratch/asp.bsq
Input file size is 600, 600
0...10...20...30...40...50...60...70...80...90...100 - done.
/usr/bin/gdal_translate -of ENVI -co "INTERLEAVE=BSQ" ./inputs/ws.tif ./scratch/ws.bsq
Input file size is 600, 600
0...10...20...30...40...50...60...70...80...90...100 - done.
 Setting up shared memory, part 1
 Reading weather, fuel, and topography rasters
/bin/rm -f ./scratch/ws.bsq ./scratch/ws.hdr ./scratch/ws.prj ./scratch/ws.bsq.aux.xml
/usr/bin/gdal_translate -of ENVI -co "INTERLEAVE=BSQ" ./inputs/ws.tif ./scratch/ws.bsq
Input file size is 600, 600
0...10...20...30...40...50...60...70...80...90...100 - done.
/bin/rm -f ./scratch/wd.bsq ./scratch/wd.hdr ./scratch/wd.prj ./scratch/wd.bsq.aux.xml
/usr/bin/gdal_translate -of ENVI -co "INTERLEAVE=BSQ" ./inputs/wd.tif ./scratch/wd.bsq
Input file size is 600, 600
0...10...20...30...40...50...60...70...80...90...100 - done.
/bin/rm -f ./scratch/m1.bsq ./scratch/m1.hdr ./scratch/m1.prj ./scratch/m1.bsq.aux.xml
/usr/bin/gdal_translate -of ENVI -co "INTERLEAVE=BSQ" ./inputs/m1.tif ./scratch/m1.bsq
Input file size is 600, 600
0...10...20...30...40...50...60...70...80...90...100 - done.
/bin/rm -f ./scratch/m10.bsq ./scratch/m10.hdr ./scratch/m10.prj ./scratch/m10.bsq.aux.xml
/usr/bin/gdal_translate -of ENVI -co "INTERLEAVE=BSQ" ./inputs/m10.tif ./scratch/m10.bsq
Input file size is 600, 600
0...10...20...30...40...50...60...70...80...90...100 - done.
/bin/rm -f ./scratch/m100.bsq ./scratch/m100.hdr ./scratch/m100.prj ./scratch/m100.bsq.aux.xml
/usr/bin/gdal_translate -of ENVI -co "INTERLEAVE=BSQ" ./inputs/m100.tif ./scratch/m100.bsq
Input file size is 600, 600
0...10...20...30...40...50...60...70...80...90...100 - done.
 Reading fuel and topography rasters
/bin/rm -f ./scratch/asp.bsq ./scratch/asp.hdr ./scratch/asp.prj ./scratch/asp.bsq.aux.xml
/usr/bin/gdal_translate -of ENVI -co "INTERLEAVE=BSQ" ./inputs/asp.tif ./scratch/asp.bsq
Input file size is 600, 600
0...10...20...30...40...50...60...70...80...90...100 - done.
/bin/rm -f ./scratch/cbh.bsq ./scratch/cbh.hdr ./scratch/cbh.prj ./scratch/cbh.bsq.aux.xml
/usr/bin/gdal_translate -of ENVI -co "INTERLEAVE=BSQ" ./inputs/cbh.tif ./scratch/cbh.bsq
Input file size is 600, 600
0...10...20...30...40...50...60...70...80...90...100 - done.
/bin/rm -f ./scratch/cbd.bsq ./scratch/cbd.hdr ./scratch/cbd.prj ./scratch/cbd.bsq.aux.xml
/usr/bin/gdal_translate -of ENVI -co "INTERLEAVE=BSQ" ./inputs/cbd.tif ./scratch/cbd.bsq
Input file size is 600, 600
0...10...20...30...40...50...60...70...80...90...100 - done.
/bin/rm -f ./scratch/cc.bsq ./scratch/cc.hdr ./scratch/cc.prj ./scratch/cc.bsq.aux.xml
/usr/bin/gdal_translate -of ENVI -co "INTERLEAVE=BSQ" ./inputs/cc.tif ./scratch/cc.bsq
Input file size is 600, 600
0...10...20...30...40...50...60...70...80...90...100 - done.
/bin/rm -f ./scratch/ch.bsq ./scratch/ch.hdr ./scratch/ch.prj ./scratch/ch.bsq.aux.xml
/usr/bin/gdal_translate -of ENVI -co "INTERLEAVE=BSQ" ./inputs/ch.tif ./scratch/ch.bsq
Input file size is 600, 600
0...10...20...30...40...50...60...70...80...90...100 - done.
/bin/rm -f ./scratch/dem.bsq ./scratch/dem.hdr ./scratch/dem.prj ./scratch/dem.bsq.aux.xml
/usr/bin/gdal_translate -of ENVI -co "INTERLEAVE=BSQ" ./inputs/dem.tif ./scratch/dem.bsq
Input file size is 600, 600
0...10...20...30...40...50...60...70...80...90...100 - done.
/bin/rm -f ./scratch/fbfm40.bsq ./scratch/fbfm40.hdr ./scratch/fbfm40.prj ./scratch/fbfm40.bsq.aux.xml
/usr/bin/gdal_translate -of ENVI -co "INTERLEAVE=BSQ" ./inputs/fbfm40.tif ./scratch/fbfm40.bsq
Input file size is 600, 600
0...10...20...30...40...50...60...70...80...90...100 - done.
/bin/rm -f ./scratch/slp.bsq ./scratch/slp.hdr ./scratch/slp.prj ./scratch/slp.bsq.aux.xml
/usr/bin/gdal_translate -of ENVI -co "INTERLEAVE=BSQ" ./inputs/slp.tif ./scratch/slp.bsq
Input file size is 600, 600
0...10...20...30...40...50...60...70...80...90...100 - done.
/bin/rm -f ./scratch/adj.bsq ./scratch/adj.hdr ./scratch/adj.prj ./scratch/adj.bsq.aux.xml
/usr/bin/gdal_translate -of ENVI -co "INTERLEAVE=BSQ" ./inputs/adj.tif ./scratch/adj.bsq
Input file size is 600, 600
0...10...20...30...40...50...60...70...80...90...100 - done.
/bin/rm -f ./scratch/phi.bsq ./scratch/phi.hdr ./scratch/phi.prj ./scratch/phi.bsq.aux.xml
/usr/bin/gdal_translate -of ENVI -co "INTERLEAVE=BSQ" ./inputs/phi.tif ./scratch/phi.bsq
Input file size is 600, 600
0...10...20...30...40...50...60...70...80...90...100 - done.
 Allocating additional rasters
 Setting up shared memory, part 2
 Setting up statistics arrays
 ELMFIRE is running each ensemble member
Meteorology band      1: Case #       1 complete.  Fire area:    887.8 acres.
 End of simulation reached successfully. Shutting down.
+ for f in $OUTPUTS_DIR/*.bil
++ basename ./outputs_C20.0_W17/flin_0000001_0043247.bil
++ cut -d. -f1
+ gdal_translate -a_srs 'EPSG: 32610' -co COMPRESS=DEFLATE -co ZLEVEL=9 ./outputs_C20.0_W17/flin_0000001_0043247.bil ./outputs_C20.0_W17/flin_0000001_0043247.tif
Input file size is 600, 600
0...10...20...30...40...50...60...70...80...90...100 - done.
+ for f in $OUTPUTS_DIR/*.bil
++ basename ./outputs_C20.0_W17/time_of_arrival_0000001_0043247.bil
++ cut -d. -f1
+ gdal_translate -a_srs 'EPSG: 32610' -co COMPRESS=DEFLATE -co ZLEVEL=9 ./outputs_C20.0_W17/time_of_arrival_0000001_0043247.bil ./outputs_C20.0_W17/time_of_arrival_0000001_0043247.tif
Input file size is 600, 600
0...10...20...30...40...50...60...70...80...90...100 - done.
+ for f in $OUTPUTS_DIR/*.bil
++ basename ./outputs_C20.0_W17/vs_0000001_0043247.bil
++ cut -d. -f1
+ gdal_translate -a_srs 'EPSG: 32610' -co COMPRESS=DEFLATE -co ZLEVEL=9 ./outputs_C20.0_W17/vs_0000001_0043247.bil ./outputs_C20.0_W17/vs_0000001_0043247.tif
Input file size is 600, 600
0...10...20...30...40...50...60...70...80...90...100 - done.
+ rm -f -r ./outputs_C20.0_W17/fire_size_stats.csv ./outputs_C20.0_W17/timings_firelabserver.csv ./outputs_C20.0_W17/flin_0000001_0043247.bil ./outputs_C20.0_W17/time_of_arrival_0000001_0043247.bil ./outputs_C20.0_W17/vs_0000001_0043247.bil ./outputs_C20.0_W17/flin_0000001_0043247.hdr ./outputs_C20.0_W17/time_of_arrival_0000001_0043247.hdr ./outputs_C20.0_W17/vs_0000001_0043247.hdr ./inputs/ws.tif
+ for WIND_SPEED in $(seq 0 1 30)
+ OUTPUTS_DIR=./outputs_C20.0_W18
+ replace_line OUTPUTS_DIRECTORY ./outputs_C20.0_W18 yes
+ MATCH_PATTERN=OUTPUTS_DIRECTORY
+ NEW_VALUE=./outputs_C20.0_W18
+ IS_STRING=yes
++ grep -n OUTPUTS_DIRECTORY ./inputs/elmfire.data
++ cut -d: -f1
+ LINE=25
+ sed -i '25 d' ./inputs/elmfire.data
+ '[' yes = yes ']'
+ sed -i '25 i OUTPUTS_DIRECTORY = '\''./outputs_C20.0_W18'\''' ./inputs/elmfire.data
+ '[' -d ./outputs_C20.0_W18 ']'
+ mkdir ./outputs_C20.0_W18
+ gdal_calc.py -A ./scratch/float.tif --co=COMPRESS=DEFLATE --co=ZLEVEL=9 --NoDataValue=-9999 --outfile=./inputs/ws.tif '--calc=A + 18'
0...10...20...30...40...50...60...70...80...90...100 - done.
+ /home/dwip/binYiren_SU2/elmfire_2024.0916 ./inputs/elmfire.data
 ELMFIRE 2024.0916
 Reading &MISCELLANEOUS namelist group
 Reading &INPUTS namelist group
 Reading &OUTPUTS namelist group
 Reading &COMPUTATIONAL_DOMAIN namelist group
 Reading &TIME_CONTROL namelist group
 Reading &SIMULATOR namelist group
 Reading &WUI namelist group
 Reading &CALIBRATION namelist group
 Reading &SUPPRESSION namelist group
 Reading &SPOTTING namelist group
 Reading &SMOKE namelist group
 Reading &MONTE_CARLO namelist group
 Reading headers for fuels/topography and weather rasters
/usr/bin/gdal_translate -of ENVI -co "INTERLEAVE=BSQ" ./inputs/asp.tif ./scratch/asp.bsq
Input file size is 600, 600
0...10...20...30...40...50...60...70...80...90...100 - done.
/usr/bin/gdal_translate -of ENVI -co "INTERLEAVE=BSQ" ./inputs/ws.tif ./scratch/ws.bsq
Input file size is 600, 600
0...10...20...30...40...50...60...70...80...90...100 - done.
 Setting up shared memory, part 1
 Reading weather, fuel, and topography rasters
/bin/rm -f ./scratch/ws.bsq ./scratch/ws.hdr ./scratch/ws.prj ./scratch/ws.bsq.aux.xml
/usr/bin/gdal_translate -of ENVI -co "INTERLEAVE=BSQ" ./inputs/ws.tif ./scratch/ws.bsq
Input file size is 600, 600
0...10...20...30...40...50...60...70...80...90...100 - done.
/bin/rm -f ./scratch/wd.bsq ./scratch/wd.hdr ./scratch/wd.prj ./scratch/wd.bsq.aux.xml
/usr/bin/gdal_translate -of ENVI -co "INTERLEAVE=BSQ" ./inputs/wd.tif ./scratch/wd.bsq
Input file size is 600, 600
0...10...20...30...40...50...60...70...80...90...100 - done.
/bin/rm -f ./scratch/m1.bsq ./scratch/m1.hdr ./scratch/m1.prj ./scratch/m1.bsq.aux.xml
/usr/bin/gdal_translate -of ENVI -co "INTERLEAVE=BSQ" ./inputs/m1.tif ./scratch/m1.bsq
Input file size is 600, 600
0...10...20...30...40...50...60...70...80...90...100 - done.
/bin/rm -f ./scratch/m10.bsq ./scratch/m10.hdr ./scratch/m10.prj ./scratch/m10.bsq.aux.xml
/usr/bin/gdal_translate -of ENVI -co "INTERLEAVE=BSQ" ./inputs/m10.tif ./scratch/m10.bsq
Input file size is 600, 600
0...10...20...30...40...50...60...70...80...90...100 - done.
/bin/rm -f ./scratch/m100.bsq ./scratch/m100.hdr ./scratch/m100.prj ./scratch/m100.bsq.aux.xml
/usr/bin/gdal_translate -of ENVI -co "INTERLEAVE=BSQ" ./inputs/m100.tif ./scratch/m100.bsq
Input file size is 600, 600
0...10...20...30...40...50...60...70...80...90...100 - done.
 Reading fuel and topography rasters
/bin/rm -f ./scratch/asp.bsq ./scratch/asp.hdr ./scratch/asp.prj ./scratch/asp.bsq.aux.xml
/usr/bin/gdal_translate -of ENVI -co "INTERLEAVE=BSQ" ./inputs/asp.tif ./scratch/asp.bsq
Input file size is 600, 600
0...10...20...30...40...50...60...70...80...90...100 - done.
/bin/rm -f ./scratch/cbh.bsq ./scratch/cbh.hdr ./scratch/cbh.prj ./scratch/cbh.bsq.aux.xml
/usr/bin/gdal_translate -of ENVI -co "INTERLEAVE=BSQ" ./inputs/cbh.tif ./scratch/cbh.bsq
Input file size is 600, 600
0...10...20...30...40...50...60...70...80...90...100 - done.
/bin/rm -f ./scratch/cbd.bsq ./scratch/cbd.hdr ./scratch/cbd.prj ./scratch/cbd.bsq.aux.xml
/usr/bin/gdal_translate -of ENVI -co "INTERLEAVE=BSQ" ./inputs/cbd.tif ./scratch/cbd.bsq
Input file size is 600, 600
0...10...20...30...40...50...60...70...80...90...100 - done.
/bin/rm -f ./scratch/cc.bsq ./scratch/cc.hdr ./scratch/cc.prj ./scratch/cc.bsq.aux.xml
/usr/bin/gdal_translate -of ENVI -co "INTERLEAVE=BSQ" ./inputs/cc.tif ./scratch/cc.bsq
Input file size is 600, 600
0...10...20...30...40...50...60...70...80...90...100 - done.
/bin/rm -f ./scratch/ch.bsq ./scratch/ch.hdr ./scratch/ch.prj ./scratch/ch.bsq.aux.xml
/usr/bin/gdal_translate -of ENVI -co "INTERLEAVE=BSQ" ./inputs/ch.tif ./scratch/ch.bsq
Input file size is 600, 600
0...10...20...30...40...50...60...70...80...90...100 - done.
/bin/rm -f ./scratch/dem.bsq ./scratch/dem.hdr ./scratch/dem.prj ./scratch/dem.bsq.aux.xml
/usr/bin/gdal_translate -of ENVI -co "INTERLEAVE=BSQ" ./inputs/dem.tif ./scratch/dem.bsq
Input file size is 600, 600
0...10...20...30...40...50...60...70...80...90...100 - done.
/bin/rm -f ./scratch/fbfm40.bsq ./scratch/fbfm40.hdr ./scratch/fbfm40.prj ./scratch/fbfm40.bsq.aux.xml
/usr/bin/gdal_translate -of ENVI -co "INTERLEAVE=BSQ" ./inputs/fbfm40.tif ./scratch/fbfm40.bsq
Input file size is 600, 600
0...10...20...30...40...50...60...70...80...90...100 - done.
/bin/rm -f ./scratch/slp.bsq ./scratch/slp.hdr ./scratch/slp.prj ./scratch/slp.bsq.aux.xml
/usr/bin/gdal_translate -of ENVI -co "INTERLEAVE=BSQ" ./inputs/slp.tif ./scratch/slp.bsq
Input file size is 600, 600
0...10...20...30...40...50...60...70...80...90...100 - done.
/bin/rm -f ./scratch/adj.bsq ./scratch/adj.hdr ./scratch/adj.prj ./scratch/adj.bsq.aux.xml
/usr/bin/gdal_translate -of ENVI -co "INTERLEAVE=BSQ" ./inputs/adj.tif ./scratch/adj.bsq
Input file size is 600, 600
0...10...20...30...40...50...60...70...80...90...100 - done.
/bin/rm -f ./scratch/phi.bsq ./scratch/phi.hdr ./scratch/phi.prj ./scratch/phi.bsq.aux.xml
/usr/bin/gdal_translate -of ENVI -co "INTERLEAVE=BSQ" ./inputs/phi.tif ./scratch/phi.bsq
Input file size is 600, 600
0...10...20...30...40...50...60...70...80...90...100 - done.
 Allocating additional rasters
 Setting up shared memory, part 2
 Setting up statistics arrays
 ELMFIRE is running each ensemble member
Meteorology band      1: Case #       1 complete.  Fire area:   1216.1 acres.
 End of simulation reached successfully. Shutting down.
+ for f in $OUTPUTS_DIR/*.bil
++ basename ./outputs_C20.0_W18/flin_0000001_0043289.bil
++ cut -d. -f1
+ gdal_translate -a_srs 'EPSG: 32610' -co COMPRESS=DEFLATE -co ZLEVEL=9 ./outputs_C20.0_W18/flin_0000001_0043289.bil ./outputs_C20.0_W18/flin_0000001_0043289.tif
Input file size is 600, 600
0...10...20...30...40...50...60...70...80...90...100 - done.
+ for f in $OUTPUTS_DIR/*.bil
++ basename ./outputs_C20.0_W18/time_of_arrival_0000001_0043289.bil
++ cut -d. -f1
+ gdal_translate -a_srs 'EPSG: 32610' -co COMPRESS=DEFLATE -co ZLEVEL=9 ./outputs_C20.0_W18/time_of_arrival_0000001_0043289.bil ./outputs_C20.0_W18/time_of_arrival_0000001_0043289.tif
Input file size is 600, 600
0...10...20...30...40...50...60...70...80...90...100 - done.
+ for f in $OUTPUTS_DIR/*.bil
++ basename ./outputs_C20.0_W18/vs_0000001_0043289.bil
++ cut -d. -f1
+ gdal_translate -a_srs 'EPSG: 32610' -co COMPRESS=DEFLATE -co ZLEVEL=9 ./outputs_C20.0_W18/vs_0000001_0043289.bil ./outputs_C20.0_W18/vs_0000001_0043289.tif
Input file size is 600, 600
0...10...20...30...40...50...60...70...80...90...100 - done.
+ rm -f -r ./outputs_C20.0_W18/fire_size_stats.csv ./outputs_C20.0_W18/timings_firelabserver.csv ./outputs_C20.0_W18/flin_0000001_0043289.bil ./outputs_C20.0_W18/time_of_arrival_0000001_0043289.bil ./outputs_C20.0_W18/vs_0000001_0043289.bil ./outputs_C20.0_W18/flin_0000001_0043289.hdr ./outputs_C20.0_W18/time_of_arrival_0000001_0043289.hdr ./outputs_C20.0_W18/vs_0000001_0043289.hdr ./inputs/ws.tif
+ for WIND_SPEED in $(seq 0 1 30)
+ OUTPUTS_DIR=./outputs_C20.0_W19
+ replace_line OUTPUTS_DIRECTORY ./outputs_C20.0_W19 yes
+ MATCH_PATTERN=OUTPUTS_DIRECTORY
+ NEW_VALUE=./outputs_C20.0_W19
+ IS_STRING=yes
++ grep -n OUTPUTS_DIRECTORY ./inputs/elmfire.data
++ cut -d: -f1
+ LINE=25
+ sed -i '25 d' ./inputs/elmfire.data
+ '[' yes = yes ']'
+ sed -i '25 i OUTPUTS_DIRECTORY = '\''./outputs_C20.0_W19'\''' ./inputs/elmfire.data
+ '[' -d ./outputs_C20.0_W19 ']'
+ mkdir ./outputs_C20.0_W19
+ gdal_calc.py -A ./scratch/float.tif --co=COMPRESS=DEFLATE --co=ZLEVEL=9 --NoDataValue=-9999 --outfile=./inputs/ws.tif '--calc=A + 19'
0...10...20...30...40...50...60...70...80...90...100 - done.
+ /home/dwip/binYiren_SU2/elmfire_2024.0916 ./inputs/elmfire.data
 ELMFIRE 2024.0916
 Reading &MISCELLANEOUS namelist group
 Reading &INPUTS namelist group
 Reading &OUTPUTS namelist group
 Reading &COMPUTATIONAL_DOMAIN namelist group
 Reading &TIME_CONTROL namelist group
 Reading &SIMULATOR namelist group
 Reading &WUI namelist group
 Reading &CALIBRATION namelist group
 Reading &SUPPRESSION namelist group
 Reading &SPOTTING namelist group
 Reading &SMOKE namelist group
 Reading &MONTE_CARLO namelist group
 Reading headers for fuels/topography and weather rasters
/usr/bin/gdal_translate -of ENVI -co "INTERLEAVE=BSQ" ./inputs/asp.tif ./scratch/asp.bsq
Input file size is 600, 600
0...10...20...30...40...50...60...70...80...90...100 - done.
/usr/bin/gdal_translate -of ENVI -co "INTERLEAVE=BSQ" ./inputs/ws.tif ./scratch/ws.bsq
Input file size is 600, 600
0...10...20...30...40...50...60...70...80...90...100 - done.
 Setting up shared memory, part 1
 Reading weather, fuel, and topography rasters
/bin/rm -f ./scratch/ws.bsq ./scratch/ws.hdr ./scratch/ws.prj ./scratch/ws.bsq.aux.xml
/usr/bin/gdal_translate -of ENVI -co "INTERLEAVE=BSQ" ./inputs/ws.tif ./scratch/ws.bsq
Input file size is 600, 600
0...10...20...30...40...50...60...70...80...90...100 - done.
/bin/rm -f ./scratch/wd.bsq ./scratch/wd.hdr ./scratch/wd.prj ./scratch/wd.bsq.aux.xml
/usr/bin/gdal_translate -of ENVI -co "INTERLEAVE=BSQ" ./inputs/wd.tif ./scratch/wd.bsq
Input file size is 600, 600
0...10...20...30...40...50...60...70...80...90...100 - done.
/bin/rm -f ./scratch/m1.bsq ./scratch/m1.hdr ./scratch/m1.prj ./scratch/m1.bsq.aux.xml
/usr/bin/gdal_translate -of ENVI -co "INTERLEAVE=BSQ" ./inputs/m1.tif ./scratch/m1.bsq
Input file size is 600, 600
0...10...20...30...40...50...60...70...80...90...100 - done.
/bin/rm -f ./scratch/m10.bsq ./scratch/m10.hdr ./scratch/m10.prj ./scratch/m10.bsq.aux.xml
/usr/bin/gdal_translate -of ENVI -co "INTERLEAVE=BSQ" ./inputs/m10.tif ./scratch/m10.bsq
Input file size is 600, 600
0...10...20...30...40...50...60...70...80...90...100 - done.
/bin/rm -f ./scratch/m100.bsq ./scratch/m100.hdr ./scratch/m100.prj ./scratch/m100.bsq.aux.xml
/usr/bin/gdal_translate -of ENVI -co "INTERLEAVE=BSQ" ./inputs/m100.tif ./scratch/m100.bsq
Input file size is 600, 600
0...10...20...30...40...50...60...70...80...90...100 - done.
 Reading fuel and topography rasters
/bin/rm -f ./scratch/asp.bsq ./scratch/asp.hdr ./scratch/asp.prj ./scratch/asp.bsq.aux.xml
/usr/bin/gdal_translate -of ENVI -co "INTERLEAVE=BSQ" ./inputs/asp.tif ./scratch/asp.bsq
Input file size is 600, 600
0...10...20...30...40...50...60...70...80...90...100 - done.
/bin/rm -f ./scratch/cbh.bsq ./scratch/cbh.hdr ./scratch/cbh.prj ./scratch/cbh.bsq.aux.xml
/usr/bin/gdal_translate -of ENVI -co "INTERLEAVE=BSQ" ./inputs/cbh.tif ./scratch/cbh.bsq
Input file size is 600, 600
0...10...20...30...40...50...60...70...80...90...100 - done.
/bin/rm -f ./scratch/cbd.bsq ./scratch/cbd.hdr ./scratch/cbd.prj ./scratch/cbd.bsq.aux.xml
/usr/bin/gdal_translate -of ENVI -co "INTERLEAVE=BSQ" ./inputs/cbd.tif ./scratch/cbd.bsq
Input file size is 600, 600
0...10...20...30...40...50...60...70...80...90...100 - done.
/bin/rm -f ./scratch/cc.bsq ./scratch/cc.hdr ./scratch/cc.prj ./scratch/cc.bsq.aux.xml
/usr/bin/gdal_translate -of ENVI -co "INTERLEAVE=BSQ" ./inputs/cc.tif ./scratch/cc.bsq
Input file size is 600, 600
0...10...20...30...40...50...60...70...80...90...100 - done.
/bin/rm -f ./scratch/ch.bsq ./scratch/ch.hdr ./scratch/ch.prj ./scratch/ch.bsq.aux.xml
/usr/bin/gdal_translate -of ENVI -co "INTERLEAVE=BSQ" ./inputs/ch.tif ./scratch/ch.bsq
Input file size is 600, 600
0...10...20...30...40...50...60...70...80...90...100 - done.
/bin/rm -f ./scratch/dem.bsq ./scratch/dem.hdr ./scratch/dem.prj ./scratch/dem.bsq.aux.xml
/usr/bin/gdal_translate -of ENVI -co "INTERLEAVE=BSQ" ./inputs/dem.tif ./scratch/dem.bsq
Input file size is 600, 600
0...10...20...30...40...50...60...70...80...90...100 - done.
/bin/rm -f ./scratch/fbfm40.bsq ./scratch/fbfm40.hdr ./scratch/fbfm40.prj ./scratch/fbfm40.bsq.aux.xml
/usr/bin/gdal_translate -of ENVI -co "INTERLEAVE=BSQ" ./inputs/fbfm40.tif ./scratch/fbfm40.bsq
Input file size is 600, 600
0...10...20...30...40...50...60...70...80...90...100 - done.
/bin/rm -f ./scratch/slp.bsq ./scratch/slp.hdr ./scratch/slp.prj ./scratch/slp.bsq.aux.xml
/usr/bin/gdal_translate -of ENVI -co "INTERLEAVE=BSQ" ./inputs/slp.tif ./scratch/slp.bsq
Input file size is 600, 600
0...10...20...30...40...50...60...70...80...90...100 - done.
/bin/rm -f ./scratch/adj.bsq ./scratch/adj.hdr ./scratch/adj.prj ./scratch/adj.bsq.aux.xml
/usr/bin/gdal_translate -of ENVI -co "INTERLEAVE=BSQ" ./inputs/adj.tif ./scratch/adj.bsq
Input file size is 600, 600
0...10...20...30...40...50...60...70...80...90...100 - done.
/bin/rm -f ./scratch/phi.bsq ./scratch/phi.hdr ./scratch/phi.prj ./scratch/phi.bsq.aux.xml
/usr/bin/gdal_translate -of ENVI -co "INTERLEAVE=BSQ" ./inputs/phi.tif ./scratch/phi.bsq
Input file size is 600, 600
0...10...20...30...40...50...60...70...80...90...100 - done.
 Allocating additional rasters
 Setting up shared memory, part 2
 Setting up statistics arrays
 ELMFIRE is running each ensemble member
Meteorology band      1: Case #       1 complete.  Fire area:   1641.2 acres.
 End of simulation reached successfully. Shutting down.
+ for f in $OUTPUTS_DIR/*.bil
++ basename ./outputs_C20.0_W19/flin_0000001_0043285.bil
++ cut -d. -f1
+ gdal_translate -a_srs 'EPSG: 32610' -co COMPRESS=DEFLATE -co ZLEVEL=9 ./outputs_C20.0_W19/flin_0000001_0043285.bil ./outputs_C20.0_W19/flin_0000001_0043285.tif
Input file size is 600, 600
0...10...20...30...40...50...60...70...80...90...100 - done.
+ for f in $OUTPUTS_DIR/*.bil
++ basename ./outputs_C20.0_W19/time_of_arrival_0000001_0043285.bil
++ cut -d. -f1
+ gdal_translate -a_srs 'EPSG: 32610' -co COMPRESS=DEFLATE -co ZLEVEL=9 ./outputs_C20.0_W19/time_of_arrival_0000001_0043285.bil ./outputs_C20.0_W19/time_of_arrival_0000001_0043285.tif
Input file size is 600, 600
0...10...20...30...40...50...60...70...80...90...100 - done.
+ for f in $OUTPUTS_DIR/*.bil
++ cut -d. -f1
++ basename ./outputs_C20.0_W19/vs_0000001_0043285.bil
+ gdal_translate -a_srs 'EPSG: 32610' -co COMPRESS=DEFLATE -co ZLEVEL=9 ./outputs_C20.0_W19/vs_0000001_0043285.bil ./outputs_C20.0_W19/vs_0000001_0043285.tif
Input file size is 600, 600
0...10...20...30...40...50...60...70...80...90...100 - done.
+ rm -f -r ./outputs_C20.0_W19/fire_size_stats.csv ./outputs_C20.0_W19/timings_firelabserver.csv ./outputs_C20.0_W19/flin_0000001_0043285.bil ./outputs_C20.0_W19/time_of_arrival_0000001_0043285.bil ./outputs_C20.0_W19/vs_0000001_0043285.bil ./outputs_C20.0_W19/flin_0000001_0043285.hdr ./outputs_C20.0_W19/time_of_arrival_0000001_0043285.hdr ./outputs_C20.0_W19/vs_0000001_0043285.hdr ./inputs/ws.tif
+ for WIND_SPEED in $(seq 0 1 30)
+ OUTPUTS_DIR=./outputs_C20.0_W20
+ replace_line OUTPUTS_DIRECTORY ./outputs_C20.0_W20 yes
+ MATCH_PATTERN=OUTPUTS_DIRECTORY
+ NEW_VALUE=./outputs_C20.0_W20
+ IS_STRING=yes
++ grep -n OUTPUTS_DIRECTORY ./inputs/elmfire.data
++ cut -d: -f1
+ LINE=25
+ sed -i '25 d' ./inputs/elmfire.data
+ '[' yes = yes ']'
+ sed -i '25 i OUTPUTS_DIRECTORY = '\''./outputs_C20.0_W20'\''' ./inputs/elmfire.data
+ '[' -d ./outputs_C20.0_W20 ']'
+ mkdir ./outputs_C20.0_W20
+ gdal_calc.py -A ./scratch/float.tif --co=COMPRESS=DEFLATE --co=ZLEVEL=9 --NoDataValue=-9999 --outfile=./inputs/ws.tif '--calc=A + 20'
0...10...20...30...40...50...60...70...80...90...100 - done.
+ /home/dwip/binYiren_SU2/elmfire_2024.0916 ./inputs/elmfire.data
 ELMFIRE 2024.0916
 Reading &MISCELLANEOUS namelist group
 Reading &INPUTS namelist group
 Reading &OUTPUTS namelist group
 Reading &COMPUTATIONAL_DOMAIN namelist group
 Reading &TIME_CONTROL namelist group
 Reading &SIMULATOR namelist group
 Reading &WUI namelist group
 Reading &CALIBRATION namelist group
 Reading &SUPPRESSION namelist group
 Reading &SPOTTING namelist group
 Reading &SMOKE namelist group
 Reading &MONTE_CARLO namelist group
 Reading headers for fuels/topography and weather rasters
/usr/bin/gdal_translate -of ENVI -co "INTERLEAVE=BSQ" ./inputs/asp.tif ./scratch/asp.bsq
Input file size is 600, 600
0...10...20...30...40...50...60...70...80...90...100 - done.
/usr/bin/gdal_translate -of ENVI -co "INTERLEAVE=BSQ" ./inputs/ws.tif ./scratch/ws.bsq
Input file size is 600, 600
0...10...20...30...40...50...60...70...80...90...100 - done.
 Setting up shared memory, part 1
 Reading weather, fuel, and topography rasters
/bin/rm -f ./scratch/ws.bsq ./scratch/ws.hdr ./scratch/ws.prj ./scratch/ws.bsq.aux.xml
/usr/bin/gdal_translate -of ENVI -co "INTERLEAVE=BSQ" ./inputs/ws.tif ./scratch/ws.bsq
Input file size is 600, 600
0...10...20...30...40...50...60...70...80...90...100 - done.
/bin/rm -f ./scratch/wd.bsq ./scratch/wd.hdr ./scratch/wd.prj ./scratch/wd.bsq.aux.xml
/usr/bin/gdal_translate -of ENVI -co "INTERLEAVE=BSQ" ./inputs/wd.tif ./scratch/wd.bsq
Input file size is 600, 600
0...10...20...30...40...50...60...70...80...90...100 - done.
/bin/rm -f ./scratch/m1.bsq ./scratch/m1.hdr ./scratch/m1.prj ./scratch/m1.bsq.aux.xml
/usr/bin/gdal_translate -of ENVI -co "INTERLEAVE=BSQ" ./inputs/m1.tif ./scratch/m1.bsq
Input file size is 600, 600
0...10...20...30...40...50...60...70...80...90...100 - done.
/bin/rm -f ./scratch/m10.bsq ./scratch/m10.hdr ./scratch/m10.prj ./scratch/m10.bsq.aux.xml
/usr/bin/gdal_translate -of ENVI -co "INTERLEAVE=BSQ" ./inputs/m10.tif ./scratch/m10.bsq
Input file size is 600, 600
0...10...20...30...40...50...60...70...80...90...100 - done.
/bin/rm -f ./scratch/m100.bsq ./scratch/m100.hdr ./scratch/m100.prj ./scratch/m100.bsq.aux.xml
/usr/bin/gdal_translate -of ENVI -co "INTERLEAVE=BSQ" ./inputs/m100.tif ./scratch/m100.bsq
Input file size is 600, 600
0...10...20...30...40...50...60...70...80...90...100 - done.
 Reading fuel and topography rasters
/bin/rm -f ./scratch/asp.bsq ./scratch/asp.hdr ./scratch/asp.prj ./scratch/asp.bsq.aux.xml
/usr/bin/gdal_translate -of ENVI -co "INTERLEAVE=BSQ" ./inputs/asp.tif ./scratch/asp.bsq
Input file size is 600, 600
0...10...20...30...40...50...60...70...80...90...100 - done.
/bin/rm -f ./scratch/cbh.bsq ./scratch/cbh.hdr ./scratch/cbh.prj ./scratch/cbh.bsq.aux.xml
/usr/bin/gdal_translate -of ENVI -co "INTERLEAVE=BSQ" ./inputs/cbh.tif ./scratch/cbh.bsq
Input file size is 600, 600
0...10...20...30...40...50...60...70...80...90...100 - done.
/bin/rm -f ./scratch/cbd.bsq ./scratch/cbd.hdr ./scratch/cbd.prj ./scratch/cbd.bsq.aux.xml
/usr/bin/gdal_translate -of ENVI -co "INTERLEAVE=BSQ" ./inputs/cbd.tif ./scratch/cbd.bsq
Input file size is 600, 600
0...10...20...30...40...50...60...70...80...90...100 - done.
/bin/rm -f ./scratch/cc.bsq ./scratch/cc.hdr ./scratch/cc.prj ./scratch/cc.bsq.aux.xml
/usr/bin/gdal_translate -of ENVI -co "INTERLEAVE=BSQ" ./inputs/cc.tif ./scratch/cc.bsq
Input file size is 600, 600
0...10...20...30...40...50...60...70...80...90...100 - done.
/bin/rm -f ./scratch/ch.bsq ./scratch/ch.hdr ./scratch/ch.prj ./scratch/ch.bsq.aux.xml
/usr/bin/gdal_translate -of ENVI -co "INTERLEAVE=BSQ" ./inputs/ch.tif ./scratch/ch.bsq
Input file size is 600, 600
0...10...20...30...40...50...60...70...80...90...100 - done.
/bin/rm -f ./scratch/dem.bsq ./scratch/dem.hdr ./scratch/dem.prj ./scratch/dem.bsq.aux.xml
/usr/bin/gdal_translate -of ENVI -co "INTERLEAVE=BSQ" ./inputs/dem.tif ./scratch/dem.bsq
Input file size is 600, 600
0...10...20...30...40...50...60...70...80...90...100 - done.
/bin/rm -f ./scratch/fbfm40.bsq ./scratch/fbfm40.hdr ./scratch/fbfm40.prj ./scratch/fbfm40.bsq.aux.xml
/usr/bin/gdal_translate -of ENVI -co "INTERLEAVE=BSQ" ./inputs/fbfm40.tif ./scratch/fbfm40.bsq
Input file size is 600, 600
0...10...20...30...40...50...60...70...80...90...100 - done.
/bin/rm -f ./scratch/slp.bsq ./scratch/slp.hdr ./scratch/slp.prj ./scratch/slp.bsq.aux.xml
/usr/bin/gdal_translate -of ENVI -co "INTERLEAVE=BSQ" ./inputs/slp.tif ./scratch/slp.bsq
Input file size is 600, 600
0...10...20...30...40...50...60...70...80...90...100 - done.
/bin/rm -f ./scratch/adj.bsq ./scratch/adj.hdr ./scratch/adj.prj ./scratch/adj.bsq.aux.xml
/usr/bin/gdal_translate -of ENVI -co "INTERLEAVE=BSQ" ./inputs/adj.tif ./scratch/adj.bsq
Input file size is 600, 600
0...10...20...30...40...50...60...70...80...90...100 - done.
/bin/rm -f ./scratch/phi.bsq ./scratch/phi.hdr ./scratch/phi.prj ./scratch/phi.bsq.aux.xml
/usr/bin/gdal_translate -of ENVI -co "INTERLEAVE=BSQ" ./inputs/phi.tif ./scratch/phi.bsq
Input file size is 600, 600
0...10...20...30...40...50...60...70...80...90...100 - done.
 Allocating additional rasters
 Setting up shared memory, part 2
 Setting up statistics arrays
 ELMFIRE is running each ensemble member
Meteorology band      1: Case #       1 complete.  Fire area:   2240.1 acres.
 End of simulation reached successfully. Shutting down.
+ for f in $OUTPUTS_DIR/*.bil
++ basename ./outputs_C20.0_W20/flin_0000001_0043258.bil
++ cut -d. -f1
+ gdal_translate -a_srs 'EPSG: 32610' -co COMPRESS=DEFLATE -co ZLEVEL=9 ./outputs_C20.0_W20/flin_0000001_0043258.bil ./outputs_C20.0_W20/flin_0000001_0043258.tif
Input file size is 600, 600
0...10...20...30...40...50...60...70...80...90...100 - done.
+ for f in $OUTPUTS_DIR/*.bil
++ basename ./outputs_C20.0_W20/time_of_arrival_0000001_0043258.bil
++ cut -d. -f1
+ gdal_translate -a_srs 'EPSG: 32610' -co COMPRESS=DEFLATE -co ZLEVEL=9 ./outputs_C20.0_W20/time_of_arrival_0000001_0043258.bil ./outputs_C20.0_W20/time_of_arrival_0000001_0043258.tif
Input file size is 600, 600
0...10...20...30...40...50...60...70...80...90...100 - done.
+ for f in $OUTPUTS_DIR/*.bil
++ basename ./outputs_C20.0_W20/vs_0000001_0043258.bil
++ cut -d. -f1
+ gdal_translate -a_srs 'EPSG: 32610' -co COMPRESS=DEFLATE -co ZLEVEL=9 ./outputs_C20.0_W20/vs_0000001_0043258.bil ./outputs_C20.0_W20/vs_0000001_0043258.tif
Input file size is 600, 600
0...10...20...30...40...50...60...70...80...90...100 - done.
+ rm -f -r ./outputs_C20.0_W20/fire_size_stats.csv ./outputs_C20.0_W20/timings_firelabserver.csv ./outputs_C20.0_W20/flin_0000001_0043258.bil ./outputs_C20.0_W20/time_of_arrival_0000001_0043258.bil ./outputs_C20.0_W20/vs_0000001_0043258.bil ./outputs_C20.0_W20/flin_0000001_0043258.hdr ./outputs_C20.0_W20/time_of_arrival_0000001_0043258.hdr ./outputs_C20.0_W20/vs_0000001_0043258.hdr ./inputs/ws.tif
+ for WIND_SPEED in $(seq 0 1 30)
+ OUTPUTS_DIR=./outputs_C20.0_W21
+ replace_line OUTPUTS_DIRECTORY ./outputs_C20.0_W21 yes
+ MATCH_PATTERN=OUTPUTS_DIRECTORY
+ NEW_VALUE=./outputs_C20.0_W21
+ IS_STRING=yes
++ grep -n OUTPUTS_DIRECTORY ./inputs/elmfire.data
++ cut -d: -f1
+ LINE=25
+ sed -i '25 d' ./inputs/elmfire.data
+ '[' yes = yes ']'
+ sed -i '25 i OUTPUTS_DIRECTORY = '\''./outputs_C20.0_W21'\''' ./inputs/elmfire.data
+ '[' -d ./outputs_C20.0_W21 ']'
+ mkdir ./outputs_C20.0_W21
+ gdal_calc.py -A ./scratch/float.tif --co=COMPRESS=DEFLATE --co=ZLEVEL=9 --NoDataValue=-9999 --outfile=./inputs/ws.tif '--calc=A + 21'
0...10...20...30...40...50...60...70...80...90...100 - done.
+ /home/dwip/binYiren_SU2/elmfire_2024.0916 ./inputs/elmfire.data
 ELMFIRE 2024.0916
 Reading &MISCELLANEOUS namelist group
 Reading &INPUTS namelist group
 Reading &OUTPUTS namelist group
 Reading &COMPUTATIONAL_DOMAIN namelist group
 Reading &TIME_CONTROL namelist group
 Reading &SIMULATOR namelist group
 Reading &WUI namelist group
 Reading &CALIBRATION namelist group
 Reading &SUPPRESSION namelist group
 Reading &SPOTTING namelist group
 Reading &SMOKE namelist group
 Reading &MONTE_CARLO namelist group
 Reading headers for fuels/topography and weather rasters
/usr/bin/gdal_translate -of ENVI -co "INTERLEAVE=BSQ" ./inputs/asp.tif ./scratch/asp.bsq
Input file size is 600, 600
0...10...20...30...40...50...60...70...80...90...100 - done.
/usr/bin/gdal_translate -of ENVI -co "INTERLEAVE=BSQ" ./inputs/ws.tif ./scratch/ws.bsq
Input file size is 600, 600
0...10...20...30...40...50...60...70...80...90...100 - done.
 Setting up shared memory, part 1
 Reading weather, fuel, and topography rasters
/bin/rm -f ./scratch/ws.bsq ./scratch/ws.hdr ./scratch/ws.prj ./scratch/ws.bsq.aux.xml
/usr/bin/gdal_translate -of ENVI -co "INTERLEAVE=BSQ" ./inputs/ws.tif ./scratch/ws.bsq
Input file size is 600, 600
0...10...20...30...40...50...60...70...80...90...100 - done.
/bin/rm -f ./scratch/wd.bsq ./scratch/wd.hdr ./scratch/wd.prj ./scratch/wd.bsq.aux.xml
/usr/bin/gdal_translate -of ENVI -co "INTERLEAVE=BSQ" ./inputs/wd.tif ./scratch/wd.bsq
Input file size is 600, 600
0...10...20...30...40...50...60...70...80...90...100 - done.
/bin/rm -f ./scratch/m1.bsq ./scratch/m1.hdr ./scratch/m1.prj ./scratch/m1.bsq.aux.xml
/usr/bin/gdal_translate -of ENVI -co "INTERLEAVE=BSQ" ./inputs/m1.tif ./scratch/m1.bsq
Input file size is 600, 600
0...10...20...30...40...50...60...70...80...90...100 - done.
/bin/rm -f ./scratch/m10.bsq ./scratch/m10.hdr ./scratch/m10.prj ./scratch/m10.bsq.aux.xml
/usr/bin/gdal_translate -of ENVI -co "INTERLEAVE=BSQ" ./inputs/m10.tif ./scratch/m10.bsq
Input file size is 600, 600
0...10...20...30...40...50...60...70...80...90...100 - done.
/bin/rm -f ./scratch/m100.bsq ./scratch/m100.hdr ./scratch/m100.prj ./scratch/m100.bsq.aux.xml
/usr/bin/gdal_translate -of ENVI -co "INTERLEAVE=BSQ" ./inputs/m100.tif ./scratch/m100.bsq
Input file size is 600, 600
0...10...20...30...40...50...60...70...80...90...100 - done.
 Reading fuel and topography rasters
/bin/rm -f ./scratch/asp.bsq ./scratch/asp.hdr ./scratch/asp.prj ./scratch/asp.bsq.aux.xml
/usr/bin/gdal_translate -of ENVI -co "INTERLEAVE=BSQ" ./inputs/asp.tif ./scratch/asp.bsq
Input file size is 600, 600
0...10...20...30...40...50...60...70...80...90...100 - done.
/bin/rm -f ./scratch/cbh.bsq ./scratch/cbh.hdr ./scratch/cbh.prj ./scratch/cbh.bsq.aux.xml
/usr/bin/gdal_translate -of ENVI -co "INTERLEAVE=BSQ" ./inputs/cbh.tif ./scratch/cbh.bsq
Input file size is 600, 600
0...10...20...30...40...50...60...70...80...90...100 - done.
/bin/rm -f ./scratch/cbd.bsq ./scratch/cbd.hdr ./scratch/cbd.prj ./scratch/cbd.bsq.aux.xml
/usr/bin/gdal_translate -of ENVI -co "INTERLEAVE=BSQ" ./inputs/cbd.tif ./scratch/cbd.bsq
Input file size is 600, 600
0...10...20...30...40...50...60...70...80...90...100 - done.
/bin/rm -f ./scratch/cc.bsq ./scratch/cc.hdr ./scratch/cc.prj ./scratch/cc.bsq.aux.xml
/usr/bin/gdal_translate -of ENVI -co "INTERLEAVE=BSQ" ./inputs/cc.tif ./scratch/cc.bsq
Input file size is 600, 600
0...10...20...30...40...50...60...70...80...90...100 - done.
/bin/rm -f ./scratch/ch.bsq ./scratch/ch.hdr ./scratch/ch.prj ./scratch/ch.bsq.aux.xml
/usr/bin/gdal_translate -of ENVI -co "INTERLEAVE=BSQ" ./inputs/ch.tif ./scratch/ch.bsq
Input file size is 600, 600
0...10...20...30...40...50...60...70...80...90...100 - done.
/bin/rm -f ./scratch/dem.bsq ./scratch/dem.hdr ./scratch/dem.prj ./scratch/dem.bsq.aux.xml
/usr/bin/gdal_translate -of ENVI -co "INTERLEAVE=BSQ" ./inputs/dem.tif ./scratch/dem.bsq
Input file size is 600, 600
0...10...20...30...40...50...60...70...80...90...100 - done.
/bin/rm -f ./scratch/fbfm40.bsq ./scratch/fbfm40.hdr ./scratch/fbfm40.prj ./scratch/fbfm40.bsq.aux.xml
/usr/bin/gdal_translate -of ENVI -co "INTERLEAVE=BSQ" ./inputs/fbfm40.tif ./scratch/fbfm40.bsq
Input file size is 600, 600
0...10...20...30...40...50...60...70...80...90...100 - done.
/bin/rm -f ./scratch/slp.bsq ./scratch/slp.hdr ./scratch/slp.prj ./scratch/slp.bsq.aux.xml
/usr/bin/gdal_translate -of ENVI -co "INTERLEAVE=BSQ" ./inputs/slp.tif ./scratch/slp.bsq
Input file size is 600, 600
0...10...20...30...40...50...60...70...80...90...100 - done.
/bin/rm -f ./scratch/adj.bsq ./scratch/adj.hdr ./scratch/adj.prj ./scratch/adj.bsq.aux.xml
/usr/bin/gdal_translate -of ENVI -co "INTERLEAVE=BSQ" ./inputs/adj.tif ./scratch/adj.bsq
Input file size is 600, 600
0...10...20...30...40...50...60...70...80...90...100 - done.
/bin/rm -f ./scratch/phi.bsq ./scratch/phi.hdr ./scratch/phi.prj ./scratch/phi.bsq.aux.xml
/usr/bin/gdal_translate -of ENVI -co "INTERLEAVE=BSQ" ./inputs/phi.tif ./scratch/phi.bsq
Input file size is 600, 600
0...10...20...30...40...50...60...70...80...90...100 - done.
 Allocating additional rasters
 Setting up shared memory, part 2
 Setting up statistics arrays
 ELMFIRE is running each ensemble member
Meteorology band      1: Case #       1 complete.  Fire area:   3137.1 acres.
 End of simulation reached successfully. Shutting down.
+ for f in $OUTPUTS_DIR/*.bil
++ basename ./outputs_C20.0_W21/flin_0000001_0043267.bil
++ cut -d. -f1
+ gdal_translate -a_srs 'EPSG: 32610' -co COMPRESS=DEFLATE -co ZLEVEL=9 ./outputs_C20.0_W21/flin_0000001_0043267.bil ./outputs_C20.0_W21/flin_0000001_0043267.tif
Input file size is 600, 600
0...10...20...30...40...50...60...70...80...90...100 - done.
+ for f in $OUTPUTS_DIR/*.bil
++ basename ./outputs_C20.0_W21/time_of_arrival_0000001_0043267.bil
++ cut -d. -f1
+ gdal_translate -a_srs 'EPSG: 32610' -co COMPRESS=DEFLATE -co ZLEVEL=9 ./outputs_C20.0_W21/time_of_arrival_0000001_0043267.bil ./outputs_C20.0_W21/time_of_arrival_0000001_0043267.tif
Input file size is 600, 600
0...10...20...30...40...50...60...70...80...90...100 - done.
+ for f in $OUTPUTS_DIR/*.bil
++ basename ./outputs_C20.0_W21/vs_0000001_0043267.bil
++ cut -d. -f1
+ gdal_translate -a_srs 'EPSG: 32610' -co COMPRESS=DEFLATE -co ZLEVEL=9 ./outputs_C20.0_W21/vs_0000001_0043267.bil ./outputs_C20.0_W21/vs_0000001_0043267.tif
Input file size is 600, 600
0...10...20...30...40...50...60...70...80...90...100 - done.
+ rm -f -r ./outputs_C20.0_W21/fire_size_stats.csv ./outputs_C20.0_W21/timings_firelabserver.csv ./outputs_C20.0_W21/flin_0000001_0043267.bil ./outputs_C20.0_W21/time_of_arrival_0000001_0043267.bil ./outputs_C20.0_W21/vs_0000001_0043267.bil ./outputs_C20.0_W21/flin_0000001_0043267.hdr ./outputs_C20.0_W21/time_of_arrival_0000001_0043267.hdr ./outputs_C20.0_W21/vs_0000001_0043267.hdr ./inputs/ws.tif
+ for WIND_SPEED in $(seq 0 1 30)
+ OUTPUTS_DIR=./outputs_C20.0_W22
+ replace_line OUTPUTS_DIRECTORY ./outputs_C20.0_W22 yes
+ MATCH_PATTERN=OUTPUTS_DIRECTORY
+ NEW_VALUE=./outputs_C20.0_W22
+ IS_STRING=yes
++ grep -n OUTPUTS_DIRECTORY ./inputs/elmfire.data
++ cut -d: -f1
+ LINE=25
+ sed -i '25 d' ./inputs/elmfire.data
+ '[' yes = yes ']'
+ sed -i '25 i OUTPUTS_DIRECTORY = '\''./outputs_C20.0_W22'\''' ./inputs/elmfire.data
+ '[' -d ./outputs_C20.0_W22 ']'
+ mkdir ./outputs_C20.0_W22
+ gdal_calc.py -A ./scratch/float.tif --co=COMPRESS=DEFLATE --co=ZLEVEL=9 --NoDataValue=-9999 --outfile=./inputs/ws.tif '--calc=A + 22'
0...10...20...30...40...50...60...70...80...90...100 - done.
+ /home/dwip/binYiren_SU2/elmfire_2024.0916 ./inputs/elmfire.data
 ELMFIRE 2024.0916
 Reading &MISCELLANEOUS namelist group
 Reading &INPUTS namelist group
 Reading &OUTPUTS namelist group
 Reading &COMPUTATIONAL_DOMAIN namelist group
 Reading &TIME_CONTROL namelist group
 Reading &SIMULATOR namelist group
 Reading &WUI namelist group
 Reading &CALIBRATION namelist group
 Reading &SUPPRESSION namelist group
 Reading &SPOTTING namelist group
 Reading &SMOKE namelist group
 Reading &MONTE_CARLO namelist group
 Reading headers for fuels/topography and weather rasters
/usr/bin/gdal_translate -of ENVI -co "INTERLEAVE=BSQ" ./inputs/asp.tif ./scratch/asp.bsq
Input file size is 600, 600
0...10...20...30...40...50...60...70...80...90...100 - done.
/usr/bin/gdal_translate -of ENVI -co "INTERLEAVE=BSQ" ./inputs/ws.tif ./scratch/ws.bsq
Input file size is 600, 600
0...10...20...30...40...50...60...70...80...90...100 - done.
 Setting up shared memory, part 1
 Reading weather, fuel, and topography rasters
/bin/rm -f ./scratch/ws.bsq ./scratch/ws.hdr ./scratch/ws.prj ./scratch/ws.bsq.aux.xml
/usr/bin/gdal_translate -of ENVI -co "INTERLEAVE=BSQ" ./inputs/ws.tif ./scratch/ws.bsq
Input file size is 600, 600
0...10...20...30...40...50...60...70...80...90...100 - done.
/bin/rm -f ./scratch/wd.bsq ./scratch/wd.hdr ./scratch/wd.prj ./scratch/wd.bsq.aux.xml
/usr/bin/gdal_translate -of ENVI -co "INTERLEAVE=BSQ" ./inputs/wd.tif ./scratch/wd.bsq
Input file size is 600, 600
0...10...20...30...40...50...60...70...80...90...100 - done.
/bin/rm -f ./scratch/m1.bsq ./scratch/m1.hdr ./scratch/m1.prj ./scratch/m1.bsq.aux.xml
/usr/bin/gdal_translate -of ENVI -co "INTERLEAVE=BSQ" ./inputs/m1.tif ./scratch/m1.bsq
Input file size is 600, 600
0...10...20...30...40...50...60...70...80...90...100 - done.
/bin/rm -f ./scratch/m10.bsq ./scratch/m10.hdr ./scratch/m10.prj ./scratch/m10.bsq.aux.xml
/usr/bin/gdal_translate -of ENVI -co "INTERLEAVE=BSQ" ./inputs/m10.tif ./scratch/m10.bsq
Input file size is 600, 600
0...10...20...30...40...50...60...70...80...90...100 - done.
/bin/rm -f ./scratch/m100.bsq ./scratch/m100.hdr ./scratch/m100.prj ./scratch/m100.bsq.aux.xml
/usr/bin/gdal_translate -of ENVI -co "INTERLEAVE=BSQ" ./inputs/m100.tif ./scratch/m100.bsq
Input file size is 600, 600
0...10...20...30...40...50...60...70...80...90...100 - done.
 Reading fuel and topography rasters
/bin/rm -f ./scratch/asp.bsq ./scratch/asp.hdr ./scratch/asp.prj ./scratch/asp.bsq.aux.xml
/usr/bin/gdal_translate -of ENVI -co "INTERLEAVE=BSQ" ./inputs/asp.tif ./scratch/asp.bsq
Input file size is 600, 600
0...10...20...30...40...50...60...70...80...90...100 - done.
/bin/rm -f ./scratch/cbh.bsq ./scratch/cbh.hdr ./scratch/cbh.prj ./scratch/cbh.bsq.aux.xml
/usr/bin/gdal_translate -of ENVI -co "INTERLEAVE=BSQ" ./inputs/cbh.tif ./scratch/cbh.bsq
Input file size is 600, 600
0...10...20...30...40...50...60...70...80...90...100 - done.
/bin/rm -f ./scratch/cbd.bsq ./scratch/cbd.hdr ./scratch/cbd.prj ./scratch/cbd.bsq.aux.xml
/usr/bin/gdal_translate -of ENVI -co "INTERLEAVE=BSQ" ./inputs/cbd.tif ./scratch/cbd.bsq
Input file size is 600, 600
0...10...20...30...40...50...60...70...80...90...100 - done.
/bin/rm -f ./scratch/cc.bsq ./scratch/cc.hdr ./scratch/cc.prj ./scratch/cc.bsq.aux.xml
/usr/bin/gdal_translate -of ENVI -co "INTERLEAVE=BSQ" ./inputs/cc.tif ./scratch/cc.bsq
Input file size is 600, 600
0...10...20...30...40...50...60...70...80...90...100 - done.
/bin/rm -f ./scratch/ch.bsq ./scratch/ch.hdr ./scratch/ch.prj ./scratch/ch.bsq.aux.xml
/usr/bin/gdal_translate -of ENVI -co "INTERLEAVE=BSQ" ./inputs/ch.tif ./scratch/ch.bsq
Input file size is 600, 600
0...10...20...30...40...50...60...70...80...90...100 - done.
/bin/rm -f ./scratch/dem.bsq ./scratch/dem.hdr ./scratch/dem.prj ./scratch/dem.bsq.aux.xml
/usr/bin/gdal_translate -of ENVI -co "INTERLEAVE=BSQ" ./inputs/dem.tif ./scratch/dem.bsq
Input file size is 600, 600
0...10...20...30...40...50...60...70...80...90...100 - done.
/bin/rm -f ./scratch/fbfm40.bsq ./scratch/fbfm40.hdr ./scratch/fbfm40.prj ./scratch/fbfm40.bsq.aux.xml
/usr/bin/gdal_translate -of ENVI -co "INTERLEAVE=BSQ" ./inputs/fbfm40.tif ./scratch/fbfm40.bsq
Input file size is 600, 600
0...10...20...30...40...50...60...70...80...90...100 - done.
/bin/rm -f ./scratch/slp.bsq ./scratch/slp.hdr ./scratch/slp.prj ./scratch/slp.bsq.aux.xml
/usr/bin/gdal_translate -of ENVI -co "INTERLEAVE=BSQ" ./inputs/slp.tif ./scratch/slp.bsq
Input file size is 600, 600
0...10...20...30...40...50...60...70...80...90...100 - done.
/bin/rm -f ./scratch/adj.bsq ./scratch/adj.hdr ./scratch/adj.prj ./scratch/adj.bsq.aux.xml
/usr/bin/gdal_translate -of ENVI -co "INTERLEAVE=BSQ" ./inputs/adj.tif ./scratch/adj.bsq
Input file size is 600, 600
0...10...20...30...40...50...60...70...80...90...100 - done.
/bin/rm -f ./scratch/phi.bsq ./scratch/phi.hdr ./scratch/phi.prj ./scratch/phi.bsq.aux.xml
/usr/bin/gdal_translate -of ENVI -co "INTERLEAVE=BSQ" ./inputs/phi.tif ./scratch/phi.bsq
Input file size is 600, 600
0...10...20...30...40...50...60...70...80...90...100 - done.
 Allocating additional rasters
 Setting up shared memory, part 2
 Setting up statistics arrays
 ELMFIRE is running each ensemble member
Meteorology band      1: Case #       1 complete.  Fire area:   4463.9 acres.
 End of simulation reached successfully. Shutting down.
+ for f in $OUTPUTS_DIR/*.bil
++ basename ./outputs_C20.0_W22/flin_0000001_0043238.bil
++ cut -d. -f1
+ gdal_translate -a_srs 'EPSG: 32610' -co COMPRESS=DEFLATE -co ZLEVEL=9 ./outputs_C20.0_W22/flin_0000001_0043238.bil ./outputs_C20.0_W22/flin_0000001_0043238.tif
Input file size is 600, 600
0...10...20...30...40...50...60...70...80...90...100 - done.
+ for f in $OUTPUTS_DIR/*.bil
++ basename ./outputs_C20.0_W22/time_of_arrival_0000001_0043238.bil
++ cut -d. -f1
+ gdal_translate -a_srs 'EPSG: 32610' -co COMPRESS=DEFLATE -co ZLEVEL=9 ./outputs_C20.0_W22/time_of_arrival_0000001_0043238.bil ./outputs_C20.0_W22/time_of_arrival_0000001_0043238.tif
Input file size is 600, 600
0...10...20...30...40...50...60...70...80...90...100 - done.
+ for f in $OUTPUTS_DIR/*.bil
++ basename ./outputs_C20.0_W22/vs_0000001_0043238.bil
++ cut -d. -f1
+ gdal_translate -a_srs 'EPSG: 32610' -co COMPRESS=DEFLATE -co ZLEVEL=9 ./outputs_C20.0_W22/vs_0000001_0043238.bil ./outputs_C20.0_W22/vs_0000001_0043238.tif
Input file size is 600, 600
0...10...20...30...40...50...60...70...80...90...100 - done.
+ rm -f -r ./outputs_C20.0_W22/fire_size_stats.csv ./outputs_C20.0_W22/timings_firelabserver.csv ./outputs_C20.0_W22/flin_0000001_0043238.bil ./outputs_C20.0_W22/time_of_arrival_0000001_0043238.bil ./outputs_C20.0_W22/vs_0000001_0043238.bil ./outputs_C20.0_W22/flin_0000001_0043238.hdr ./outputs_C20.0_W22/time_of_arrival_0000001_0043238.hdr ./outputs_C20.0_W22/vs_0000001_0043238.hdr ./inputs/ws.tif
+ for WIND_SPEED in $(seq 0 1 30)
+ OUTPUTS_DIR=./outputs_C20.0_W23
+ replace_line OUTPUTS_DIRECTORY ./outputs_C20.0_W23 yes
+ MATCH_PATTERN=OUTPUTS_DIRECTORY
+ NEW_VALUE=./outputs_C20.0_W23
+ IS_STRING=yes
++ grep -n OUTPUTS_DIRECTORY ./inputs/elmfire.data
++ cut -d: -f1
+ LINE=25
+ sed -i '25 d' ./inputs/elmfire.data
+ '[' yes = yes ']'
+ sed -i '25 i OUTPUTS_DIRECTORY = '\''./outputs_C20.0_W23'\''' ./inputs/elmfire.data
+ '[' -d ./outputs_C20.0_W23 ']'
+ mkdir ./outputs_C20.0_W23
+ gdal_calc.py -A ./scratch/float.tif --co=COMPRESS=DEFLATE --co=ZLEVEL=9 --NoDataValue=-9999 --outfile=./inputs/ws.tif '--calc=A + 23'
0...10...20...30...40...50...60...70...80...90...100 - done.
+ /home/dwip/binYiren_SU2/elmfire_2024.0916 ./inputs/elmfire.data
 ELMFIRE 2024.0916
 Reading &MISCELLANEOUS namelist group
 Reading &INPUTS namelist group
 Reading &OUTPUTS namelist group
 Reading &COMPUTATIONAL_DOMAIN namelist group
 Reading &TIME_CONTROL namelist group
 Reading &SIMULATOR namelist group
 Reading &WUI namelist group
 Reading &CALIBRATION namelist group
 Reading &SUPPRESSION namelist group
 Reading &SPOTTING namelist group
 Reading &SMOKE namelist group
 Reading &MONTE_CARLO namelist group
 Reading headers for fuels/topography and weather rasters
/usr/bin/gdal_translate -of ENVI -co "INTERLEAVE=BSQ" ./inputs/asp.tif ./scratch/asp.bsq
Input file size is 600, 600
0...10...20...30...40...50...60...70...80...90...100 - done.
/usr/bin/gdal_translate -of ENVI -co "INTERLEAVE=BSQ" ./inputs/ws.tif ./scratch/ws.bsq
Input file size is 600, 600
0...10...20...30...40...50...60...70...80...90...100 - done.
 Setting up shared memory, part 1
 Reading weather, fuel, and topography rasters
/bin/rm -f ./scratch/ws.bsq ./scratch/ws.hdr ./scratch/ws.prj ./scratch/ws.bsq.aux.xml
/usr/bin/gdal_translate -of ENVI -co "INTERLEAVE=BSQ" ./inputs/ws.tif ./scratch/ws.bsq
Input file size is 600, 600
0...10...20...30...40...50...60...70...80...90...100 - done.
/bin/rm -f ./scratch/wd.bsq ./scratch/wd.hdr ./scratch/wd.prj ./scratch/wd.bsq.aux.xml
/usr/bin/gdal_translate -of ENVI -co "INTERLEAVE=BSQ" ./inputs/wd.tif ./scratch/wd.bsq
Input file size is 600, 600
0...10...20...30...40...50...60...70...80...90...100 - done.
/bin/rm -f ./scratch/m1.bsq ./scratch/m1.hdr ./scratch/m1.prj ./scratch/m1.bsq.aux.xml
/usr/bin/gdal_translate -of ENVI -co "INTERLEAVE=BSQ" ./inputs/m1.tif ./scratch/m1.bsq
Input file size is 600, 600
0...10...20...30...40...50...60...70...80...90...100 - done.
/bin/rm -f ./scratch/m10.bsq ./scratch/m10.hdr ./scratch/m10.prj ./scratch/m10.bsq.aux.xml
/usr/bin/gdal_translate -of ENVI -co "INTERLEAVE=BSQ" ./inputs/m10.tif ./scratch/m10.bsq
Input file size is 600, 600
0...10...20...30...40...50...60...70...80...90...100 - done.
/bin/rm -f ./scratch/m100.bsq ./scratch/m100.hdr ./scratch/m100.prj ./scratch/m100.bsq.aux.xml
/usr/bin/gdal_translate -of ENVI -co "INTERLEAVE=BSQ" ./inputs/m100.tif ./scratch/m100.bsq
Input file size is 600, 600
0...10...20...30...40...50...60...70...80...90...100 - done.
 Reading fuel and topography rasters
/bin/rm -f ./scratch/asp.bsq ./scratch/asp.hdr ./scratch/asp.prj ./scratch/asp.bsq.aux.xml
/usr/bin/gdal_translate -of ENVI -co "INTERLEAVE=BSQ" ./inputs/asp.tif ./scratch/asp.bsq
Input file size is 600, 600
0...10...20...30...40...50...60...70...80...90...100 - done.
/bin/rm -f ./scratch/cbh.bsq ./scratch/cbh.hdr ./scratch/cbh.prj ./scratch/cbh.bsq.aux.xml
/usr/bin/gdal_translate -of ENVI -co "INTERLEAVE=BSQ" ./inputs/cbh.tif ./scratch/cbh.bsq
Input file size is 600, 600
0...10...20...30...40...50...60...70...80...90...100 - done.
/bin/rm -f ./scratch/cbd.bsq ./scratch/cbd.hdr ./scratch/cbd.prj ./scratch/cbd.bsq.aux.xml
/usr/bin/gdal_translate -of ENVI -co "INTERLEAVE=BSQ" ./inputs/cbd.tif ./scratch/cbd.bsq
Input file size is 600, 600
0...10...20...30...40...50...60...70...80...90...100 - done.
/bin/rm -f ./scratch/cc.bsq ./scratch/cc.hdr ./scratch/cc.prj ./scratch/cc.bsq.aux.xml
/usr/bin/gdal_translate -of ENVI -co "INTERLEAVE=BSQ" ./inputs/cc.tif ./scratch/cc.bsq
Input file size is 600, 600
0...10...20...30...40...50...60...70...80...90...100 - done.
/bin/rm -f ./scratch/ch.bsq ./scratch/ch.hdr ./scratch/ch.prj ./scratch/ch.bsq.aux.xml
/usr/bin/gdal_translate -of ENVI -co "INTERLEAVE=BSQ" ./inputs/ch.tif ./scratch/ch.bsq
Input file size is 600, 600
0...10...20...30...40...50...60...70...80...90...100 - done.
/bin/rm -f ./scratch/dem.bsq ./scratch/dem.hdr ./scratch/dem.prj ./scratch/dem.bsq.aux.xml
/usr/bin/gdal_translate -of ENVI -co "INTERLEAVE=BSQ" ./inputs/dem.tif ./scratch/dem.bsq
Input file size is 600, 600
0...10...20...30...40...50...60...70...80...90...100 - done.
/bin/rm -f ./scratch/fbfm40.bsq ./scratch/fbfm40.hdr ./scratch/fbfm40.prj ./scratch/fbfm40.bsq.aux.xml
/usr/bin/gdal_translate -of ENVI -co "INTERLEAVE=BSQ" ./inputs/fbfm40.tif ./scratch/fbfm40.bsq
Input file size is 600, 600
0...10...20...30...40...50...60...70...80...90...100 - done.
/bin/rm -f ./scratch/slp.bsq ./scratch/slp.hdr ./scratch/slp.prj ./scratch/slp.bsq.aux.xml
/usr/bin/gdal_translate -of ENVI -co "INTERLEAVE=BSQ" ./inputs/slp.tif ./scratch/slp.bsq
Input file size is 600, 600
0...10...20...30...40...50...60...70...80...90...100 - done.
/bin/rm -f ./scratch/adj.bsq ./scratch/adj.hdr ./scratch/adj.prj ./scratch/adj.bsq.aux.xml
/usr/bin/gdal_translate -of ENVI -co "INTERLEAVE=BSQ" ./inputs/adj.tif ./scratch/adj.bsq
Input file size is 600, 600
0...10...20...30...40...50...60...70...80...90...100 - done.
/bin/rm -f ./scratch/phi.bsq ./scratch/phi.hdr ./scratch/phi.prj ./scratch/phi.bsq.aux.xml
/usr/bin/gdal_translate -of ENVI -co "INTERLEAVE=BSQ" ./inputs/phi.tif ./scratch/phi.bsq
Input file size is 600, 600
0...10...20...30...40...50...60...70...80...90...100 - done.
 Allocating additional rasters
 Setting up shared memory, part 2
 Setting up statistics arrays
 ELMFIRE is running each ensemble member
Meteorology band      1: Case #       1 complete.  Fire area:   4208.1 acres.
 End of simulation reached successfully. Shutting down.
+ for f in $OUTPUTS_DIR/*.bil
++ basename ./outputs_C20.0_W23/flin_0000001_0043236.bil
++ cut -d. -f1
+ gdal_translate -a_srs 'EPSG: 32610' -co COMPRESS=DEFLATE -co ZLEVEL=9 ./outputs_C20.0_W23/flin_0000001_0043236.bil ./outputs_C20.0_W23/flin_0000001_0043236.tif
Input file size is 600, 600
0...10...20...30...40...50...60...70...80...90...100 - done.
+ for f in $OUTPUTS_DIR/*.bil
++ basename ./outputs_C20.0_W23/time_of_arrival_0000001_0043236.bil
++ cut -d. -f1
+ gdal_translate -a_srs 'EPSG: 32610' -co COMPRESS=DEFLATE -co ZLEVEL=9 ./outputs_C20.0_W23/time_of_arrival_0000001_0043236.bil ./outputs_C20.0_W23/time_of_arrival_0000001_0043236.tif
Input file size is 600, 600
0...10...20...30...40...50...60...70...80...90...100 - done.
+ for f in $OUTPUTS_DIR/*.bil
++ basename ./outputs_C20.0_W23/vs_0000001_0043236.bil
++ cut -d. -f1
+ gdal_translate -a_srs 'EPSG: 32610' -co COMPRESS=DEFLATE -co ZLEVEL=9 ./outputs_C20.0_W23/vs_0000001_0043236.bil ./outputs_C20.0_W23/vs_0000001_0043236.tif
Input file size is 600, 600
0...10...20...30...40...50...60...70...80...90...100 - done.
+ rm -f -r ./outputs_C20.0_W23/fire_size_stats.csv ./outputs_C20.0_W23/timings_firelabserver.csv ./outputs_C20.0_W23/flin_0000001_0043236.bil ./outputs_C20.0_W23/time_of_arrival_0000001_0043236.bil ./outputs_C20.0_W23/vs_0000001_0043236.bil ./outputs_C20.0_W23/flin_0000001_0043236.hdr ./outputs_C20.0_W23/time_of_arrival_0000001_0043236.hdr ./outputs_C20.0_W23/vs_0000001_0043236.hdr ./inputs/ws.tif
+ for WIND_SPEED in $(seq 0 1 30)
+ OUTPUTS_DIR=./outputs_C20.0_W24
+ replace_line OUTPUTS_DIRECTORY ./outputs_C20.0_W24 yes
+ MATCH_PATTERN=OUTPUTS_DIRECTORY
+ NEW_VALUE=./outputs_C20.0_W24
+ IS_STRING=yes
++ grep -n OUTPUTS_DIRECTORY ./inputs/elmfire.data
++ cut -d: -f1
+ LINE=25
+ sed -i '25 d' ./inputs/elmfire.data
+ '[' yes = yes ']'
+ sed -i '25 i OUTPUTS_DIRECTORY = '\''./outputs_C20.0_W24'\''' ./inputs/elmfire.data
+ '[' -d ./outputs_C20.0_W24 ']'
+ mkdir ./outputs_C20.0_W24
+ gdal_calc.py -A ./scratch/float.tif --co=COMPRESS=DEFLATE --co=ZLEVEL=9 --NoDataValue=-9999 --outfile=./inputs/ws.tif '--calc=A + 24'
0...10...20...30...40...50...60...70...80...90...100 - done.
+ /home/dwip/binYiren_SU2/elmfire_2024.0916 ./inputs/elmfire.data
 ELMFIRE 2024.0916
 Reading &MISCELLANEOUS namelist group
 Reading &INPUTS namelist group
 Reading &OUTPUTS namelist group
 Reading &COMPUTATIONAL_DOMAIN namelist group
 Reading &TIME_CONTROL namelist group
 Reading &SIMULATOR namelist group
 Reading &WUI namelist group
 Reading &CALIBRATION namelist group
 Reading &SUPPRESSION namelist group
 Reading &SPOTTING namelist group
 Reading &SMOKE namelist group
 Reading &MONTE_CARLO namelist group
 Reading headers for fuels/topography and weather rasters
/usr/bin/gdal_translate -of ENVI -co "INTERLEAVE=BSQ" ./inputs/asp.tif ./scratch/asp.bsq
Input file size is 600, 600
0...10...20...30...40...50...60...70...80...90...100 - done.
/usr/bin/gdal_translate -of ENVI -co "INTERLEAVE=BSQ" ./inputs/ws.tif ./scratch/ws.bsq
Input file size is 600, 600
0...10...20...30...40...50...60...70...80...90...100 - done.
 Setting up shared memory, part 1
 Reading weather, fuel, and topography rasters
/bin/rm -f ./scratch/ws.bsq ./scratch/ws.hdr ./scratch/ws.prj ./scratch/ws.bsq.aux.xml
/usr/bin/gdal_translate -of ENVI -co "INTERLEAVE=BSQ" ./inputs/ws.tif ./scratch/ws.bsq
Input file size is 600, 600
0...10...20...30...40...50...60...70...80...90...100 - done.
/bin/rm -f ./scratch/wd.bsq ./scratch/wd.hdr ./scratch/wd.prj ./scratch/wd.bsq.aux.xml
/usr/bin/gdal_translate -of ENVI -co "INTERLEAVE=BSQ" ./inputs/wd.tif ./scratch/wd.bsq
Input file size is 600, 600
0...10...20...30...40...50...60...70...80...90...100 - done.
/bin/rm -f ./scratch/m1.bsq ./scratch/m1.hdr ./scratch/m1.prj ./scratch/m1.bsq.aux.xml
/usr/bin/gdal_translate -of ENVI -co "INTERLEAVE=BSQ" ./inputs/m1.tif ./scratch/m1.bsq
Input file size is 600, 600
0...10...20...30...40...50...60...70...80...90...100 - done.
/bin/rm -f ./scratch/m10.bsq ./scratch/m10.hdr ./scratch/m10.prj ./scratch/m10.bsq.aux.xml
/usr/bin/gdal_translate -of ENVI -co "INTERLEAVE=BSQ" ./inputs/m10.tif ./scratch/m10.bsq
Input file size is 600, 600
0...10...20...30...40...50...60...70...80...90...100 - done.
/bin/rm -f ./scratch/m100.bsq ./scratch/m100.hdr ./scratch/m100.prj ./scratch/m100.bsq.aux.xml
/usr/bin/gdal_translate -of ENVI -co "INTERLEAVE=BSQ" ./inputs/m100.tif ./scratch/m100.bsq
Input file size is 600, 600
0...10...20...30...40...50...60...70...80...90...100 - done.
 Reading fuel and topography rasters
/bin/rm -f ./scratch/asp.bsq ./scratch/asp.hdr ./scratch/asp.prj ./scratch/asp.bsq.aux.xml
/usr/bin/gdal_translate -of ENVI -co "INTERLEAVE=BSQ" ./inputs/asp.tif ./scratch/asp.bsq
Input file size is 600, 600
0...10...20...30...40...50...60...70...80...90...100 - done.
/bin/rm -f ./scratch/cbh.bsq ./scratch/cbh.hdr ./scratch/cbh.prj ./scratch/cbh.bsq.aux.xml
/usr/bin/gdal_translate -of ENVI -co "INTERLEAVE=BSQ" ./inputs/cbh.tif ./scratch/cbh.bsq
Input file size is 600, 600
0...10...20...30...40...50...60...70...80...90...100 - done.
/bin/rm -f ./scratch/cbd.bsq ./scratch/cbd.hdr ./scratch/cbd.prj ./scratch/cbd.bsq.aux.xml
/usr/bin/gdal_translate -of ENVI -co "INTERLEAVE=BSQ" ./inputs/cbd.tif ./scratch/cbd.bsq
Input file size is 600, 600
0...10...20...30...40...50...60...70...80...90...100 - done.
/bin/rm -f ./scratch/cc.bsq ./scratch/cc.hdr ./scratch/cc.prj ./scratch/cc.bsq.aux.xml
/usr/bin/gdal_translate -of ENVI -co "INTERLEAVE=BSQ" ./inputs/cc.tif ./scratch/cc.bsq
Input file size is 600, 600
0...10...20...30...40...50...60...70...80...90...100 - done.
/bin/rm -f ./scratch/ch.bsq ./scratch/ch.hdr ./scratch/ch.prj ./scratch/ch.bsq.aux.xml
/usr/bin/gdal_translate -of ENVI -co "INTERLEAVE=BSQ" ./inputs/ch.tif ./scratch/ch.bsq
Input file size is 600, 600
0...10...20...30...40...50...60...70...80...90...100 - done.
/bin/rm -f ./scratch/dem.bsq ./scratch/dem.hdr ./scratch/dem.prj ./scratch/dem.bsq.aux.xml
/usr/bin/gdal_translate -of ENVI -co "INTERLEAVE=BSQ" ./inputs/dem.tif ./scratch/dem.bsq
Input file size is 600, 600
0...10...20...30...40...50...60...70...80...90...100 - done.
/bin/rm -f ./scratch/fbfm40.bsq ./scratch/fbfm40.hdr ./scratch/fbfm40.prj ./scratch/fbfm40.bsq.aux.xml
/usr/bin/gdal_translate -of ENVI -co "INTERLEAVE=BSQ" ./inputs/fbfm40.tif ./scratch/fbfm40.bsq
Input file size is 600, 600
0...10...20...30...40...50...60...70...80...90...100 - done.
/bin/rm -f ./scratch/slp.bsq ./scratch/slp.hdr ./scratch/slp.prj ./scratch/slp.bsq.aux.xml
/usr/bin/gdal_translate -of ENVI -co "INTERLEAVE=BSQ" ./inputs/slp.tif ./scratch/slp.bsq
Input file size is 600, 600
0...10...20...30...40...50...60...70...80...90...100 - done.
/bin/rm -f ./scratch/adj.bsq ./scratch/adj.hdr ./scratch/adj.prj ./scratch/adj.bsq.aux.xml
/usr/bin/gdal_translate -of ENVI -co "INTERLEAVE=BSQ" ./inputs/adj.tif ./scratch/adj.bsq
Input file size is 600, 600
0...10...20...30...40...50...60...70...80...90...100 - done.
/bin/rm -f ./scratch/phi.bsq ./scratch/phi.hdr ./scratch/phi.prj ./scratch/phi.bsq.aux.xml
/usr/bin/gdal_translate -of ENVI -co "INTERLEAVE=BSQ" ./inputs/phi.tif ./scratch/phi.bsq
Input file size is 600, 600
0...10...20...30...40...50...60...70...80...90...100 - done.
 Allocating additional rasters
 Setting up shared memory, part 2
 Setting up statistics arrays
 ELMFIRE is running each ensemble member
Meteorology band      1: Case #       1 complete.  Fire area:   5021.3 acres.
 End of simulation reached successfully. Shutting down.
+ for f in $OUTPUTS_DIR/*.bil
++ basename ./outputs_C20.0_W24/flin_0000001_0043233.bil
++ cut -d. -f1
+ gdal_translate -a_srs 'EPSG: 32610' -co COMPRESS=DEFLATE -co ZLEVEL=9 ./outputs_C20.0_W24/flin_0000001_0043233.bil ./outputs_C20.0_W24/flin_0000001_0043233.tif
Input file size is 600, 600
0...10...20...30...40...50...60...70...80...90...100 - done.
+ for f in $OUTPUTS_DIR/*.bil
++ basename ./outputs_C20.0_W24/time_of_arrival_0000001_0043233.bil
++ cut -d. -f1
+ gdal_translate -a_srs 'EPSG: 32610' -co COMPRESS=DEFLATE -co ZLEVEL=9 ./outputs_C20.0_W24/time_of_arrival_0000001_0043233.bil ./outputs_C20.0_W24/time_of_arrival_0000001_0043233.tif
Input file size is 600, 600
0...10...20...30...40...50...60...70...80...90...100 - done.
+ for f in $OUTPUTS_DIR/*.bil
++ basename ./outputs_C20.0_W24/vs_0000001_0043233.bil
++ cut -d. -f1
+ gdal_translate -a_srs 'EPSG: 32610' -co COMPRESS=DEFLATE -co ZLEVEL=9 ./outputs_C20.0_W24/vs_0000001_0043233.bil ./outputs_C20.0_W24/vs_0000001_0043233.tif
Input file size is 600, 600
0...10...20...30...40...50...60...70...80...90...100 - done.
+ rm -f -r ./outputs_C20.0_W24/fire_size_stats.csv ./outputs_C20.0_W24/timings_firelabserver.csv ./outputs_C20.0_W24/flin_0000001_0043233.bil ./outputs_C20.0_W24/time_of_arrival_0000001_0043233.bil ./outputs_C20.0_W24/vs_0000001_0043233.bil ./outputs_C20.0_W24/flin_0000001_0043233.hdr ./outputs_C20.0_W24/time_of_arrival_0000001_0043233.hdr ./outputs_C20.0_W24/vs_0000001_0043233.hdr ./inputs/ws.tif
+ for WIND_SPEED in $(seq 0 1 30)
+ OUTPUTS_DIR=./outputs_C20.0_W25
+ replace_line OUTPUTS_DIRECTORY ./outputs_C20.0_W25 yes
+ MATCH_PATTERN=OUTPUTS_DIRECTORY
+ NEW_VALUE=./outputs_C20.0_W25
+ IS_STRING=yes
++ grep -n OUTPUTS_DIRECTORY ./inputs/elmfire.data
++ cut -d: -f1
+ LINE=25
+ sed -i '25 d' ./inputs/elmfire.data
+ '[' yes = yes ']'
+ sed -i '25 i OUTPUTS_DIRECTORY = '\''./outputs_C20.0_W25'\''' ./inputs/elmfire.data
+ '[' -d ./outputs_C20.0_W25 ']'
+ mkdir ./outputs_C20.0_W25
+ gdal_calc.py -A ./scratch/float.tif --co=COMPRESS=DEFLATE --co=ZLEVEL=9 --NoDataValue=-9999 --outfile=./inputs/ws.tif '--calc=A + 25'
0...10...20...30...40...50...60...70...80...90...100 - done.
+ /home/dwip/binYiren_SU2/elmfire_2024.0916 ./inputs/elmfire.data
 ELMFIRE 2024.0916
 Reading &MISCELLANEOUS namelist group
 Reading &INPUTS namelist group
 Reading &OUTPUTS namelist group
 Reading &COMPUTATIONAL_DOMAIN namelist group
 Reading &TIME_CONTROL namelist group
 Reading &SIMULATOR namelist group
 Reading &WUI namelist group
 Reading &CALIBRATION namelist group
 Reading &SUPPRESSION namelist group
 Reading &SPOTTING namelist group
 Reading &SMOKE namelist group
 Reading &MONTE_CARLO namelist group
 Reading headers for fuels/topography and weather rasters
/usr/bin/gdal_translate -of ENVI -co "INTERLEAVE=BSQ" ./inputs/asp.tif ./scratch/asp.bsq
Input file size is 600, 600
0...10...20...30...40...50...60...70...80...90...100 - done.
/usr/bin/gdal_translate -of ENVI -co "INTERLEAVE=BSQ" ./inputs/ws.tif ./scratch/ws.bsq
Input file size is 600, 600
0...10...20...30...40...50...60...70...80...90...100 - done.
 Setting up shared memory, part 1
 Reading weather, fuel, and topography rasters
/bin/rm -f ./scratch/ws.bsq ./scratch/ws.hdr ./scratch/ws.prj ./scratch/ws.bsq.aux.xml
/usr/bin/gdal_translate -of ENVI -co "INTERLEAVE=BSQ" ./inputs/ws.tif ./scratch/ws.bsq
Input file size is 600, 600
0...10...20...30...40...50...60...70...80...90...100 - done.
/bin/rm -f ./scratch/wd.bsq ./scratch/wd.hdr ./scratch/wd.prj ./scratch/wd.bsq.aux.xml
/usr/bin/gdal_translate -of ENVI -co "INTERLEAVE=BSQ" ./inputs/wd.tif ./scratch/wd.bsq
Input file size is 600, 600
0...10...20...30...40...50...60...70...80...90...100 - done.
/bin/rm -f ./scratch/m1.bsq ./scratch/m1.hdr ./scratch/m1.prj ./scratch/m1.bsq.aux.xml
/usr/bin/gdal_translate -of ENVI -co "INTERLEAVE=BSQ" ./inputs/m1.tif ./scratch/m1.bsq
Input file size is 600, 600
0...10...20...30...40...50...60...70...80...90...100 - done.
/bin/rm -f ./scratch/m10.bsq ./scratch/m10.hdr ./scratch/m10.prj ./scratch/m10.bsq.aux.xml
/usr/bin/gdal_translate -of ENVI -co "INTERLEAVE=BSQ" ./inputs/m10.tif ./scratch/m10.bsq
Input file size is 600, 600
0...10...20...30...40...50...60...70...80...90...100 - done.
/bin/rm -f ./scratch/m100.bsq ./scratch/m100.hdr ./scratch/m100.prj ./scratch/m100.bsq.aux.xml
/usr/bin/gdal_translate -of ENVI -co "INTERLEAVE=BSQ" ./inputs/m100.tif ./scratch/m100.bsq
Input file size is 600, 600
0...10...20...30...40...50...60...70...80...90...100 - done.
 Reading fuel and topography rasters
/bin/rm -f ./scratch/asp.bsq ./scratch/asp.hdr ./scratch/asp.prj ./scratch/asp.bsq.aux.xml
/usr/bin/gdal_translate -of ENVI -co "INTERLEAVE=BSQ" ./inputs/asp.tif ./scratch/asp.bsq
Input file size is 600, 600
0...10...20...30...40...50...60...70...80...90...100 - done.
/bin/rm -f ./scratch/cbh.bsq ./scratch/cbh.hdr ./scratch/cbh.prj ./scratch/cbh.bsq.aux.xml
/usr/bin/gdal_translate -of ENVI -co "INTERLEAVE=BSQ" ./inputs/cbh.tif ./scratch/cbh.bsq
Input file size is 600, 600
0...10...20...30...40...50...60...70...80...90...100 - done.
/bin/rm -f ./scratch/cbd.bsq ./scratch/cbd.hdr ./scratch/cbd.prj ./scratch/cbd.bsq.aux.xml
/usr/bin/gdal_translate -of ENVI -co "INTERLEAVE=BSQ" ./inputs/cbd.tif ./scratch/cbd.bsq
Input file size is 600, 600
0...10...20...30...40...50...60...70...80...90...100 - done.
/bin/rm -f ./scratch/cc.bsq ./scratch/cc.hdr ./scratch/cc.prj ./scratch/cc.bsq.aux.xml
/usr/bin/gdal_translate -of ENVI -co "INTERLEAVE=BSQ" ./inputs/cc.tif ./scratch/cc.bsq
Input file size is 600, 600
0...10...20...30...40...50...60...70...80...90...100 - done.
/bin/rm -f ./scratch/ch.bsq ./scratch/ch.hdr ./scratch/ch.prj ./scratch/ch.bsq.aux.xml
/usr/bin/gdal_translate -of ENVI -co "INTERLEAVE=BSQ" ./inputs/ch.tif ./scratch/ch.bsq
Input file size is 600, 600
0...10...20...30...40...50...60...70...80...90...100 - done.
/bin/rm -f ./scratch/dem.bsq ./scratch/dem.hdr ./scratch/dem.prj ./scratch/dem.bsq.aux.xml
/usr/bin/gdal_translate -of ENVI -co "INTERLEAVE=BSQ" ./inputs/dem.tif ./scratch/dem.bsq
Input file size is 600, 600
0...10...20...30...40...50...60...70...80...90...100 - done.
/bin/rm -f ./scratch/fbfm40.bsq ./scratch/fbfm40.hdr ./scratch/fbfm40.prj ./scratch/fbfm40.bsq.aux.xml
/usr/bin/gdal_translate -of ENVI -co "INTERLEAVE=BSQ" ./inputs/fbfm40.tif ./scratch/fbfm40.bsq
Input file size is 600, 600
0...10...20...30...40...50...60...70...80...90...100 - done.
/bin/rm -f ./scratch/slp.bsq ./scratch/slp.hdr ./scratch/slp.prj ./scratch/slp.bsq.aux.xml
/usr/bin/gdal_translate -of ENVI -co "INTERLEAVE=BSQ" ./inputs/slp.tif ./scratch/slp.bsq
Input file size is 600, 600
0...10...20...30...40...50...60...70...80...90...100 - done.
/bin/rm -f ./scratch/adj.bsq ./scratch/adj.hdr ./scratch/adj.prj ./scratch/adj.bsq.aux.xml
/usr/bin/gdal_translate -of ENVI -co "INTERLEAVE=BSQ" ./inputs/adj.tif ./scratch/adj.bsq
Input file size is 600, 600
0...10...20...30...40...50...60...70...80...90...100 - done.
/bin/rm -f ./scratch/phi.bsq ./scratch/phi.hdr ./scratch/phi.prj ./scratch/phi.bsq.aux.xml
/usr/bin/gdal_translate -of ENVI -co "INTERLEAVE=BSQ" ./inputs/phi.tif ./scratch/phi.bsq
Input file size is 600, 600
0...10...20...30...40...50...60...70...80...90...100 - done.
 Allocating additional rasters
 Setting up shared memory, part 2
 Setting up statistics arrays
 ELMFIRE is running each ensemble member
Meteorology band      1: Case #       1 complete.  Fire area:   4470.7 acres.
 End of simulation reached successfully. Shutting down.
+ for f in $OUTPUTS_DIR/*.bil
++ basename ./outputs_C20.0_W25/flin_0000001_0043235.bil
++ cut -d. -f1
+ gdal_translate -a_srs 'EPSG: 32610' -co COMPRESS=DEFLATE -co ZLEVEL=9 ./outputs_C20.0_W25/flin_0000001_0043235.bil ./outputs_C20.0_W25/flin_0000001_0043235.tif
Input file size is 600, 600
0...10...20...30...40...50...60...70...80...90...100 - done.
+ for f in $OUTPUTS_DIR/*.bil
++ basename ./outputs_C20.0_W25/time_of_arrival_0000001_0043235.bil
++ cut -d. -f1
+ gdal_translate -a_srs 'EPSG: 32610' -co COMPRESS=DEFLATE -co ZLEVEL=9 ./outputs_C20.0_W25/time_of_arrival_0000001_0043235.bil ./outputs_C20.0_W25/time_of_arrival_0000001_0043235.tif
Input file size is 600, 600
0...10...20...30...40...50...60...70...80...90...100 - done.
+ for f in $OUTPUTS_DIR/*.bil
++ basename ./outputs_C20.0_W25/vs_0000001_0043235.bil
++ cut -d. -f1
+ gdal_translate -a_srs 'EPSG: 32610' -co COMPRESS=DEFLATE -co ZLEVEL=9 ./outputs_C20.0_W25/vs_0000001_0043235.bil ./outputs_C20.0_W25/vs_0000001_0043235.tif
Input file size is 600, 600
0...10...20...30...40...50...60...70...80...90...100 - done.
+ rm -f -r ./outputs_C20.0_W25/fire_size_stats.csv ./outputs_C20.0_W25/timings_firelabserver.csv ./outputs_C20.0_W25/flin_0000001_0043235.bil ./outputs_C20.0_W25/time_of_arrival_0000001_0043235.bil ./outputs_C20.0_W25/vs_0000001_0043235.bil ./outputs_C20.0_W25/flin_0000001_0043235.hdr ./outputs_C20.0_W25/time_of_arrival_0000001_0043235.hdr ./outputs_C20.0_W25/vs_0000001_0043235.hdr ./inputs/ws.tif
+ for WIND_SPEED in $(seq 0 1 30)
+ OUTPUTS_DIR=./outputs_C20.0_W26
+ replace_line OUTPUTS_DIRECTORY ./outputs_C20.0_W26 yes
+ MATCH_PATTERN=OUTPUTS_DIRECTORY
+ NEW_VALUE=./outputs_C20.0_W26
+ IS_STRING=yes
++ grep -n OUTPUTS_DIRECTORY ./inputs/elmfire.data
++ cut -d: -f1
+ LINE=25
+ sed -i '25 d' ./inputs/elmfire.data
+ '[' yes = yes ']'
+ sed -i '25 i OUTPUTS_DIRECTORY = '\''./outputs_C20.0_W26'\''' ./inputs/elmfire.data
+ '[' -d ./outputs_C20.0_W26 ']'
+ mkdir ./outputs_C20.0_W26
+ gdal_calc.py -A ./scratch/float.tif --co=COMPRESS=DEFLATE --co=ZLEVEL=9 --NoDataValue=-9999 --outfile=./inputs/ws.tif '--calc=A + 26'
0...10...20...30...40...50...60...70...80...90...100 - done.
+ /home/dwip/binYiren_SU2/elmfire_2024.0916 ./inputs/elmfire.data
 ELMFIRE 2024.0916
 Reading &MISCELLANEOUS namelist group
 Reading &INPUTS namelist group
 Reading &OUTPUTS namelist group
 Reading &COMPUTATIONAL_DOMAIN namelist group
 Reading &TIME_CONTROL namelist group
 Reading &SIMULATOR namelist group
 Reading &WUI namelist group
 Reading &CALIBRATION namelist group
 Reading &SUPPRESSION namelist group
 Reading &SPOTTING namelist group
 Reading &SMOKE namelist group
 Reading &MONTE_CARLO namelist group
 Reading headers for fuels/topography and weather rasters
/usr/bin/gdal_translate -of ENVI -co "INTERLEAVE=BSQ" ./inputs/asp.tif ./scratch/asp.bsq
Input file size is 600, 600
0...10...20...30...40...50...60...70...80...90...100 - done.
/usr/bin/gdal_translate -of ENVI -co "INTERLEAVE=BSQ" ./inputs/ws.tif ./scratch/ws.bsq
Input file size is 600, 600
0...10...20...30...40...50...60...70...80...90...100 - done.
 Setting up shared memory, part 1
 Reading weather, fuel, and topography rasters
/bin/rm -f ./scratch/ws.bsq ./scratch/ws.hdr ./scratch/ws.prj ./scratch/ws.bsq.aux.xml
/usr/bin/gdal_translate -of ENVI -co "INTERLEAVE=BSQ" ./inputs/ws.tif ./scratch/ws.bsq
Input file size is 600, 600
0...10...20...30...40...50...60...70...80...90...100 - done.
/bin/rm -f ./scratch/wd.bsq ./scratch/wd.hdr ./scratch/wd.prj ./scratch/wd.bsq.aux.xml
/usr/bin/gdal_translate -of ENVI -co "INTERLEAVE=BSQ" ./inputs/wd.tif ./scratch/wd.bsq
Input file size is 600, 600
0...10...20...30...40...50...60...70...80...90...100 - done.
/bin/rm -f ./scratch/m1.bsq ./scratch/m1.hdr ./scratch/m1.prj ./scratch/m1.bsq.aux.xml
/usr/bin/gdal_translate -of ENVI -co "INTERLEAVE=BSQ" ./inputs/m1.tif ./scratch/m1.bsq
Input file size is 600, 600
0...10...20...30...40...50...60...70...80...90...100 - done.
/bin/rm -f ./scratch/m10.bsq ./scratch/m10.hdr ./scratch/m10.prj ./scratch/m10.bsq.aux.xml
/usr/bin/gdal_translate -of ENVI -co "INTERLEAVE=BSQ" ./inputs/m10.tif ./scratch/m10.bsq
Input file size is 600, 600
0...10...20...30...40...50...60...70...80...90...100 - done.
/bin/rm -f ./scratch/m100.bsq ./scratch/m100.hdr ./scratch/m100.prj ./scratch/m100.bsq.aux.xml
/usr/bin/gdal_translate -of ENVI -co "INTERLEAVE=BSQ" ./inputs/m100.tif ./scratch/m100.bsq
Input file size is 600, 600
0...10...20...30...40...50...60...70...80...90...100 - done.
 Reading fuel and topography rasters
/bin/rm -f ./scratch/asp.bsq ./scratch/asp.hdr ./scratch/asp.prj ./scratch/asp.bsq.aux.xml
/usr/bin/gdal_translate -of ENVI -co "INTERLEAVE=BSQ" ./inputs/asp.tif ./scratch/asp.bsq
Input file size is 600, 600
0...10...20...30...40...50...60...70...80...90...100 - done.
/bin/rm -f ./scratch/cbh.bsq ./scratch/cbh.hdr ./scratch/cbh.prj ./scratch/cbh.bsq.aux.xml
/usr/bin/gdal_translate -of ENVI -co "INTERLEAVE=BSQ" ./inputs/cbh.tif ./scratch/cbh.bsq
Input file size is 600, 600
0...10...20...30...40...50...60...70...80...90...100 - done.
/bin/rm -f ./scratch/cbd.bsq ./scratch/cbd.hdr ./scratch/cbd.prj ./scratch/cbd.bsq.aux.xml
/usr/bin/gdal_translate -of ENVI -co "INTERLEAVE=BSQ" ./inputs/cbd.tif ./scratch/cbd.bsq
Input file size is 600, 600
0...10...20...30...40...50...60...70...80...90...100 - done.
/bin/rm -f ./scratch/cc.bsq ./scratch/cc.hdr ./scratch/cc.prj ./scratch/cc.bsq.aux.xml
/usr/bin/gdal_translate -of ENVI -co "INTERLEAVE=BSQ" ./inputs/cc.tif ./scratch/cc.bsq
Input file size is 600, 600
0...10...20...30...40...50...60...70...80...90...100 - done.
/bin/rm -f ./scratch/ch.bsq ./scratch/ch.hdr ./scratch/ch.prj ./scratch/ch.bsq.aux.xml
/usr/bin/gdal_translate -of ENVI -co "INTERLEAVE=BSQ" ./inputs/ch.tif ./scratch/ch.bsq
Input file size is 600, 600
0...10...20...30...40...50...60...70...80...90...100 - done.
/bin/rm -f ./scratch/dem.bsq ./scratch/dem.hdr ./scratch/dem.prj ./scratch/dem.bsq.aux.xml
/usr/bin/gdal_translate -of ENVI -co "INTERLEAVE=BSQ" ./inputs/dem.tif ./scratch/dem.bsq
Input file size is 600, 600
0...10...20...30...40...50...60...70...80...90...100 - done.
/bin/rm -f ./scratch/fbfm40.bsq ./scratch/fbfm40.hdr ./scratch/fbfm40.prj ./scratch/fbfm40.bsq.aux.xml
/usr/bin/gdal_translate -of ENVI -co "INTERLEAVE=BSQ" ./inputs/fbfm40.tif ./scratch/fbfm40.bsq
Input file size is 600, 600
0...10...20...30...40...50...60...70...80...90...100 - done.
/bin/rm -f ./scratch/slp.bsq ./scratch/slp.hdr ./scratch/slp.prj ./scratch/slp.bsq.aux.xml
/usr/bin/gdal_translate -of ENVI -co "INTERLEAVE=BSQ" ./inputs/slp.tif ./scratch/slp.bsq
Input file size is 600, 600
0...10...20...30...40...50...60...70...80...90...100 - done.
/bin/rm -f ./scratch/adj.bsq ./scratch/adj.hdr ./scratch/adj.prj ./scratch/adj.bsq.aux.xml
/usr/bin/gdal_translate -of ENVI -co "INTERLEAVE=BSQ" ./inputs/adj.tif ./scratch/adj.bsq
Input file size is 600, 600
0...10...20...30...40...50...60...70...80...90...100 - done.
/bin/rm -f ./scratch/phi.bsq ./scratch/phi.hdr ./scratch/phi.prj ./scratch/phi.bsq.aux.xml
/usr/bin/gdal_translate -of ENVI -co "INTERLEAVE=BSQ" ./inputs/phi.tif ./scratch/phi.bsq
Input file size is 600, 600
0...10...20...30...40...50...60...70...80...90...100 - done.
 Allocating additional rasters
 Setting up shared memory, part 2
 Setting up statistics arrays
 ELMFIRE is running each ensemble member
Meteorology band      1: Case #       1 complete.  Fire area:   4466.3 acres.
 End of simulation reached successfully. Shutting down.
+ for f in $OUTPUTS_DIR/*.bil
++ basename ./outputs_C20.0_W26/flin_0000001_0043248.bil
++ cut -d. -f1
+ gdal_translate -a_srs 'EPSG: 32610' -co COMPRESS=DEFLATE -co ZLEVEL=9 ./outputs_C20.0_W26/flin_0000001_0043248.bil ./outputs_C20.0_W26/flin_0000001_0043248.tif
Input file size is 600, 600
0...10...20...30...40...50...60...70...80...90...100 - done.
+ for f in $OUTPUTS_DIR/*.bil
++ basename ./outputs_C20.0_W26/time_of_arrival_0000001_0043248.bil
++ cut -d. -f1
+ gdal_translate -a_srs 'EPSG: 32610' -co COMPRESS=DEFLATE -co ZLEVEL=9 ./outputs_C20.0_W26/time_of_arrival_0000001_0043248.bil ./outputs_C20.0_W26/time_of_arrival_0000001_0043248.tif
Input file size is 600, 600
0...10...20...30...40...50...60...70...80...90...100 - done.
+ for f in $OUTPUTS_DIR/*.bil
++ basename ./outputs_C20.0_W26/vs_0000001_0043248.bil
++ cut -d. -f1
+ gdal_translate -a_srs 'EPSG: 32610' -co COMPRESS=DEFLATE -co ZLEVEL=9 ./outputs_C20.0_W26/vs_0000001_0043248.bil ./outputs_C20.0_W26/vs_0000001_0043248.tif
Input file size is 600, 600
0...10...20...30...40...50...60...70...80...90...100 - done.
+ rm -f -r ./outputs_C20.0_W26/fire_size_stats.csv ./outputs_C20.0_W26/timings_firelabserver.csv ./outputs_C20.0_W26/flin_0000001_0043248.bil ./outputs_C20.0_W26/time_of_arrival_0000001_0043248.bil ./outputs_C20.0_W26/vs_0000001_0043248.bil ./outputs_C20.0_W26/flin_0000001_0043248.hdr ./outputs_C20.0_W26/time_of_arrival_0000001_0043248.hdr ./outputs_C20.0_W26/vs_0000001_0043248.hdr ./inputs/ws.tif
+ for WIND_SPEED in $(seq 0 1 30)
+ OUTPUTS_DIR=./outputs_C20.0_W27
+ replace_line OUTPUTS_DIRECTORY ./outputs_C20.0_W27 yes
+ MATCH_PATTERN=OUTPUTS_DIRECTORY
+ NEW_VALUE=./outputs_C20.0_W27
+ IS_STRING=yes
++ grep -n OUTPUTS_DIRECTORY ./inputs/elmfire.data
++ cut -d: -f1
+ LINE=25
+ sed -i '25 d' ./inputs/elmfire.data
+ '[' yes = yes ']'
+ sed -i '25 i OUTPUTS_DIRECTORY = '\''./outputs_C20.0_W27'\''' ./inputs/elmfire.data
+ '[' -d ./outputs_C20.0_W27 ']'
+ mkdir ./outputs_C20.0_W27
+ gdal_calc.py -A ./scratch/float.tif --co=COMPRESS=DEFLATE --co=ZLEVEL=9 --NoDataValue=-9999 --outfile=./inputs/ws.tif '--calc=A + 27'
0...10...20...30...40...50...60...70...80...90...100 - done.
+ /home/dwip/binYiren_SU2/elmfire_2024.0916 ./inputs/elmfire.data
 ELMFIRE 2024.0916
 Reading &MISCELLANEOUS namelist group
 Reading &INPUTS namelist group
 Reading &OUTPUTS namelist group
 Reading &COMPUTATIONAL_DOMAIN namelist group
 Reading &TIME_CONTROL namelist group
 Reading &SIMULATOR namelist group
 Reading &WUI namelist group
 Reading &CALIBRATION namelist group
 Reading &SUPPRESSION namelist group
 Reading &SPOTTING namelist group
 Reading &SMOKE namelist group
 Reading &MONTE_CARLO namelist group
 Reading headers for fuels/topography and weather rasters
/usr/bin/gdal_translate -of ENVI -co "INTERLEAVE=BSQ" ./inputs/asp.tif ./scratch/asp.bsq
Input file size is 600, 600
0...10...20...30...40...50...60...70...80...90...100 - done.
/usr/bin/gdal_translate -of ENVI -co "INTERLEAVE=BSQ" ./inputs/ws.tif ./scratch/ws.bsq
Input file size is 600, 600
0...10...20...30...40...50...60...70...80...90...100 - done.
 Setting up shared memory, part 1
 Reading weather, fuel, and topography rasters
/bin/rm -f ./scratch/ws.bsq ./scratch/ws.hdr ./scratch/ws.prj ./scratch/ws.bsq.aux.xml
/usr/bin/gdal_translate -of ENVI -co "INTERLEAVE=BSQ" ./inputs/ws.tif ./scratch/ws.bsq
Input file size is 600, 600
0...10...20...30...40...50...60...70...80...90...100 - done.
/bin/rm -f ./scratch/wd.bsq ./scratch/wd.hdr ./scratch/wd.prj ./scratch/wd.bsq.aux.xml
/usr/bin/gdal_translate -of ENVI -co "INTERLEAVE=BSQ" ./inputs/wd.tif ./scratch/wd.bsq
Input file size is 600, 600
0...10...20...30...40...50...60...70...80...90...100 - done.
/bin/rm -f ./scratch/m1.bsq ./scratch/m1.hdr ./scratch/m1.prj ./scratch/m1.bsq.aux.xml
/usr/bin/gdal_translate -of ENVI -co "INTERLEAVE=BSQ" ./inputs/m1.tif ./scratch/m1.bsq
Input file size is 600, 600
0...10...20...30...40...50...60...70...80...90...100 - done.
/bin/rm -f ./scratch/m10.bsq ./scratch/m10.hdr ./scratch/m10.prj ./scratch/m10.bsq.aux.xml
/usr/bin/gdal_translate -of ENVI -co "INTERLEAVE=BSQ" ./inputs/m10.tif ./scratch/m10.bsq
Input file size is 600, 600
0...10...20...30...40...50...60...70...80...90...100 - done.
/bin/rm -f ./scratch/m100.bsq ./scratch/m100.hdr ./scratch/m100.prj ./scratch/m100.bsq.aux.xml
/usr/bin/gdal_translate -of ENVI -co "INTERLEAVE=BSQ" ./inputs/m100.tif ./scratch/m100.bsq
Input file size is 600, 600
0...10...20...30...40...50...60...70...80...90...100 - done.
 Reading fuel and topography rasters
/bin/rm -f ./scratch/asp.bsq ./scratch/asp.hdr ./scratch/asp.prj ./scratch/asp.bsq.aux.xml
/usr/bin/gdal_translate -of ENVI -co "INTERLEAVE=BSQ" ./inputs/asp.tif ./scratch/asp.bsq
Input file size is 600, 600
0...10...20...30...40...50...60...70...80...90...100 - done.
/bin/rm -f ./scratch/cbh.bsq ./scratch/cbh.hdr ./scratch/cbh.prj ./scratch/cbh.bsq.aux.xml
/usr/bin/gdal_translate -of ENVI -co "INTERLEAVE=BSQ" ./inputs/cbh.tif ./scratch/cbh.bsq
Input file size is 600, 600
0...10...20...30...40...50...60...70...80...90...100 - done.
/bin/rm -f ./scratch/cbd.bsq ./scratch/cbd.hdr ./scratch/cbd.prj ./scratch/cbd.bsq.aux.xml
/usr/bin/gdal_translate -of ENVI -co "INTERLEAVE=BSQ" ./inputs/cbd.tif ./scratch/cbd.bsq
Input file size is 600, 600
0...10...20...30...40...50...60...70...80...90...100 - done.
/bin/rm -f ./scratch/cc.bsq ./scratch/cc.hdr ./scratch/cc.prj ./scratch/cc.bsq.aux.xml
/usr/bin/gdal_translate -of ENVI -co "INTERLEAVE=BSQ" ./inputs/cc.tif ./scratch/cc.bsq
Input file size is 600, 600
0...10...20...30...40...50...60...70...80...90...100 - done.
/bin/rm -f ./scratch/ch.bsq ./scratch/ch.hdr ./scratch/ch.prj ./scratch/ch.bsq.aux.xml
/usr/bin/gdal_translate -of ENVI -co "INTERLEAVE=BSQ" ./inputs/ch.tif ./scratch/ch.bsq
Input file size is 600, 600
0...10...20...30...40...50...60...70...80...90...100 - done.
/bin/rm -f ./scratch/dem.bsq ./scratch/dem.hdr ./scratch/dem.prj ./scratch/dem.bsq.aux.xml
/usr/bin/gdal_translate -of ENVI -co "INTERLEAVE=BSQ" ./inputs/dem.tif ./scratch/dem.bsq
Input file size is 600, 600
0...10...20...30...40...50...60...70...80...90...100 - done.
/bin/rm -f ./scratch/fbfm40.bsq ./scratch/fbfm40.hdr ./scratch/fbfm40.prj ./scratch/fbfm40.bsq.aux.xml
/usr/bin/gdal_translate -of ENVI -co "INTERLEAVE=BSQ" ./inputs/fbfm40.tif ./scratch/fbfm40.bsq
Input file size is 600, 600
0...10...20...30...40...50...60...70...80...90...100 - done.
/bin/rm -f ./scratch/slp.bsq ./scratch/slp.hdr ./scratch/slp.prj ./scratch/slp.bsq.aux.xml
/usr/bin/gdal_translate -of ENVI -co "INTERLEAVE=BSQ" ./inputs/slp.tif ./scratch/slp.bsq
Input file size is 600, 600
0...10...20...30...40...50...60...70...80...90...100 - done.
/bin/rm -f ./scratch/adj.bsq ./scratch/adj.hdr ./scratch/adj.prj ./scratch/adj.bsq.aux.xml
/usr/bin/gdal_translate -of ENVI -co "INTERLEAVE=BSQ" ./inputs/adj.tif ./scratch/adj.bsq
Input file size is 600, 600
0...10...20...30...40...50...60...70...80...90...100 - done.
/bin/rm -f ./scratch/phi.bsq ./scratch/phi.hdr ./scratch/phi.prj ./scratch/phi.bsq.aux.xml
/usr/bin/gdal_translate -of ENVI -co "INTERLEAVE=BSQ" ./inputs/phi.tif ./scratch/phi.bsq
Input file size is 600, 600
0...10...20...30...40...50...60...70...80...90...100 - done.
 Allocating additional rasters
 Setting up shared memory, part 2
 Setting up statistics arrays
 ELMFIRE is running each ensemble member
Meteorology band      1: Case #       1 complete.  Fire area:   4801.6 acres.
 End of simulation reached successfully. Shutting down.
+ for f in $OUTPUTS_DIR/*.bil
++ basename ./outputs_C20.0_W27/flin_0000001_0043219.bil
++ cut -d. -f1
+ gdal_translate -a_srs 'EPSG: 32610' -co COMPRESS=DEFLATE -co ZLEVEL=9 ./outputs_C20.0_W27/flin_0000001_0043219.bil ./outputs_C20.0_W27/flin_0000001_0043219.tif
Input file size is 600, 600
0...10...20...30...40...50...60...70...80...90...100 - done.
+ for f in $OUTPUTS_DIR/*.bil
++ basename ./outputs_C20.0_W27/time_of_arrival_0000001_0043219.bil
++ cut -d. -f1
+ gdal_translate -a_srs 'EPSG: 32610' -co COMPRESS=DEFLATE -co ZLEVEL=9 ./outputs_C20.0_W27/time_of_arrival_0000001_0043219.bil ./outputs_C20.0_W27/time_of_arrival_0000001_0043219.tif
Input file size is 600, 600
0...10...20...30...40...50...60...70...80...90...100 - done.
+ for f in $OUTPUTS_DIR/*.bil
++ basename ./outputs_C20.0_W27/vs_0000001_0043219.bil
++ cut -d. -f1
+ gdal_translate -a_srs 'EPSG: 32610' -co COMPRESS=DEFLATE -co ZLEVEL=9 ./outputs_C20.0_W27/vs_0000001_0043219.bil ./outputs_C20.0_W27/vs_0000001_0043219.tif
Input file size is 600, 600
0...10...20...30...40...50...60...70...80...90...100 - done.
+ rm -f -r ./outputs_C20.0_W27/fire_size_stats.csv ./outputs_C20.0_W27/timings_firelabserver.csv ./outputs_C20.0_W27/flin_0000001_0043219.bil ./outputs_C20.0_W27/time_of_arrival_0000001_0043219.bil ./outputs_C20.0_W27/vs_0000001_0043219.bil ./outputs_C20.0_W27/flin_0000001_0043219.hdr ./outputs_C20.0_W27/time_of_arrival_0000001_0043219.hdr ./outputs_C20.0_W27/vs_0000001_0043219.hdr ./inputs/ws.tif
+ for WIND_SPEED in $(seq 0 1 30)
+ OUTPUTS_DIR=./outputs_C20.0_W28
+ replace_line OUTPUTS_DIRECTORY ./outputs_C20.0_W28 yes
+ MATCH_PATTERN=OUTPUTS_DIRECTORY
+ NEW_VALUE=./outputs_C20.0_W28
+ IS_STRING=yes
++ grep -n OUTPUTS_DIRECTORY ./inputs/elmfire.data
++ cut -d: -f1
+ LINE=25
+ sed -i '25 d' ./inputs/elmfire.data
+ '[' yes = yes ']'
+ sed -i '25 i OUTPUTS_DIRECTORY = '\''./outputs_C20.0_W28'\''' ./inputs/elmfire.data
+ '[' -d ./outputs_C20.0_W28 ']'
+ mkdir ./outputs_C20.0_W28
+ gdal_calc.py -A ./scratch/float.tif --co=COMPRESS=DEFLATE --co=ZLEVEL=9 --NoDataValue=-9999 --outfile=./inputs/ws.tif '--calc=A + 28'
0...10...20...30...40...50...60...70...80...90...100 - done.
+ /home/dwip/binYiren_SU2/elmfire_2024.0916 ./inputs/elmfire.data
 ELMFIRE 2024.0916
 Reading &MISCELLANEOUS namelist group
 Reading &INPUTS namelist group
 Reading &OUTPUTS namelist group
 Reading &COMPUTATIONAL_DOMAIN namelist group
 Reading &TIME_CONTROL namelist group
 Reading &SIMULATOR namelist group
 Reading &WUI namelist group
 Reading &CALIBRATION namelist group
 Reading &SUPPRESSION namelist group
 Reading &SPOTTING namelist group
 Reading &SMOKE namelist group
 Reading &MONTE_CARLO namelist group
 Reading headers for fuels/topography and weather rasters
/usr/bin/gdal_translate -of ENVI -co "INTERLEAVE=BSQ" ./inputs/asp.tif ./scratch/asp.bsq
Input file size is 600, 600
0...10...20...30...40...50...60...70...80...90...100 - done.
/usr/bin/gdal_translate -of ENVI -co "INTERLEAVE=BSQ" ./inputs/ws.tif ./scratch/ws.bsq
Input file size is 600, 600
0...10...20...30...40...50...60...70...80...90...100 - done.
 Setting up shared memory, part 1
 Reading weather, fuel, and topography rasters
/bin/rm -f ./scratch/ws.bsq ./scratch/ws.hdr ./scratch/ws.prj ./scratch/ws.bsq.aux.xml
/usr/bin/gdal_translate -of ENVI -co "INTERLEAVE=BSQ" ./inputs/ws.tif ./scratch/ws.bsq
Input file size is 600, 600
0...10...20...30...40...50...60...70...80...90...100 - done.
/bin/rm -f ./scratch/wd.bsq ./scratch/wd.hdr ./scratch/wd.prj ./scratch/wd.bsq.aux.xml
/usr/bin/gdal_translate -of ENVI -co "INTERLEAVE=BSQ" ./inputs/wd.tif ./scratch/wd.bsq
Input file size is 600, 600
0...10...20...30...40...50...60...70...80...90...100 - done.
/bin/rm -f ./scratch/m1.bsq ./scratch/m1.hdr ./scratch/m1.prj ./scratch/m1.bsq.aux.xml
/usr/bin/gdal_translate -of ENVI -co "INTERLEAVE=BSQ" ./inputs/m1.tif ./scratch/m1.bsq
Input file size is 600, 600
0...10...20...30...40...50...60...70...80...90...100 - done.
/bin/rm -f ./scratch/m10.bsq ./scratch/m10.hdr ./scratch/m10.prj ./scratch/m10.bsq.aux.xml
/usr/bin/gdal_translate -of ENVI -co "INTERLEAVE=BSQ" ./inputs/m10.tif ./scratch/m10.bsq
Input file size is 600, 600
0...10...20...30...40...50...60...70...80...90...100 - done.
/bin/rm -f ./scratch/m100.bsq ./scratch/m100.hdr ./scratch/m100.prj ./scratch/m100.bsq.aux.xml
/usr/bin/gdal_translate -of ENVI -co "INTERLEAVE=BSQ" ./inputs/m100.tif ./scratch/m100.bsq
Input file size is 600, 600
0...10...20...30...40...50...60...70...80...90...100 - done.
 Reading fuel and topography rasters
/bin/rm -f ./scratch/asp.bsq ./scratch/asp.hdr ./scratch/asp.prj ./scratch/asp.bsq.aux.xml
/usr/bin/gdal_translate -of ENVI -co "INTERLEAVE=BSQ" ./inputs/asp.tif ./scratch/asp.bsq
Input file size is 600, 600
0...10...20...30...40...50...60...70...80...90...100 - done.
/bin/rm -f ./scratch/cbh.bsq ./scratch/cbh.hdr ./scratch/cbh.prj ./scratch/cbh.bsq.aux.xml
/usr/bin/gdal_translate -of ENVI -co "INTERLEAVE=BSQ" ./inputs/cbh.tif ./scratch/cbh.bsq
Input file size is 600, 600
0...10...20...30...40...50...60...70...80...90...100 - done.
/bin/rm -f ./scratch/cbd.bsq ./scratch/cbd.hdr ./scratch/cbd.prj ./scratch/cbd.bsq.aux.xml
/usr/bin/gdal_translate -of ENVI -co "INTERLEAVE=BSQ" ./inputs/cbd.tif ./scratch/cbd.bsq
Input file size is 600, 600
0...10...20...30...40...50...60...70...80...90...100 - done.
/bin/rm -f ./scratch/cc.bsq ./scratch/cc.hdr ./scratch/cc.prj ./scratch/cc.bsq.aux.xml
/usr/bin/gdal_translate -of ENVI -co "INTERLEAVE=BSQ" ./inputs/cc.tif ./scratch/cc.bsq
Input file size is 600, 600
0...10...20...30...40...50...60...70...80...90...100 - done.
/bin/rm -f ./scratch/ch.bsq ./scratch/ch.hdr ./scratch/ch.prj ./scratch/ch.bsq.aux.xml
/usr/bin/gdal_translate -of ENVI -co "INTERLEAVE=BSQ" ./inputs/ch.tif ./scratch/ch.bsq
Input file size is 600, 600
0...10...20...30...40...50...60...70...80...90...100 - done.
/bin/rm -f ./scratch/dem.bsq ./scratch/dem.hdr ./scratch/dem.prj ./scratch/dem.bsq.aux.xml
/usr/bin/gdal_translate -of ENVI -co "INTERLEAVE=BSQ" ./inputs/dem.tif ./scratch/dem.bsq
Input file size is 600, 600
0...10...20...30...40...50...60...70...80...90...100 - done.
/bin/rm -f ./scratch/fbfm40.bsq ./scratch/fbfm40.hdr ./scratch/fbfm40.prj ./scratch/fbfm40.bsq.aux.xml
/usr/bin/gdal_translate -of ENVI -co "INTERLEAVE=BSQ" ./inputs/fbfm40.tif ./scratch/fbfm40.bsq
Input file size is 600, 600
0...10...20...30...40...50...60...70...80...90...100 - done.
/bin/rm -f ./scratch/slp.bsq ./scratch/slp.hdr ./scratch/slp.prj ./scratch/slp.bsq.aux.xml
/usr/bin/gdal_translate -of ENVI -co "INTERLEAVE=BSQ" ./inputs/slp.tif ./scratch/slp.bsq
Input file size is 600, 600
0...10...20...30...40...50...60...70...80...90...100 - done.
/bin/rm -f ./scratch/adj.bsq ./scratch/adj.hdr ./scratch/adj.prj ./scratch/adj.bsq.aux.xml
/usr/bin/gdal_translate -of ENVI -co "INTERLEAVE=BSQ" ./inputs/adj.tif ./scratch/adj.bsq
Input file size is 600, 600
0...10...20...30...40...50...60...70...80...90...100 - done.
/bin/rm -f ./scratch/phi.bsq ./scratch/phi.hdr ./scratch/phi.prj ./scratch/phi.bsq.aux.xml
/usr/bin/gdal_translate -of ENVI -co "INTERLEAVE=BSQ" ./inputs/phi.tif ./scratch/phi.bsq
Input file size is 600, 600
0...10...20...30...40...50...60...70...80...90...100 - done.
 Allocating additional rasters
 Setting up shared memory, part 2
 Setting up statistics arrays
 ELMFIRE is running each ensemble member
Meteorology band      1: Case #       1 complete.  Fire area:   4300.2 acres.
 End of simulation reached successfully. Shutting down.
+ for f in $OUTPUTS_DIR/*.bil
++ basename ./outputs_C20.0_W28/flin_0000001_0043225.bil
++ cut -d. -f1
+ gdal_translate -a_srs 'EPSG: 32610' -co COMPRESS=DEFLATE -co ZLEVEL=9 ./outputs_C20.0_W28/flin_0000001_0043225.bil ./outputs_C20.0_W28/flin_0000001_0043225.tif
Input file size is 600, 600
0...10...20...30...40...50...60...70...80...90...100 - done.
+ for f in $OUTPUTS_DIR/*.bil
++ basename ./outputs_C20.0_W28/time_of_arrival_0000001_0043225.bil
++ cut -d. -f1
+ gdal_translate -a_srs 'EPSG: 32610' -co COMPRESS=DEFLATE -co ZLEVEL=9 ./outputs_C20.0_W28/time_of_arrival_0000001_0043225.bil ./outputs_C20.0_W28/time_of_arrival_0000001_0043225.tif
Input file size is 600, 600
0...10...20...30...40...50...60...70...80...90...100 - done.
+ for f in $OUTPUTS_DIR/*.bil
++ basename ./outputs_C20.0_W28/vs_0000001_0043225.bil
++ cut -d. -f1
+ gdal_translate -a_srs 'EPSG: 32610' -co COMPRESS=DEFLATE -co ZLEVEL=9 ./outputs_C20.0_W28/vs_0000001_0043225.bil ./outputs_C20.0_W28/vs_0000001_0043225.tif
Input file size is 600, 600
0...10...20...30...40...50...60...70...80...90...100 - done.
+ rm -f -r ./outputs_C20.0_W28/fire_size_stats.csv ./outputs_C20.0_W28/timings_firelabserver.csv ./outputs_C20.0_W28/flin_0000001_0043225.bil ./outputs_C20.0_W28/time_of_arrival_0000001_0043225.bil ./outputs_C20.0_W28/vs_0000001_0043225.bil ./outputs_C20.0_W28/flin_0000001_0043225.hdr ./outputs_C20.0_W28/time_of_arrival_0000001_0043225.hdr ./outputs_C20.0_W28/vs_0000001_0043225.hdr ./inputs/ws.tif
+ for WIND_SPEED in $(seq 0 1 30)
+ OUTPUTS_DIR=./outputs_C20.0_W29
+ replace_line OUTPUTS_DIRECTORY ./outputs_C20.0_W29 yes
+ MATCH_PATTERN=OUTPUTS_DIRECTORY
+ NEW_VALUE=./outputs_C20.0_W29
+ IS_STRING=yes
++ grep -n OUTPUTS_DIRECTORY ./inputs/elmfire.data
++ cut -d: -f1
+ LINE=25
+ sed -i '25 d' ./inputs/elmfire.data
+ '[' yes = yes ']'
+ sed -i '25 i OUTPUTS_DIRECTORY = '\''./outputs_C20.0_W29'\''' ./inputs/elmfire.data
+ '[' -d ./outputs_C20.0_W29 ']'
+ mkdir ./outputs_C20.0_W29
+ gdal_calc.py -A ./scratch/float.tif --co=COMPRESS=DEFLATE --co=ZLEVEL=9 --NoDataValue=-9999 --outfile=./inputs/ws.tif '--calc=A + 29'
0...10...20...30...40...50...60...70...80...90...100 - done.
+ /home/dwip/binYiren_SU2/elmfire_2024.0916 ./inputs/elmfire.data
 ELMFIRE 2024.0916
 Reading &MISCELLANEOUS namelist group
 Reading &INPUTS namelist group
 Reading &OUTPUTS namelist group
 Reading &COMPUTATIONAL_DOMAIN namelist group
 Reading &TIME_CONTROL namelist group
 Reading &SIMULATOR namelist group
 Reading &WUI namelist group
 Reading &CALIBRATION namelist group
 Reading &SUPPRESSION namelist group
 Reading &SPOTTING namelist group
 Reading &SMOKE namelist group
 Reading &MONTE_CARLO namelist group
 Reading headers for fuels/topography and weather rasters
/usr/bin/gdal_translate -of ENVI -co "INTERLEAVE=BSQ" ./inputs/asp.tif ./scratch/asp.bsq
Input file size is 600, 600
0...10...20...30...40...50...60...70...80...90...100 - done.
/usr/bin/gdal_translate -of ENVI -co "INTERLEAVE=BSQ" ./inputs/ws.tif ./scratch/ws.bsq
Input file size is 600, 600
0...10...20...30...40...50...60...70...80...90...100 - done.
 Setting up shared memory, part 1
 Reading weather, fuel, and topography rasters
/bin/rm -f ./scratch/ws.bsq ./scratch/ws.hdr ./scratch/ws.prj ./scratch/ws.bsq.aux.xml
/usr/bin/gdal_translate -of ENVI -co "INTERLEAVE=BSQ" ./inputs/ws.tif ./scratch/ws.bsq
Input file size is 600, 600
0...10...20...30...40...50...60...70...80...90...100 - done.
/bin/rm -f ./scratch/wd.bsq ./scratch/wd.hdr ./scratch/wd.prj ./scratch/wd.bsq.aux.xml
/usr/bin/gdal_translate -of ENVI -co "INTERLEAVE=BSQ" ./inputs/wd.tif ./scratch/wd.bsq
Input file size is 600, 600
0...10...20...30...40...50...60...70...80...90...100 - done.
/bin/rm -f ./scratch/m1.bsq ./scratch/m1.hdr ./scratch/m1.prj ./scratch/m1.bsq.aux.xml
/usr/bin/gdal_translate -of ENVI -co "INTERLEAVE=BSQ" ./inputs/m1.tif ./scratch/m1.bsq
Input file size is 600, 600
0...10...20...30...40...50...60...70...80...90...100 - done.
/bin/rm -f ./scratch/m10.bsq ./scratch/m10.hdr ./scratch/m10.prj ./scratch/m10.bsq.aux.xml
/usr/bin/gdal_translate -of ENVI -co "INTERLEAVE=BSQ" ./inputs/m10.tif ./scratch/m10.bsq
Input file size is 600, 600
0...10...20...30...40...50...60...70...80...90...100 - done.
/bin/rm -f ./scratch/m100.bsq ./scratch/m100.hdr ./scratch/m100.prj ./scratch/m100.bsq.aux.xml
/usr/bin/gdal_translate -of ENVI -co "INTERLEAVE=BSQ" ./inputs/m100.tif ./scratch/m100.bsq
Input file size is 600, 600
0...10...20...30...40...50...60...70...80...90...100 - done.
 Reading fuel and topography rasters
/bin/rm -f ./scratch/asp.bsq ./scratch/asp.hdr ./scratch/asp.prj ./scratch/asp.bsq.aux.xml
/usr/bin/gdal_translate -of ENVI -co "INTERLEAVE=BSQ" ./inputs/asp.tif ./scratch/asp.bsq
Input file size is 600, 600
0...10...20...30...40...50...60...70...80...90...100 - done.
/bin/rm -f ./scratch/cbh.bsq ./scratch/cbh.hdr ./scratch/cbh.prj ./scratch/cbh.bsq.aux.xml
/usr/bin/gdal_translate -of ENVI -co "INTERLEAVE=BSQ" ./inputs/cbh.tif ./scratch/cbh.bsq
Input file size is 600, 600
0...10...20...30...40...50...60...70...80...90...100 - done.
/bin/rm -f ./scratch/cbd.bsq ./scratch/cbd.hdr ./scratch/cbd.prj ./scratch/cbd.bsq.aux.xml
/usr/bin/gdal_translate -of ENVI -co "INTERLEAVE=BSQ" ./inputs/cbd.tif ./scratch/cbd.bsq
Input file size is 600, 600
0...10...20...30...40...50...60...70...80...90...100 - done.
/bin/rm -f ./scratch/cc.bsq ./scratch/cc.hdr ./scratch/cc.prj ./scratch/cc.bsq.aux.xml
/usr/bin/gdal_translate -of ENVI -co "INTERLEAVE=BSQ" ./inputs/cc.tif ./scratch/cc.bsq
Input file size is 600, 600
0...10...20...30...40...50...60...70...80...90...100 - done.
/bin/rm -f ./scratch/ch.bsq ./scratch/ch.hdr ./scratch/ch.prj ./scratch/ch.bsq.aux.xml
/usr/bin/gdal_translate -of ENVI -co "INTERLEAVE=BSQ" ./inputs/ch.tif ./scratch/ch.bsq
Input file size is 600, 600
0...10...20...30...40...50...60...70...80...90...100 - done.
/bin/rm -f ./scratch/dem.bsq ./scratch/dem.hdr ./scratch/dem.prj ./scratch/dem.bsq.aux.xml
/usr/bin/gdal_translate -of ENVI -co "INTERLEAVE=BSQ" ./inputs/dem.tif ./scratch/dem.bsq
Input file size is 600, 600
0...10...20...30...40...50...60...70...80...90...100 - done.
/bin/rm -f ./scratch/fbfm40.bsq ./scratch/fbfm40.hdr ./scratch/fbfm40.prj ./scratch/fbfm40.bsq.aux.xml
/usr/bin/gdal_translate -of ENVI -co "INTERLEAVE=BSQ" ./inputs/fbfm40.tif ./scratch/fbfm40.bsq
Input file size is 600, 600
0...10...20...30...40...50...60...70...80...90...100 - done.
/bin/rm -f ./scratch/slp.bsq ./scratch/slp.hdr ./scratch/slp.prj ./scratch/slp.bsq.aux.xml
/usr/bin/gdal_translate -of ENVI -co "INTERLEAVE=BSQ" ./inputs/slp.tif ./scratch/slp.bsq
Input file size is 600, 600
0...10...20...30...40...50...60...70...80...90...100 - done.
/bin/rm -f ./scratch/adj.bsq ./scratch/adj.hdr ./scratch/adj.prj ./scratch/adj.bsq.aux.xml
/usr/bin/gdal_translate -of ENVI -co "INTERLEAVE=BSQ" ./inputs/adj.tif ./scratch/adj.bsq
Input file size is 600, 600
0...10...20...30...40...50...60...70...80...90...100 - done.
/bin/rm -f ./scratch/phi.bsq ./scratch/phi.hdr ./scratch/phi.prj ./scratch/phi.bsq.aux.xml
/usr/bin/gdal_translate -of ENVI -co "INTERLEAVE=BSQ" ./inputs/phi.tif ./scratch/phi.bsq
Input file size is 600, 600
0...10...20...30...40...50...60...70...80...90...100 - done.
 Allocating additional rasters
 Setting up shared memory, part 2
 Setting up statistics arrays
 ELMFIRE is running each ensemble member
Meteorology band      1: Case #       1 complete.  Fire area:   4753.4 acres.
 End of simulation reached successfully. Shutting down.
+ for f in $OUTPUTS_DIR/*.bil
++ basename ./outputs_C20.0_W29/flin_0000001_0043241.bil
++ cut -d. -f1
+ gdal_translate -a_srs 'EPSG: 32610' -co COMPRESS=DEFLATE -co ZLEVEL=9 ./outputs_C20.0_W29/flin_0000001_0043241.bil ./outputs_C20.0_W29/flin_0000001_0043241.tif
Input file size is 600, 600
0...10...20...30...40...50...60...70...80...90...100 - done.
+ for f in $OUTPUTS_DIR/*.bil
++ basename ./outputs_C20.0_W29/time_of_arrival_0000001_0043241.bil
++ cut -d. -f1
+ gdal_translate -a_srs 'EPSG: 32610' -co COMPRESS=DEFLATE -co ZLEVEL=9 ./outputs_C20.0_W29/time_of_arrival_0000001_0043241.bil ./outputs_C20.0_W29/time_of_arrival_0000001_0043241.tif
Input file size is 600, 600
0...10...20...30...40...50...60...70...80...90...100 - done.
+ for f in $OUTPUTS_DIR/*.bil
++ basename ./outputs_C20.0_W29/vs_0000001_0043241.bil
++ cut -d. -f1
+ gdal_translate -a_srs 'EPSG: 32610' -co COMPRESS=DEFLATE -co ZLEVEL=9 ./outputs_C20.0_W29/vs_0000001_0043241.bil ./outputs_C20.0_W29/vs_0000001_0043241.tif
Input file size is 600, 600
0...10...20...30...40...50...60...70...80...90...100 - done.
+ rm -f -r ./outputs_C20.0_W29/fire_size_stats.csv ./outputs_C20.0_W29/timings_firelabserver.csv ./outputs_C20.0_W29/flin_0000001_0043241.bil ./outputs_C20.0_W29/time_of_arrival_0000001_0043241.bil ./outputs_C20.0_W29/vs_0000001_0043241.bil ./outputs_C20.0_W29/flin_0000001_0043241.hdr ./outputs_C20.0_W29/time_of_arrival_0000001_0043241.hdr ./outputs_C20.0_W29/vs_0000001_0043241.hdr ./inputs/ws.tif
+ for WIND_SPEED in $(seq 0 1 30)
+ OUTPUTS_DIR=./outputs_C20.0_W30
+ replace_line OUTPUTS_DIRECTORY ./outputs_C20.0_W30 yes
+ MATCH_PATTERN=OUTPUTS_DIRECTORY
+ NEW_VALUE=./outputs_C20.0_W30
+ IS_STRING=yes
++ grep -n OUTPUTS_DIRECTORY ./inputs/elmfire.data
++ cut -d: -f1
+ LINE=25
+ sed -i '25 d' ./inputs/elmfire.data
+ '[' yes = yes ']'
+ sed -i '25 i OUTPUTS_DIRECTORY = '\''./outputs_C20.0_W30'\''' ./inputs/elmfire.data
+ '[' -d ./outputs_C20.0_W30 ']'
+ mkdir ./outputs_C20.0_W30
+ gdal_calc.py -A ./scratch/float.tif --co=COMPRESS=DEFLATE --co=ZLEVEL=9 --NoDataValue=-9999 --outfile=./inputs/ws.tif '--calc=A + 30'
0...10...20...30...40...50...60...70...80...90...100 - done.
+ /home/dwip/binYiren_SU2/elmfire_2024.0916 ./inputs/elmfire.data
 ELMFIRE 2024.0916
 Reading &MISCELLANEOUS namelist group
 Reading &INPUTS namelist group
 Reading &OUTPUTS namelist group
 Reading &COMPUTATIONAL_DOMAIN namelist group
 Reading &TIME_CONTROL namelist group
 Reading &SIMULATOR namelist group
 Reading &WUI namelist group
 Reading &CALIBRATION namelist group
 Reading &SUPPRESSION namelist group
 Reading &SPOTTING namelist group
 Reading &SMOKE namelist group
 Reading &MONTE_CARLO namelist group
 Reading headers for fuels/topography and weather rasters
/usr/bin/gdal_translate -of ENVI -co "INTERLEAVE=BSQ" ./inputs/asp.tif ./scratch/asp.bsq
Input file size is 600, 600
0...10...20...30...40...50...60...70...80...90...100 - done.
/usr/bin/gdal_translate -of ENVI -co "INTERLEAVE=BSQ" ./inputs/ws.tif ./scratch/ws.bsq
Input file size is 600, 600
0...10...20...30...40...50...60...70...80...90...100 - done.
 Setting up shared memory, part 1
 Reading weather, fuel, and topography rasters
/bin/rm -f ./scratch/ws.bsq ./scratch/ws.hdr ./scratch/ws.prj ./scratch/ws.bsq.aux.xml
/usr/bin/gdal_translate -of ENVI -co "INTERLEAVE=BSQ" ./inputs/ws.tif ./scratch/ws.bsq
Input file size is 600, 600
0...10...20...30...40...50...60...70...80...90...100 - done.
/bin/rm -f ./scratch/wd.bsq ./scratch/wd.hdr ./scratch/wd.prj ./scratch/wd.bsq.aux.xml
/usr/bin/gdal_translate -of ENVI -co "INTERLEAVE=BSQ" ./inputs/wd.tif ./scratch/wd.bsq
Input file size is 600, 600
0...10...20...30...40...50...60...70...80...90...100 - done.
/bin/rm -f ./scratch/m1.bsq ./scratch/m1.hdr ./scratch/m1.prj ./scratch/m1.bsq.aux.xml
/usr/bin/gdal_translate -of ENVI -co "INTERLEAVE=BSQ" ./inputs/m1.tif ./scratch/m1.bsq
Input file size is 600, 600
0...10...20...30...40...50...60...70...80...90...100 - done.
/bin/rm -f ./scratch/m10.bsq ./scratch/m10.hdr ./scratch/m10.prj ./scratch/m10.bsq.aux.xml
/usr/bin/gdal_translate -of ENVI -co "INTERLEAVE=BSQ" ./inputs/m10.tif ./scratch/m10.bsq
Input file size is 600, 600
0...10...20...30...40...50...60...70...80...90...100 - done.
/bin/rm -f ./scratch/m100.bsq ./scratch/m100.hdr ./scratch/m100.prj ./scratch/m100.bsq.aux.xml
/usr/bin/gdal_translate -of ENVI -co "INTERLEAVE=BSQ" ./inputs/m100.tif ./scratch/m100.bsq
Input file size is 600, 600
0...10...20...30...40...50...60...70...80...90...100 - done.
 Reading fuel and topography rasters
/bin/rm -f ./scratch/asp.bsq ./scratch/asp.hdr ./scratch/asp.prj ./scratch/asp.bsq.aux.xml
/usr/bin/gdal_translate -of ENVI -co "INTERLEAVE=BSQ" ./inputs/asp.tif ./scratch/asp.bsq
Input file size is 600, 600
0...10...20...30...40...50...60...70...80...90...100 - done.
/bin/rm -f ./scratch/cbh.bsq ./scratch/cbh.hdr ./scratch/cbh.prj ./scratch/cbh.bsq.aux.xml
/usr/bin/gdal_translate -of ENVI -co "INTERLEAVE=BSQ" ./inputs/cbh.tif ./scratch/cbh.bsq
Input file size is 600, 600
0...10...20...30...40...50...60...70...80...90...100 - done.
/bin/rm -f ./scratch/cbd.bsq ./scratch/cbd.hdr ./scratch/cbd.prj ./scratch/cbd.bsq.aux.xml
/usr/bin/gdal_translate -of ENVI -co "INTERLEAVE=BSQ" ./inputs/cbd.tif ./scratch/cbd.bsq
Input file size is 600, 600
0...10...20...30...40...50...60...70...80...90...100 - done.
/bin/rm -f ./scratch/cc.bsq ./scratch/cc.hdr ./scratch/cc.prj ./scratch/cc.bsq.aux.xml
/usr/bin/gdal_translate -of ENVI -co "INTERLEAVE=BSQ" ./inputs/cc.tif ./scratch/cc.bsq
Input file size is 600, 600
0...10...20...30...40...50...60...70...80...90...100 - done.
/bin/rm -f ./scratch/ch.bsq ./scratch/ch.hdr ./scratch/ch.prj ./scratch/ch.bsq.aux.xml
/usr/bin/gdal_translate -of ENVI -co "INTERLEAVE=BSQ" ./inputs/ch.tif ./scratch/ch.bsq
Input file size is 600, 600
0...10...20...30...40...50...60...70...80...90...100 - done.
/bin/rm -f ./scratch/dem.bsq ./scratch/dem.hdr ./scratch/dem.prj ./scratch/dem.bsq.aux.xml
/usr/bin/gdal_translate -of ENVI -co "INTERLEAVE=BSQ" ./inputs/dem.tif ./scratch/dem.bsq
Input file size is 600, 600
0...10...20...30...40...50...60...70...80...90...100 - done.
/bin/rm -f ./scratch/fbfm40.bsq ./scratch/fbfm40.hdr ./scratch/fbfm40.prj ./scratch/fbfm40.bsq.aux.xml
/usr/bin/gdal_translate -of ENVI -co "INTERLEAVE=BSQ" ./inputs/fbfm40.tif ./scratch/fbfm40.bsq
Input file size is 600, 600
0...10...20...30...40...50...60...70...80...90...100 - done.
/bin/rm -f ./scratch/slp.bsq ./scratch/slp.hdr ./scratch/slp.prj ./scratch/slp.bsq.aux.xml
/usr/bin/gdal_translate -of ENVI -co "INTERLEAVE=BSQ" ./inputs/slp.tif ./scratch/slp.bsq
Input file size is 600, 600
0...10...20...30...40...50...60...70...80...90...100 - done.
/bin/rm -f ./scratch/adj.bsq ./scratch/adj.hdr ./scratch/adj.prj ./scratch/adj.bsq.aux.xml
/usr/bin/gdal_translate -of ENVI -co "INTERLEAVE=BSQ" ./inputs/adj.tif ./scratch/adj.bsq
Input file size is 600, 600
0...10...20...30...40...50...60...70...80...90...100 - done.
/bin/rm -f ./scratch/phi.bsq ./scratch/phi.hdr ./scratch/phi.prj ./scratch/phi.bsq.aux.xml
/usr/bin/gdal_translate -of ENVI -co "INTERLEAVE=BSQ" ./inputs/phi.tif ./scratch/phi.bsq
Input file size is 600, 600
0...10...20...30...40...50...60...70...80...90...100 - done.
 Allocating additional rasters
 Setting up shared memory, part 2
 Setting up statistics arrays
 ELMFIRE is running each ensemble member
Meteorology band      1: Case #       1 complete.  Fire area:   5197.0 acres.
 End of simulation reached successfully. Shutting down.
+ for f in $OUTPUTS_DIR/*.bil
++ basename ./outputs_C20.0_W30/flin_0000001_0043252.bil
++ cut -d. -f1
+ gdal_translate -a_srs 'EPSG: 32610' -co COMPRESS=DEFLATE -co ZLEVEL=9 ./outputs_C20.0_W30/flin_0000001_0043252.bil ./outputs_C20.0_W30/flin_0000001_0043252.tif
Input file size is 600, 600
0...10...20...30...40...50...60...70...80...90...100 - done.
+ for f in $OUTPUTS_DIR/*.bil
++ basename ./outputs_C20.0_W30/time_of_arrival_0000001_0043252.bil
++ cut -d. -f1
+ gdal_translate -a_srs 'EPSG: 32610' -co COMPRESS=DEFLATE -co ZLEVEL=9 ./outputs_C20.0_W30/time_of_arrival_0000001_0043252.bil ./outputs_C20.0_W30/time_of_arrival_0000001_0043252.tif
Input file size is 600, 600
0...10...20...30...40...50...60...70...80...90...100 - done.
+ for f in $OUTPUTS_DIR/*.bil
++ basename ./outputs_C20.0_W30/vs_0000001_0043252.bil
++ cut -d. -f1
+ gdal_translate -a_srs 'EPSG: 32610' -co COMPRESS=DEFLATE -co ZLEVEL=9 ./outputs_C20.0_W30/vs_0000001_0043252.bil ./outputs_C20.0_W30/vs_0000001_0043252.tif
Input file size is 600, 600
0...10...20...30...40...50...60...70...80...90...100 - done.
+ rm -f -r ./outputs_C20.0_W30/fire_size_stats.csv ./outputs_C20.0_W30/timings_firelabserver.csv ./outputs_C20.0_W30/flin_0000001_0043252.bil ./outputs_C20.0_W30/time_of_arrival_0000001_0043252.bil ./outputs_C20.0_W30/vs_0000001_0043252.bil ./outputs_C20.0_W30/flin_0000001_0043252.hdr ./outputs_C20.0_W30/time_of_arrival_0000001_0043252.hdr ./outputs_C20.0_W30/vs_0000001_0043252.hdr ./inputs/ws.tif
+ '[' -d outputsSingle ']'
+ rm -r outputsSingle
+ mkdir outputsSingle
+ mv outputs_C20.0_W0 outputs_C20.0_W1 outputs_C20.0_W10 outputs_C20.0_W11 outputs_C20.0_W12 outputs_C20.0_W13 outputs_C20.0_W14 outputs_C20.0_W15 outputs_C20.0_W16 outputs_C20.0_W17 outputs_C20.0_W18 outputs_C20.0_W19 outputs_C20.0_W2 outputs_C20.0_W20 outputs_C20.0_W21 outputs_C20.0_W22 outputs_C20.0_W23 outputs_C20.0_W24 outputs_C20.0_W25 outputs_C20.0_W26 outputs_C20.0_W27 outputs_C20.0_W28 outputs_C20.0_W29 outputs_C20.0_W3 outputs_C20.0_W30 outputs_C20.0_W4 outputs_C20.0_W5 outputs_C20.0_W6 outputs_C20.0_W7 outputs_C20.0_W8 outputs_C20.0_W9 outputsSingle
+ exit 0
+ CELLSIZE=20.0
+ DOMAINSIZE=12000.0
+ SIMULATION_TSTOP=43200.0
+ NUM_FLOAT_RASTERS=7
+ FLOAT_RASTER[2]=wd
+ FLOAT_VAL[2]=0.0
+ FLOAT_RASTER[3]=m1
+ FLOAT_VAL[3]=3.0
+ FLOAT_RASTER[4]=m10
+ FLOAT_VAL[4]=4.0
+ FLOAT_RASTER[5]=m100
+ FLOAT_VAL[5]=5.0
+ FLOAT_RASTER[6]=adj
+ FLOAT_VAL[6]=1.0
+ FLOAT_RASTER[7]=phi
+ FLOAT_VAL[7]=1.0
+ NUM_INT_RASTERS=8
+ INT_RASTER[1]=slp
+ INT_VAL[1]=0
+ INT_RASTER[2]=asp
+ INT_VAL[2]=0
+ INT_RASTER[3]=dem
+ INT_VAL[3]=0
+ INT_RASTER[4]=fbfm40
+ INT_VAL[4]=91
+ INT_RASTER[5]=cc
+ INT_VAL[5]=0
+ INT_RASTER[6]=ch
+ INT_VAL[6]=0
+ INT_RASTER[7]=cbh
+ INT_VAL[7]=0
+ INT_RASTER[8]=cbd
+ INT_VAL[8]=0
+ LH_MOISTURE_CONTENT=30.0
+ LW_MOISTURE_CONTENT=60.0
+ A_SRS='EPSG: 32610'
+ ELMFIRE_VER=2024.0916
++ echo '0.0 - 0.5 * 12000.0'
++ bc -l
+ XMIN=-6000.00
++ echo '0.0 + 0.5 * 12000.0'
++ bc -l
+ XMAX=6000.00
+ YMIN=-6000.00
+ YMAX=6000.00
+ TR='20.0 20.0'
+ TE='-6000.00 -6000.00 6000.00 6000.00'
+ SCRATCH=./scratch
+ INPUTS=./inputs
+ MISC=./misc
+ rm -f -r ./scratch ./inputs
+ mkdir ./inputs ./scratch
+ cp elmfire.data.in ./inputs/elmfire.data
+ printf 'x,y,z\n-100000,-100000,0\n100000,-100000,0\n-100000,100000,0\n100000,100000,0\n'
+ gdalwarp -tr 200000 200000 -te -100000 -100000 100000 100000 -s_srs 'EPSG: 32610' -t_srs 'EPSG: 32610' ./scratch/dummy.xyz ./scratch/dummy.tif
Creating output file that is 1P x 1L.
Processing ./scratch/dummy.xyz [1/1] : 0...10...20...30...40...50...60...70...80...90...100 - done.
+ gdalwarp -dstnodata -9999 -ot Float32 -tr 20.0 20.0 -te -6000.00 -6000.00 6000.00 6000.00 ./scratch/dummy.tif ./scratch/float.tif
Creating output file that is 600P x 600L.
Processing ./scratch/dummy.tif [1/1] : 0...10...20...30...40...50...60...70...80...90...100 - done.
+ gdalwarp -dstnodata -9999 -ot Int16 -tr 20.0 20.0 -te -6000.00 -6000.00 6000.00 6000.00 ./scratch/dummy.tif ./scratch/int.tif
Creating output file that is 600P x 600L.
Processing ./scratch/dummy.tif [1/1] : 0...10...20...30...40...50...60...70...80...90...100 - done.
++ eval echo '{2..7}'
+++ echo 2 3 4 5 6 7
+ for i in $(eval echo "{2..$NUM_FLOAT_RASTERS}")
+ gdal_calc.py -A ./scratch/float.tif --co=COMPRESS=DEFLATE --co=ZLEVEL=9 --NoDataValue=-9999 --outfile=./inputs/wd.tif '--calc=A + 0.0'
0...10...20...30...40...50...60...70...80...90...100 - done.
+ for i in $(eval echo "{2..$NUM_FLOAT_RASTERS}")
+ gdal_calc.py -A ./scratch/float.tif --co=COMPRESS=DEFLATE --co=ZLEVEL=9 --NoDataValue=-9999 --outfile=./inputs/m1.tif '--calc=A + 3.0'
0...10...20...30...40...50...60...70...80...90...100 - done.
+ for i in $(eval echo "{2..$NUM_FLOAT_RASTERS}")
+ gdal_calc.py -A ./scratch/float.tif --co=COMPRESS=DEFLATE --co=ZLEVEL=9 --NoDataValue=-9999 --outfile=./inputs/m10.tif '--calc=A + 4.0'
0...10...20...30...40...50...60...70...80...90...100 - done.
+ for i in $(eval echo "{2..$NUM_FLOAT_RASTERS}")
+ gdal_calc.py -A ./scratch/float.tif --co=COMPRESS=DEFLATE --co=ZLEVEL=9 --NoDataValue=-9999 --outfile=./inputs/m100.tif '--calc=A + 5.0'
0...10...20...30...40...50...60...70...80...90...100 - done.
+ for i in $(eval echo "{2..$NUM_FLOAT_RASTERS}")
+ gdal_calc.py -A ./scratch/float.tif --co=COMPRESS=DEFLATE --co=ZLEVEL=9 --NoDataValue=-9999 --outfile=./inputs/adj.tif '--calc=A + 1.0'
0...10...20...30...40...50...60...70...80...90...100 - done.
+ for i in $(eval echo "{2..$NUM_FLOAT_RASTERS}")
+ gdal_calc.py -A ./scratch/float.tif --co=COMPRESS=DEFLATE --co=ZLEVEL=9 --NoDataValue=-9999 --outfile=./inputs/phi.tif '--calc=A + 1.0'
0...10...20...30...40...50...60...70...80...90...100 - done.
++ eval echo '{1..8}'
+++ echo 1 2 3 4 5 6 7 8
+ for i in $(eval echo "{1..$NUM_INT_RASTERS}")
+ gdal_calc.py -A ./scratch/int.tif --co=COMPRESS=DEFLATE --co=ZLEVEL=9 --NoDataValue=-9999 --outfile=./inputs/slp.tif '--calc=A + 0'
0...10...20...30...40...50...60...70...80...90...100 - done.
+ for i in $(eval echo "{1..$NUM_INT_RASTERS}")
+ gdal_calc.py -A ./scratch/int.tif --co=COMPRESS=DEFLATE --co=ZLEVEL=9 --NoDataValue=-9999 --outfile=./inputs/asp.tif '--calc=A + 0'
0...10...20...30...40...50...60...70...80...90...100 - done.
+ for i in $(eval echo "{1..$NUM_INT_RASTERS}")
+ gdal_calc.py -A ./scratch/int.tif --co=COMPRESS=DEFLATE --co=ZLEVEL=9 --NoDataValue=-9999 --outfile=./inputs/dem.tif '--calc=A + 0'
0...10...20...30...40...50...60...70...80...90...100 - done.
+ for i in $(eval echo "{1..$NUM_INT_RASTERS}")
+ gdal_calc.py -A ./scratch/int.tif --co=COMPRESS=DEFLATE --co=ZLEVEL=9 --NoDataValue=-9999 --outfile=./inputs/fbfm40.tif '--calc=A + 91'
0...10...20...30...40...50...60...70...80...90...100 - done.
+ for i in $(eval echo "{1..$NUM_INT_RASTERS}")
+ gdal_calc.py -A ./scratch/int.tif --co=COMPRESS=DEFLATE --co=ZLEVEL=9 --NoDataValue=-9999 --outfile=./inputs/cc.tif '--calc=A + 0'
0...10...20...30...40...50...60...70...80...90...100 - done.
+ for i in $(eval echo "{1..$NUM_INT_RASTERS}")
+ gdal_calc.py -A ./scratch/int.tif --co=COMPRESS=DEFLATE --co=ZLEVEL=9 --NoDataValue=-9999 --outfile=./inputs/ch.tif '--calc=A + 0'
0...10...20...30...40...50...60...70...80...90...100 - done.
+ for i in $(eval echo "{1..$NUM_INT_RASTERS}")
+ gdal_calc.py -A ./scratch/int.tif --co=COMPRESS=DEFLATE --co=ZLEVEL=9 --NoDataValue=-9999 --outfile=./inputs/cbh.tif '--calc=A + 0'
0...10...20...30...40...50...60...70...80...90...100 - done.
+ for i in $(eval echo "{1..$NUM_INT_RASTERS}")
+ gdal_calc.py -A ./scratch/int.tif --co=COMPRESS=DEFLATE --co=ZLEVEL=9 --NoDataValue=-9999 --outfile=./inputs/cbd.tif '--calc=A + 0'
0...10...20...30...40...50...60...70...80...90...100 - done.
+ replace_line COMPUTATIONAL_DOMAIN_XLLCORNER -6000.00 no
+ MATCH_PATTERN=COMPUTATIONAL_DOMAIN_XLLCORNER
+ NEW_VALUE=-6000.00
+ IS_STRING=no
++ grep -n COMPUTATIONAL_DOMAIN_XLLCORNER ./inputs/elmfire.data
++ cut -d: -f1
+ LINE=41
+ sed -i '41 d' ./inputs/elmfire.data
+ '[' no = yes ']'
+ sed -i '41 i COMPUTATIONAL_DOMAIN_XLLCORNER = -6000.00' ./inputs/elmfire.data
+ replace_line COMPUTATIONAL_DOMAIN_YLLCORNER -6000.00 no
+ MATCH_PATTERN=COMPUTATIONAL_DOMAIN_YLLCORNER
+ NEW_VALUE=-6000.00
+ IS_STRING=no
++ grep -n COMPUTATIONAL_DOMAIN_YLLCORNER ./inputs/elmfire.data
++ cut -d: -f1
+ LINE=42
+ sed -i '42 d' ./inputs/elmfire.data
+ '[' no = yes ']'
+ sed -i '42 i COMPUTATIONAL_DOMAIN_YLLCORNER = -6000.00' ./inputs/elmfire.data
+ replace_line COMPUTATIONAL_DOMAIN_CELLSIZE 20.0 no
+ MATCH_PATTERN=COMPUTATIONAL_DOMAIN_CELLSIZE
+ NEW_VALUE=20.0
+ IS_STRING=no
++ grep -n COMPUTATIONAL_DOMAIN_CELLSIZE ./inputs/elmfire.data
++ cut -d: -f1
+ LINE=40
+ sed -i '40 d' ./inputs/elmfire.data
+ '[' no = yes ']'
+ sed -i '40 i COMPUTATIONAL_DOMAIN_CELLSIZE = 20.0' ./inputs/elmfire.data
+ replace_line SIMULATION_TSTOP 43200.0 no
+ MATCH_PATTERN=SIMULATION_TSTOP
+ NEW_VALUE=43200.0
+ IS_STRING=no
++ grep -n SIMULATION_TSTOP ./inputs/elmfire.data
++ cut -d: -f1
+ LINE=47
+ sed -i '47 d' ./inputs/elmfire.data
+ '[' no = yes ']'
+ sed -i '47 i SIMULATION_TSTOP = 43200.0' ./inputs/elmfire.data
+ replace_line LH_MOISTURE_CONTENT 30.0 no
+ MATCH_PATTERN=LH_MOISTURE_CONTENT
+ NEW_VALUE=30.0
+ IS_STRING=no
++ grep -n LH_MOISTURE_CONTENT ./inputs/elmfire.data
++ cut -d: -f1
+ LINE=20
+ sed -i '20 d' ./inputs/elmfire.data
+ '[' no = yes ']'
+ sed -i '20 i LH_MOISTURE_CONTENT = 30.0' ./inputs/elmfire.data
+ replace_line LW_MOISTURE_CONTENT 60.0 no
+ MATCH_PATTERN=LW_MOISTURE_CONTENT
+ NEW_VALUE=60.0
+ IS_STRING=no
++ grep -n LW_MOISTURE_CONTENT ./inputs/elmfire.data
++ cut -d: -f1
+ LINE=21
+ sed -i '21 d' ./inputs/elmfire.data
+ '[' no = yes ']'
+ sed -i '21 i LW_MOISTURE_CONTENT = 60.0' ./inputs/elmfire.data
+ replace_line A_SRS 'EPSG: 32610' yes
+ MATCH_PATTERN=A_SRS
+ NEW_VALUE='EPSG: 32610'
+ IS_STRING=yes
++ grep -n A_SRS ./inputs/elmfire.data
++ cut -d: -f1
+ LINE=39
+ sed -i '39 d' ./inputs/elmfire.data
+ '[' yes = yes ']'
+ sed -i '39 i A_SRS = '\''EPSG: 32610'\''' ./inputs/elmfire.data
++ seq 0 1 30
+ for WIND_SPEED in $(seq 0 1 30)
+ OUTPUTS_DIR=./outputs_C20.0_W0
+ replace_line OUTPUTS_DIRECTORY ./outputs_C20.0_W0 yes
+ MATCH_PATTERN=OUTPUTS_DIRECTORY
+ NEW_VALUE=./outputs_C20.0_W0
+ IS_STRING=yes
++ grep -n OUTPUTS_DIRECTORY ./inputs/elmfire.data
++ cut -d: -f1
+ LINE=25
+ sed -i '25 d' ./inputs/elmfire.data
+ '[' yes = yes ']'
+ sed -i '25 i OUTPUTS_DIRECTORY = '\''./outputs_C20.0_W0'\''' ./inputs/elmfire.data
+ '[' -d ./outputs_C20.0_W0 ']'
+ mkdir ./outputs_C20.0_W0
+ gdal_calc.py -A ./scratch/float.tif --co=COMPRESS=DEFLATE --co=ZLEVEL=9 --NoDataValue=-9999 --outfile=./inputs/ws.tif '--calc=A + 0'
0...10...20...30...40...50...60...70...80...90...100 - done.
+ /home/dwip/binYiren_SU2/elmfire_2024.0916 ./inputs/elmfire.data
 ELMFIRE 2024.0916
 Reading &MISCELLANEOUS namelist group
 Reading &INPUTS namelist group
 Reading &OUTPUTS namelist group
 Reading &COMPUTATIONAL_DOMAIN namelist group
 Reading &TIME_CONTROL namelist group
 Reading &SIMULATOR namelist group
 Reading &WUI namelist group
 Reading &CALIBRATION namelist group
 Reading &SUPPRESSION namelist group
 Reading &SPOTTING namelist group
 Reading &SMOKE namelist group
 Reading &MONTE_CARLO namelist group
 Reading headers for fuels/topography and weather rasters
/usr/bin/gdal_translate -of ENVI -co "INTERLEAVE=BSQ" ./inputs/asp.tif ./scratch/asp.bsq
Input file size is 600, 600
0...10...20...30...40...50...60...70...80...90...100 - done.
/usr/bin/gdal_translate -of ENVI -co "INTERLEAVE=BSQ" ./inputs/ws.tif ./scratch/ws.bsq
Input file size is 600, 600
0...10...20...30...40...50...60...70...80...90...100 - done.
 Setting up shared memory, part 1
 Reading weather, fuel, and topography rasters
/bin/rm -f ./scratch/ws.bsq ./scratch/ws.hdr ./scratch/ws.prj ./scratch/ws.bsq.aux.xml
/usr/bin/gdal_translate -of ENVI -co "INTERLEAVE=BSQ" ./inputs/ws.tif ./scratch/ws.bsq
Input file size is 600, 600
0...10...20...30...40...50...60...70...80...90...100 - done.
/bin/rm -f ./scratch/wd.bsq ./scratch/wd.hdr ./scratch/wd.prj ./scratch/wd.bsq.aux.xml
/usr/bin/gdal_translate -of ENVI -co "INTERLEAVE=BSQ" ./inputs/wd.tif ./scratch/wd.bsq
Input file size is 600, 600
0...10...20...30...40...50...60...70...80...90...100 - done.
/bin/rm -f ./scratch/m1.bsq ./scratch/m1.hdr ./scratch/m1.prj ./scratch/m1.bsq.aux.xml
/usr/bin/gdal_translate -of ENVI -co "INTERLEAVE=BSQ" ./inputs/m1.tif ./scratch/m1.bsq
Input file size is 600, 600
0...10...20...30...40...50...60...70...80...90...100 - done.
/bin/rm -f ./scratch/m10.bsq ./scratch/m10.hdr ./scratch/m10.prj ./scratch/m10.bsq.aux.xml
/usr/bin/gdal_translate -of ENVI -co "INTERLEAVE=BSQ" ./inputs/m10.tif ./scratch/m10.bsq
Input file size is 600, 600
0...10...20...30...40...50...60...70...80...90...100 - done.
/bin/rm -f ./scratch/m100.bsq ./scratch/m100.hdr ./scratch/m100.prj ./scratch/m100.bsq.aux.xml
/usr/bin/gdal_translate -of ENVI -co "INTERLEAVE=BSQ" ./inputs/m100.tif ./scratch/m100.bsq
Input file size is 600, 600
0...10...20...30...40...50...60...70...80...90...100 - done.
 Reading fuel and topography rasters
/bin/rm -f ./scratch/asp.bsq ./scratch/asp.hdr ./scratch/asp.prj ./scratch/asp.bsq.aux.xml
/usr/bin/gdal_translate -of ENVI -co "INTERLEAVE=BSQ" ./inputs/asp.tif ./scratch/asp.bsq
Input file size is 600, 600
0...10...20...30...40...50...60...70...80...90...100 - done.
/bin/rm -f ./scratch/cbh.bsq ./scratch/cbh.hdr ./scratch/cbh.prj ./scratch/cbh.bsq.aux.xml
/usr/bin/gdal_translate -of ENVI -co "INTERLEAVE=BSQ" ./inputs/cbh.tif ./scratch/cbh.bsq
Input file size is 600, 600
0...10...20...30...40...50...60...70...80...90...100 - done.
/bin/rm -f ./scratch/cbd.bsq ./scratch/cbd.hdr ./scratch/cbd.prj ./scratch/cbd.bsq.aux.xml
/usr/bin/gdal_translate -of ENVI -co "INTERLEAVE=BSQ" ./inputs/cbd.tif ./scratch/cbd.bsq
Input file size is 600, 600
0...10...20...30...40...50...60...70...80...90...100 - done.
/bin/rm -f ./scratch/cc.bsq ./scratch/cc.hdr ./scratch/cc.prj ./scratch/cc.bsq.aux.xml
/usr/bin/gdal_translate -of ENVI -co "INTERLEAVE=BSQ" ./inputs/cc.tif ./scratch/cc.bsq
Input file size is 600, 600
0...10...20...30...40...50...60...70...80...90...100 - done.
/bin/rm -f ./scratch/ch.bsq ./scratch/ch.hdr ./scratch/ch.prj ./scratch/ch.bsq.aux.xml
/usr/bin/gdal_translate -of ENVI -co "INTERLEAVE=BSQ" ./inputs/ch.tif ./scratch/ch.bsq
Input file size is 600, 600
0...10...20...30...40...50...60...70...80...90...100 - done.
/bin/rm -f ./scratch/dem.bsq ./scratch/dem.hdr ./scratch/dem.prj ./scratch/dem.bsq.aux.xml
/usr/bin/gdal_translate -of ENVI -co "INTERLEAVE=BSQ" ./inputs/dem.tif ./scratch/dem.bsq
Input file size is 600, 600
0...10...20...30...40...50...60...70...80...90...100 - done.
/bin/rm -f ./scratch/fbfm40.bsq ./scratch/fbfm40.hdr ./scratch/fbfm40.prj ./scratch/fbfm40.bsq.aux.xml
/usr/bin/gdal_translate -of ENVI -co "INTERLEAVE=BSQ" ./inputs/fbfm40.tif ./scratch/fbfm40.bsq
Input file size is 600, 600
0...10...20...30...40...50...60...70...80...90...100 - done.
/bin/rm -f ./scratch/slp.bsq ./scratch/slp.hdr ./scratch/slp.prj ./scratch/slp.bsq.aux.xml
/usr/bin/gdal_translate -of ENVI -co "INTERLEAVE=BSQ" ./inputs/slp.tif ./scratch/slp.bsq
Input file size is 600, 600
0...10...20...30...40...50...60...70...80...90...100 - done.
/bin/rm -f ./scratch/adj.bsq ./scratch/adj.hdr ./scratch/adj.prj ./scratch/adj.bsq.aux.xml
/usr/bin/gdal_translate -of ENVI -co "INTERLEAVE=BSQ" ./inputs/adj.tif ./scratch/adj.bsq
Input file size is 600, 600
0...10...20...30...40...50...60...70...80...90...100 - done.
/bin/rm -f ./scratch/phi.bsq ./scratch/phi.hdr ./scratch/phi.prj ./scratch/phi.bsq.aux.xml
/usr/bin/gdal_translate -of ENVI -co "INTERLEAVE=BSQ" ./inputs/phi.tif ./scratch/phi.bsq
Input file size is 600, 600
0...10...20...30...40...50...60...70...80...90...100 - done.
 Allocating additional rasters
 Setting up shared memory, part 2
 Setting up statistics arrays
 ELMFIRE is running each ensemble member
Meteorology band      1: Case #       1 complete.  Fire area:    133.3 acres.
 End of simulation reached successfully. Shutting down.
+ for f in $OUTPUTS_DIR/*.bil
++ basename ./outputs_C20.0_W0/flin_0000001_0043440.bil
++ cut -d. -f1
+ gdal_translate -a_srs 'EPSG: 32610' -co COMPRESS=DEFLATE -co ZLEVEL=9 ./outputs_C20.0_W0/flin_0000001_0043440.bil ./outputs_C20.0_W0/flin_0000001_0043440.tif
Input file size is 600, 600
0...10...20...30...40...50...60...70...80...90...100 - done.
+ for f in $OUTPUTS_DIR/*.bil
++ basename ./outputs_C20.0_W0/time_of_arrival_0000001_0043440.bil
++ cut -d. -f1
+ gdal_translate -a_srs 'EPSG: 32610' -co COMPRESS=DEFLATE -co ZLEVEL=9 ./outputs_C20.0_W0/time_of_arrival_0000001_0043440.bil ./outputs_C20.0_W0/time_of_arrival_0000001_0043440.tif
Input file size is 600, 600
0...10...20...30...40...50...60...70...80...90...100 - done.
+ for f in $OUTPUTS_DIR/*.bil
++ basename ./outputs_C20.0_W0/vs_0000001_0043440.bil
++ cut -d. -f1
+ gdal_translate -a_srs 'EPSG: 32610' -co COMPRESS=DEFLATE -co ZLEVEL=9 ./outputs_C20.0_W0/vs_0000001_0043440.bil ./outputs_C20.0_W0/vs_0000001_0043440.tif
Input file size is 600, 600
0...10...20...30...40...50...60...70...80...90...100 - done.
+ rm -f -r ./outputs_C20.0_W0/fire_size_stats.csv ./outputs_C20.0_W0/timings_firelabserver.csv ./outputs_C20.0_W0/flin_0000001_0043440.bil ./outputs_C20.0_W0/time_of_arrival_0000001_0043440.bil ./outputs_C20.0_W0/vs_0000001_0043440.bil ./outputs_C20.0_W0/flin_0000001_0043440.hdr ./outputs_C20.0_W0/time_of_arrival_0000001_0043440.hdr ./outputs_C20.0_W0/vs_0000001_0043440.hdr ./inputs/ws.tif
+ for WIND_SPEED in $(seq 0 1 30)
+ OUTPUTS_DIR=./outputs_C20.0_W1
+ replace_line OUTPUTS_DIRECTORY ./outputs_C20.0_W1 yes
+ MATCH_PATTERN=OUTPUTS_DIRECTORY
+ NEW_VALUE=./outputs_C20.0_W1
+ IS_STRING=yes
++ grep -n OUTPUTS_DIRECTORY ./inputs/elmfire.data
++ cut -d: -f1
+ LINE=25
+ sed -i '25 d' ./inputs/elmfire.data
+ '[' yes = yes ']'
+ sed -i '25 i OUTPUTS_DIRECTORY = '\''./outputs_C20.0_W1'\''' ./inputs/elmfire.data
+ '[' -d ./outputs_C20.0_W1 ']'
+ mkdir ./outputs_C20.0_W1
+ gdal_calc.py -A ./scratch/float.tif --co=COMPRESS=DEFLATE --co=ZLEVEL=9 --NoDataValue=-9999 --outfile=./inputs/ws.tif '--calc=A + 1'
0...10...20...30...40...50...60...70...80...90...100 - done.
+ /home/dwip/binYiren_SU2/elmfire_2024.0916 ./inputs/elmfire.data
 ELMFIRE 2024.0916
 Reading &MISCELLANEOUS namelist group
 Reading &INPUTS namelist group
 Reading &OUTPUTS namelist group
 Reading &COMPUTATIONAL_DOMAIN namelist group
 Reading &TIME_CONTROL namelist group
 Reading &SIMULATOR namelist group
 Reading &WUI namelist group
 Reading &CALIBRATION namelist group
 Reading &SUPPRESSION namelist group
 Reading &SPOTTING namelist group
 Reading &SMOKE namelist group
 Reading &MONTE_CARLO namelist group
 Reading headers for fuels/topography and weather rasters
/usr/bin/gdal_translate -of ENVI -co "INTERLEAVE=BSQ" ./inputs/asp.tif ./scratch/asp.bsq
Input file size is 600, 600
0...10...20...30...40...50...60...70...80...90...100 - done.
/usr/bin/gdal_translate -of ENVI -co "INTERLEAVE=BSQ" ./inputs/ws.tif ./scratch/ws.bsq
Input file size is 600, 600
0...10...20...30...40...50...60...70...80...90...100 - done.
 Setting up shared memory, part 1
 Reading weather, fuel, and topography rasters
/bin/rm -f ./scratch/ws.bsq ./scratch/ws.hdr ./scratch/ws.prj ./scratch/ws.bsq.aux.xml
/usr/bin/gdal_translate -of ENVI -co "INTERLEAVE=BSQ" ./inputs/ws.tif ./scratch/ws.bsq
Input file size is 600, 600
0...10...20...30...40...50...60...70...80...90...100 - done.
/bin/rm -f ./scratch/wd.bsq ./scratch/wd.hdr ./scratch/wd.prj ./scratch/wd.bsq.aux.xml
/usr/bin/gdal_translate -of ENVI -co "INTERLEAVE=BSQ" ./inputs/wd.tif ./scratch/wd.bsq
Input file size is 600, 600
0...10...20...30...40...50...60...70...80...90...100 - done.
/bin/rm -f ./scratch/m1.bsq ./scratch/m1.hdr ./scratch/m1.prj ./scratch/m1.bsq.aux.xml
/usr/bin/gdal_translate -of ENVI -co "INTERLEAVE=BSQ" ./inputs/m1.tif ./scratch/m1.bsq
Input file size is 600, 600
0...10...20...30...40...50...60...70...80...90...100 - done.
/bin/rm -f ./scratch/m10.bsq ./scratch/m10.hdr ./scratch/m10.prj ./scratch/m10.bsq.aux.xml
/usr/bin/gdal_translate -of ENVI -co "INTERLEAVE=BSQ" ./inputs/m10.tif ./scratch/m10.bsq
Input file size is 600, 600
0...10...20...30...40...50...60...70...80...90...100 - done.
/bin/rm -f ./scratch/m100.bsq ./scratch/m100.hdr ./scratch/m100.prj ./scratch/m100.bsq.aux.xml
/usr/bin/gdal_translate -of ENVI -co "INTERLEAVE=BSQ" ./inputs/m100.tif ./scratch/m100.bsq
Input file size is 600, 600
0...10...20...30...40...50...60...70...80...90...100 - done.
 Reading fuel and topography rasters
/bin/rm -f ./scratch/asp.bsq ./scratch/asp.hdr ./scratch/asp.prj ./scratch/asp.bsq.aux.xml
/usr/bin/gdal_translate -of ENVI -co "INTERLEAVE=BSQ" ./inputs/asp.tif ./scratch/asp.bsq
Input file size is 600, 600
0...10...20...30...40...50...60...70...80...90...100 - done.
/bin/rm -f ./scratch/cbh.bsq ./scratch/cbh.hdr ./scratch/cbh.prj ./scratch/cbh.bsq.aux.xml
/usr/bin/gdal_translate -of ENVI -co "INTERLEAVE=BSQ" ./inputs/cbh.tif ./scratch/cbh.bsq
Input file size is 600, 600
0...10...20...30...40...50...60...70...80...90...100 - done.
/bin/rm -f ./scratch/cbd.bsq ./scratch/cbd.hdr ./scratch/cbd.prj ./scratch/cbd.bsq.aux.xml
/usr/bin/gdal_translate -of ENVI -co "INTERLEAVE=BSQ" ./inputs/cbd.tif ./scratch/cbd.bsq
Input file size is 600, 600
0...10...20...30...40...50...60...70...80...90...100 - done.
/bin/rm -f ./scratch/cc.bsq ./scratch/cc.hdr ./scratch/cc.prj ./scratch/cc.bsq.aux.xml
/usr/bin/gdal_translate -of ENVI -co "INTERLEAVE=BSQ" ./inputs/cc.tif ./scratch/cc.bsq
Input file size is 600, 600
0...10...20...30...40...50...60...70...80...90...100 - done.
/bin/rm -f ./scratch/ch.bsq ./scratch/ch.hdr ./scratch/ch.prj ./scratch/ch.bsq.aux.xml
/usr/bin/gdal_translate -of ENVI -co "INTERLEAVE=BSQ" ./inputs/ch.tif ./scratch/ch.bsq
Input file size is 600, 600
0...10...20...30...40...50...60...70...80...90...100 - done.
/bin/rm -f ./scratch/dem.bsq ./scratch/dem.hdr ./scratch/dem.prj ./scratch/dem.bsq.aux.xml
/usr/bin/gdal_translate -of ENVI -co "INTERLEAVE=BSQ" ./inputs/dem.tif ./scratch/dem.bsq
Input file size is 600, 600
0...10...20...30...40...50...60...70...80...90...100 - done.
/bin/rm -f ./scratch/fbfm40.bsq ./scratch/fbfm40.hdr ./scratch/fbfm40.prj ./scratch/fbfm40.bsq.aux.xml
/usr/bin/gdal_translate -of ENVI -co "INTERLEAVE=BSQ" ./inputs/fbfm40.tif ./scratch/fbfm40.bsq
Input file size is 600, 600
0...10...20...30...40...50...60...70...80...90...100 - done.
/bin/rm -f ./scratch/slp.bsq ./scratch/slp.hdr ./scratch/slp.prj ./scratch/slp.bsq.aux.xml
/usr/bin/gdal_translate -of ENVI -co "INTERLEAVE=BSQ" ./inputs/slp.tif ./scratch/slp.bsq
Input file size is 600, 600
0...10...20...30...40...50...60...70...80...90...100 - done.
/bin/rm -f ./scratch/adj.bsq ./scratch/adj.hdr ./scratch/adj.prj ./scratch/adj.bsq.aux.xml
/usr/bin/gdal_translate -of ENVI -co "INTERLEAVE=BSQ" ./inputs/adj.tif ./scratch/adj.bsq
Input file size is 600, 600
0...10...20...30...40...50...60...70...80...90...100 - done.
/bin/rm -f ./scratch/phi.bsq ./scratch/phi.hdr ./scratch/phi.prj ./scratch/phi.bsq.aux.xml
/usr/bin/gdal_translate -of ENVI -co "INTERLEAVE=BSQ" ./inputs/phi.tif ./scratch/phi.bsq
Input file size is 600, 600
0...10...20...30...40...50...60...70...80...90...100 - done.
 Allocating additional rasters
 Setting up shared memory, part 2
 Setting up statistics arrays
 ELMFIRE is running each ensemble member
Meteorology band      1: Case #       1 complete.  Fire area:    157.9 acres.
 End of simulation reached successfully. Shutting down.
+ for f in $OUTPUTS_DIR/*.bil
++ basename ./outputs_C20.0_W1/flin_0000001_0043708.bil
++ cut -d. -f1
+ gdal_translate -a_srs 'EPSG: 32610' -co COMPRESS=DEFLATE -co ZLEVEL=9 ./outputs_C20.0_W1/flin_0000001_0043708.bil ./outputs_C20.0_W1/flin_0000001_0043708.tif
Input file size is 600, 600
0...10...20...30...40...50...60...70...80...90...100 - done.
+ for f in $OUTPUTS_DIR/*.bil
++ basename ./outputs_C20.0_W1/time_of_arrival_0000001_0043708.bil
++ cut -d. -f1
+ gdal_translate -a_srs 'EPSG: 32610' -co COMPRESS=DEFLATE -co ZLEVEL=9 ./outputs_C20.0_W1/time_of_arrival_0000001_0043708.bil ./outputs_C20.0_W1/time_of_arrival_0000001_0043708.tif
Input file size is 600, 600
0...10...20...30...40...50...60...70...80...90...100 - done.
+ for f in $OUTPUTS_DIR/*.bil
++ basename ./outputs_C20.0_W1/vs_0000001_0043708.bil
++ cut -d. -f1
+ gdal_translate -a_srs 'EPSG: 32610' -co COMPRESS=DEFLATE -co ZLEVEL=9 ./outputs_C20.0_W1/vs_0000001_0043708.bil ./outputs_C20.0_W1/vs_0000001_0043708.tif
Input file size is 600, 600
0...10...20...30...40...50...60...70...80...90...100 - done.
+ rm -f -r ./outputs_C20.0_W1/fire_size_stats.csv ./outputs_C20.0_W1/timings_firelabserver.csv ./outputs_C20.0_W1/flin_0000001_0043708.bil ./outputs_C20.0_W1/time_of_arrival_0000001_0043708.bil ./outputs_C20.0_W1/vs_0000001_0043708.bil ./outputs_C20.0_W1/flin_0000001_0043708.hdr ./outputs_C20.0_W1/time_of_arrival_0000001_0043708.hdr ./outputs_C20.0_W1/vs_0000001_0043708.hdr ./inputs/ws.tif
+ for WIND_SPEED in $(seq 0 1 30)
+ OUTPUTS_DIR=./outputs_C20.0_W2
+ replace_line OUTPUTS_DIRECTORY ./outputs_C20.0_W2 yes
+ MATCH_PATTERN=OUTPUTS_DIRECTORY
+ NEW_VALUE=./outputs_C20.0_W2
+ IS_STRING=yes
++ grep -n OUTPUTS_DIRECTORY ./inputs/elmfire.data
++ cut -d: -f1
+ LINE=25
+ sed -i '25 d' ./inputs/elmfire.data
+ '[' yes = yes ']'
+ sed -i '25 i OUTPUTS_DIRECTORY = '\''./outputs_C20.0_W2'\''' ./inputs/elmfire.data
+ '[' -d ./outputs_C20.0_W2 ']'
+ mkdir ./outputs_C20.0_W2
+ gdal_calc.py -A ./scratch/float.tif --co=COMPRESS=DEFLATE --co=ZLEVEL=9 --NoDataValue=-9999 --outfile=./inputs/ws.tif '--calc=A + 2'
0...10...20...30...40...50...60...70...80...90...100 - done.
+ /home/dwip/binYiren_SU2/elmfire_2024.0916 ./inputs/elmfire.data
 ELMFIRE 2024.0916
 Reading &MISCELLANEOUS namelist group
 Reading &INPUTS namelist group
 Reading &OUTPUTS namelist group
 Reading &COMPUTATIONAL_DOMAIN namelist group
 Reading &TIME_CONTROL namelist group
 Reading &SIMULATOR namelist group
 Reading &WUI namelist group
 Reading &CALIBRATION namelist group
 Reading &SUPPRESSION namelist group
 Reading &SPOTTING namelist group
 Reading &SMOKE namelist group
 Reading &MONTE_CARLO namelist group
 Reading headers for fuels/topography and weather rasters
/usr/bin/gdal_translate -of ENVI -co "INTERLEAVE=BSQ" ./inputs/asp.tif ./scratch/asp.bsq
Input file size is 600, 600
0...10...20...30...40...50...60...70...80...90...100 - done.
/usr/bin/gdal_translate -of ENVI -co "INTERLEAVE=BSQ" ./inputs/ws.tif ./scratch/ws.bsq
Input file size is 600, 600
0...10...20...30...40...50...60...70...80...90...100 - done.
 Setting up shared memory, part 1
 Reading weather, fuel, and topography rasters
/bin/rm -f ./scratch/ws.bsq ./scratch/ws.hdr ./scratch/ws.prj ./scratch/ws.bsq.aux.xml
/usr/bin/gdal_translate -of ENVI -co "INTERLEAVE=BSQ" ./inputs/ws.tif ./scratch/ws.bsq
Input file size is 600, 600
0...10...20...30...40...50...60...70...80...90...100 - done.
/bin/rm -f ./scratch/wd.bsq ./scratch/wd.hdr ./scratch/wd.prj ./scratch/wd.bsq.aux.xml
/usr/bin/gdal_translate -of ENVI -co "INTERLEAVE=BSQ" ./inputs/wd.tif ./scratch/wd.bsq
Input file size is 600, 600
0...10...20...30...40...50...60...70...80...90...100 - done.
/bin/rm -f ./scratch/m1.bsq ./scratch/m1.hdr ./scratch/m1.prj ./scratch/m1.bsq.aux.xml
/usr/bin/gdal_translate -of ENVI -co "INTERLEAVE=BSQ" ./inputs/m1.tif ./scratch/m1.bsq
Input file size is 600, 600
0...10...20...30...40...50...60...70...80...90...100 - done.
/bin/rm -f ./scratch/m10.bsq ./scratch/m10.hdr ./scratch/m10.prj ./scratch/m10.bsq.aux.xml
/usr/bin/gdal_translate -of ENVI -co "INTERLEAVE=BSQ" ./inputs/m10.tif ./scratch/m10.bsq
Input file size is 600, 600
0...10...20...30...40...50...60...70...80...90...100 - done.
/bin/rm -f ./scratch/m100.bsq ./scratch/m100.hdr ./scratch/m100.prj ./scratch/m100.bsq.aux.xml
/usr/bin/gdal_translate -of ENVI -co "INTERLEAVE=BSQ" ./inputs/m100.tif ./scratch/m100.bsq
Input file size is 600, 600
0...10...20...30...40...50...60...70...80...90...100 - done.
 Reading fuel and topography rasters
/bin/rm -f ./scratch/asp.bsq ./scratch/asp.hdr ./scratch/asp.prj ./scratch/asp.bsq.aux.xml
/usr/bin/gdal_translate -of ENVI -co "INTERLEAVE=BSQ" ./inputs/asp.tif ./scratch/asp.bsq
Input file size is 600, 600
0...10...20...30...40...50...60...70...80...90...100 - done.
/bin/rm -f ./scratch/cbh.bsq ./scratch/cbh.hdr ./scratch/cbh.prj ./scratch/cbh.bsq.aux.xml
/usr/bin/gdal_translate -of ENVI -co "INTERLEAVE=BSQ" ./inputs/cbh.tif ./scratch/cbh.bsq
Input file size is 600, 600
0...10...20...30...40...50...60...70...80...90...100 - done.
/bin/rm -f ./scratch/cbd.bsq ./scratch/cbd.hdr ./scratch/cbd.prj ./scratch/cbd.bsq.aux.xml
/usr/bin/gdal_translate -of ENVI -co "INTERLEAVE=BSQ" ./inputs/cbd.tif ./scratch/cbd.bsq
Input file size is 600, 600
0...10...20...30...40...50...60...70...80...90...100 - done.
/bin/rm -f ./scratch/cc.bsq ./scratch/cc.hdr ./scratch/cc.prj ./scratch/cc.bsq.aux.xml
/usr/bin/gdal_translate -of ENVI -co "INTERLEAVE=BSQ" ./inputs/cc.tif ./scratch/cc.bsq
Input file size is 600, 600
0...10...20...30...40...50...60...70...80...90...100 - done.
/bin/rm -f ./scratch/ch.bsq ./scratch/ch.hdr ./scratch/ch.prj ./scratch/ch.bsq.aux.xml
/usr/bin/gdal_translate -of ENVI -co "INTERLEAVE=BSQ" ./inputs/ch.tif ./scratch/ch.bsq
Input file size is 600, 600
0...10...20...30...40...50...60...70...80...90...100 - done.
/bin/rm -f ./scratch/dem.bsq ./scratch/dem.hdr ./scratch/dem.prj ./scratch/dem.bsq.aux.xml
/usr/bin/gdal_translate -of ENVI -co "INTERLEAVE=BSQ" ./inputs/dem.tif ./scratch/dem.bsq
Input file size is 600, 600
0...10...20...30...40...50...60...70...80...90...100 - done.
/bin/rm -f ./scratch/fbfm40.bsq ./scratch/fbfm40.hdr ./scratch/fbfm40.prj ./scratch/fbfm40.bsq.aux.xml
/usr/bin/gdal_translate -of ENVI -co "INTERLEAVE=BSQ" ./inputs/fbfm40.tif ./scratch/fbfm40.bsq
Input file size is 600, 600
0...10...20...30...40...50...60...70...80...90...100 - done.
/bin/rm -f ./scratch/slp.bsq ./scratch/slp.hdr ./scratch/slp.prj ./scratch/slp.bsq.aux.xml
/usr/bin/gdal_translate -of ENVI -co "INTERLEAVE=BSQ" ./inputs/slp.tif ./scratch/slp.bsq
Input file size is 600, 600
0...10...20...30...40...50...60...70...80...90...100 - done.
/bin/rm -f ./scratch/adj.bsq ./scratch/adj.hdr ./scratch/adj.prj ./scratch/adj.bsq.aux.xml
/usr/bin/gdal_translate -of ENVI -co "INTERLEAVE=BSQ" ./inputs/adj.tif ./scratch/adj.bsq
Input file size is 600, 600
0...10...20...30...40...50...60...70...80...90...100 - done.
/bin/rm -f ./scratch/phi.bsq ./scratch/phi.hdr ./scratch/phi.prj ./scratch/phi.bsq.aux.xml
/usr/bin/gdal_translate -of ENVI -co "INTERLEAVE=BSQ" ./inputs/phi.tif ./scratch/phi.bsq
Input file size is 600, 600
0...10...20...30...40...50...60...70...80...90...100 - done.
 Allocating additional rasters
 Setting up shared memory, part 2
 Setting up statistics arrays
 ELMFIRE is running each ensemble member
Meteorology band      1: Case #       1 complete.  Fire area:    173.1 acres.
 End of simulation reached successfully. Shutting down.
+ for f in $OUTPUTS_DIR/*.bil
++ basename ./outputs_C20.0_W2/flin_0000001_0043763.bil
++ cut -d. -f1
+ gdal_translate -a_srs 'EPSG: 32610' -co COMPRESS=DEFLATE -co ZLEVEL=9 ./outputs_C20.0_W2/flin_0000001_0043763.bil ./outputs_C20.0_W2/flin_0000001_0043763.tif
Input file size is 600, 600
0...10...20...30...40...50...60...70...80...90...100 - done.
+ for f in $OUTPUTS_DIR/*.bil
++ basename ./outputs_C20.0_W2/time_of_arrival_0000001_0043763.bil
++ cut -d. -f1
+ gdal_translate -a_srs 'EPSG: 32610' -co COMPRESS=DEFLATE -co ZLEVEL=9 ./outputs_C20.0_W2/time_of_arrival_0000001_0043763.bil ./outputs_C20.0_W2/time_of_arrival_0000001_0043763.tif
Input file size is 600, 600
0...10...20...30...40...50...60...70...80...90...100 - done.
+ for f in $OUTPUTS_DIR/*.bil
++ basename ./outputs_C20.0_W2/vs_0000001_0043763.bil
++ cut -d. -f1
+ gdal_translate -a_srs 'EPSG: 32610' -co COMPRESS=DEFLATE -co ZLEVEL=9 ./outputs_C20.0_W2/vs_0000001_0043763.bil ./outputs_C20.0_W2/vs_0000001_0043763.tif
Input file size is 600, 600
0...10...20...30...40...50...60...70...80...90...100 - done.
+ rm -f -r ./outputs_C20.0_W2/fire_size_stats.csv ./outputs_C20.0_W2/timings_firelabserver.csv ./outputs_C20.0_W2/flin_0000001_0043763.bil ./outputs_C20.0_W2/time_of_arrival_0000001_0043763.bil ./outputs_C20.0_W2/vs_0000001_0043763.bil ./outputs_C20.0_W2/flin_0000001_0043763.hdr ./outputs_C20.0_W2/time_of_arrival_0000001_0043763.hdr ./outputs_C20.0_W2/vs_0000001_0043763.hdr ./inputs/ws.tif
+ for WIND_SPEED in $(seq 0 1 30)
+ OUTPUTS_DIR=./outputs_C20.0_W3
+ replace_line OUTPUTS_DIRECTORY ./outputs_C20.0_W3 yes
+ MATCH_PATTERN=OUTPUTS_DIRECTORY
+ NEW_VALUE=./outputs_C20.0_W3
+ IS_STRING=yes
++ grep -n OUTPUTS_DIRECTORY ./inputs/elmfire.data
++ cut -d: -f1
+ LINE=25
+ sed -i '25 d' ./inputs/elmfire.data
+ '[' yes = yes ']'
+ sed -i '25 i OUTPUTS_DIRECTORY = '\''./outputs_C20.0_W3'\''' ./inputs/elmfire.data
+ '[' -d ./outputs_C20.0_W3 ']'
+ mkdir ./outputs_C20.0_W3
+ gdal_calc.py -A ./scratch/float.tif --co=COMPRESS=DEFLATE --co=ZLEVEL=9 --NoDataValue=-9999 --outfile=./inputs/ws.tif '--calc=A + 3'
0...10...20...30...40...50...60...70...80...90...100 - done.
+ /home/dwip/binYiren_SU2/elmfire_2024.0916 ./inputs/elmfire.data
 ELMFIRE 2024.0916
 Reading &MISCELLANEOUS namelist group
 Reading &INPUTS namelist group
 Reading &OUTPUTS namelist group
 Reading &COMPUTATIONAL_DOMAIN namelist group
 Reading &TIME_CONTROL namelist group
 Reading &SIMULATOR namelist group
 Reading &WUI namelist group
 Reading &CALIBRATION namelist group
 Reading &SUPPRESSION namelist group
 Reading &SPOTTING namelist group
 Reading &SMOKE namelist group
 Reading &MONTE_CARLO namelist group
 Reading headers for fuels/topography and weather rasters
/usr/bin/gdal_translate -of ENVI -co "INTERLEAVE=BSQ" ./inputs/asp.tif ./scratch/asp.bsq
Input file size is 600, 600
0...10...20...30...40...50...60...70...80...90...100 - done.
/usr/bin/gdal_translate -of ENVI -co "INTERLEAVE=BSQ" ./inputs/ws.tif ./scratch/ws.bsq
Input file size is 600, 600
0...10...20...30...40...50...60...70...80...90...100 - done.
 Setting up shared memory, part 1
 Reading weather, fuel, and topography rasters
/bin/rm -f ./scratch/ws.bsq ./scratch/ws.hdr ./scratch/ws.prj ./scratch/ws.bsq.aux.xml
/usr/bin/gdal_translate -of ENVI -co "INTERLEAVE=BSQ" ./inputs/ws.tif ./scratch/ws.bsq
Input file size is 600, 600
0...10...20...30...40...50...60...70...80...90...100 - done.
/bin/rm -f ./scratch/wd.bsq ./scratch/wd.hdr ./scratch/wd.prj ./scratch/wd.bsq.aux.xml
/usr/bin/gdal_translate -of ENVI -co "INTERLEAVE=BSQ" ./inputs/wd.tif ./scratch/wd.bsq
Input file size is 600, 600
0...10...20...30...40...50...60...70...80...90...100 - done.
/bin/rm -f ./scratch/m1.bsq ./scratch/m1.hdr ./scratch/m1.prj ./scratch/m1.bsq.aux.xml
/usr/bin/gdal_translate -of ENVI -co "INTERLEAVE=BSQ" ./inputs/m1.tif ./scratch/m1.bsq
Input file size is 600, 600
0...10...20...30...40...50...60...70...80...90...100 - done.
/bin/rm -f ./scratch/m10.bsq ./scratch/m10.hdr ./scratch/m10.prj ./scratch/m10.bsq.aux.xml
/usr/bin/gdal_translate -of ENVI -co "INTERLEAVE=BSQ" ./inputs/m10.tif ./scratch/m10.bsq
Input file size is 600, 600
0...10...20...30...40...50...60...70...80...90...100 - done.
/bin/rm -f ./scratch/m100.bsq ./scratch/m100.hdr ./scratch/m100.prj ./scratch/m100.bsq.aux.xml
/usr/bin/gdal_translate -of ENVI -co "INTERLEAVE=BSQ" ./inputs/m100.tif ./scratch/m100.bsq
Input file size is 600, 600
0...10...20...30...40...50...60...70...80...90...100 - done.
 Reading fuel and topography rasters
/bin/rm -f ./scratch/asp.bsq ./scratch/asp.hdr ./scratch/asp.prj ./scratch/asp.bsq.aux.xml
/usr/bin/gdal_translate -of ENVI -co "INTERLEAVE=BSQ" ./inputs/asp.tif ./scratch/asp.bsq
Input file size is 600, 600
0...10...20...30...40...50...60...70...80...90...100 - done.
/bin/rm -f ./scratch/cbh.bsq ./scratch/cbh.hdr ./scratch/cbh.prj ./scratch/cbh.bsq.aux.xml
/usr/bin/gdal_translate -of ENVI -co "INTERLEAVE=BSQ" ./inputs/cbh.tif ./scratch/cbh.bsq
Input file size is 600, 600
0...10...20...30...40...50...60...70...80...90...100 - done.
/bin/rm -f ./scratch/cbd.bsq ./scratch/cbd.hdr ./scratch/cbd.prj ./scratch/cbd.bsq.aux.xml
/usr/bin/gdal_translate -of ENVI -co "INTERLEAVE=BSQ" ./inputs/cbd.tif ./scratch/cbd.bsq
Input file size is 600, 600
0...10...20...30...40...50...60...70...80...90...100 - done.
/bin/rm -f ./scratch/cc.bsq ./scratch/cc.hdr ./scratch/cc.prj ./scratch/cc.bsq.aux.xml
/usr/bin/gdal_translate -of ENVI -co "INTERLEAVE=BSQ" ./inputs/cc.tif ./scratch/cc.bsq
Input file size is 600, 600
0...10...20...30...40...50...60...70...80...90...100 - done.
/bin/rm -f ./scratch/ch.bsq ./scratch/ch.hdr ./scratch/ch.prj ./scratch/ch.bsq.aux.xml
/usr/bin/gdal_translate -of ENVI -co "INTERLEAVE=BSQ" ./inputs/ch.tif ./scratch/ch.bsq
Input file size is 600, 600
0...10...20...30...40...50...60...70...80...90...100 - done.
/bin/rm -f ./scratch/dem.bsq ./scratch/dem.hdr ./scratch/dem.prj ./scratch/dem.bsq.aux.xml
/usr/bin/gdal_translate -of ENVI -co "INTERLEAVE=BSQ" ./inputs/dem.tif ./scratch/dem.bsq
Input file size is 600, 600
0...10...20...30...40...50...60...70...80...90...100 - done.
/bin/rm -f ./scratch/fbfm40.bsq ./scratch/fbfm40.hdr ./scratch/fbfm40.prj ./scratch/fbfm40.bsq.aux.xml
/usr/bin/gdal_translate -of ENVI -co "INTERLEAVE=BSQ" ./inputs/fbfm40.tif ./scratch/fbfm40.bsq
Input file size is 600, 600
0...10...20...30...40...50...60...70...80...90...100 - done.
/bin/rm -f ./scratch/slp.bsq ./scratch/slp.hdr ./scratch/slp.prj ./scratch/slp.bsq.aux.xml
/usr/bin/gdal_translate -of ENVI -co "INTERLEAVE=BSQ" ./inputs/slp.tif ./scratch/slp.bsq
Input file size is 600, 600
0...10...20...30...40...50...60...70...80...90...100 - done.
/bin/rm -f ./scratch/adj.bsq ./scratch/adj.hdr ./scratch/adj.prj ./scratch/adj.bsq.aux.xml
/usr/bin/gdal_translate -of ENVI -co "INTERLEAVE=BSQ" ./inputs/adj.tif ./scratch/adj.bsq
Input file size is 600, 600
0...10...20...30...40...50...60...70...80...90...100 - done.
/bin/rm -f ./scratch/phi.bsq ./scratch/phi.hdr ./scratch/phi.prj ./scratch/phi.bsq.aux.xml
/usr/bin/gdal_translate -of ENVI -co "INTERLEAVE=BSQ" ./inputs/phi.tif ./scratch/phi.bsq
Input file size is 600, 600
0...10...20...30...40...50...60...70...80...90...100 - done.
 Allocating additional rasters
 Setting up shared memory, part 2
 Setting up statistics arrays
 ELMFIRE is running each ensemble member
Meteorology band      1: Case #       1 complete.  Fire area:    201.6 acres.
 End of simulation reached successfully. Shutting down.
+ for f in $OUTPUTS_DIR/*.bil
++ basename ./outputs_C20.0_W3/flin_0000001_0043588.bil
++ cut -d. -f1
+ gdal_translate -a_srs 'EPSG: 32610' -co COMPRESS=DEFLATE -co ZLEVEL=9 ./outputs_C20.0_W3/flin_0000001_0043588.bil ./outputs_C20.0_W3/flin_0000001_0043588.tif
Input file size is 600, 600
0...10...20...30...40...50...60...70...80...90...100 - done.
+ for f in $OUTPUTS_DIR/*.bil
++ cut -d. -f1
++ basename ./outputs_C20.0_W3/time_of_arrival_0000001_0043588.bil
+ gdal_translate -a_srs 'EPSG: 32610' -co COMPRESS=DEFLATE -co ZLEVEL=9 ./outputs_C20.0_W3/time_of_arrival_0000001_0043588.bil ./outputs_C20.0_W3/time_of_arrival_0000001_0043588.tif
Input file size is 600, 600
0...10...20...30...40...50...60...70...80...90...100 - done.
+ for f in $OUTPUTS_DIR/*.bil
++ basename ./outputs_C20.0_W3/vs_0000001_0043588.bil
++ cut -d. -f1
+ gdal_translate -a_srs 'EPSG: 32610' -co COMPRESS=DEFLATE -co ZLEVEL=9 ./outputs_C20.0_W3/vs_0000001_0043588.bil ./outputs_C20.0_W3/vs_0000001_0043588.tif
Input file size is 600, 600
0...10...20...30...40...50...60...70...80...90...100 - done.
+ rm -f -r ./outputs_C20.0_W3/fire_size_stats.csv ./outputs_C20.0_W3/timings_firelabserver.csv ./outputs_C20.0_W3/flin_0000001_0043588.bil ./outputs_C20.0_W3/time_of_arrival_0000001_0043588.bil ./outputs_C20.0_W3/vs_0000001_0043588.bil ./outputs_C20.0_W3/flin_0000001_0043588.hdr ./outputs_C20.0_W3/time_of_arrival_0000001_0043588.hdr ./outputs_C20.0_W3/vs_0000001_0043588.hdr ./inputs/ws.tif
+ for WIND_SPEED in $(seq 0 1 30)
+ OUTPUTS_DIR=./outputs_C20.0_W4
+ replace_line OUTPUTS_DIRECTORY ./outputs_C20.0_W4 yes
+ MATCH_PATTERN=OUTPUTS_DIRECTORY
+ NEW_VALUE=./outputs_C20.0_W4
+ IS_STRING=yes
++ grep -n OUTPUTS_DIRECTORY ./inputs/elmfire.data
++ cut -d: -f1
+ LINE=25
+ sed -i '25 d' ./inputs/elmfire.data
+ '[' yes = yes ']'
+ sed -i '25 i OUTPUTS_DIRECTORY = '\''./outputs_C20.0_W4'\''' ./inputs/elmfire.data
+ '[' -d ./outputs_C20.0_W4 ']'
+ mkdir ./outputs_C20.0_W4
+ gdal_calc.py -A ./scratch/float.tif --co=COMPRESS=DEFLATE --co=ZLEVEL=9 --NoDataValue=-9999 --outfile=./inputs/ws.tif '--calc=A + 4'
0...10...20...30...40...50...60...70...80...90...100 - done.
+ /home/dwip/binYiren_SU2/elmfire_2024.0916 ./inputs/elmfire.data
 ELMFIRE 2024.0916
 Reading &MISCELLANEOUS namelist group
 Reading &INPUTS namelist group
 Reading &OUTPUTS namelist group
 Reading &COMPUTATIONAL_DOMAIN namelist group
 Reading &TIME_CONTROL namelist group
 Reading &SIMULATOR namelist group
 Reading &WUI namelist group
 Reading &CALIBRATION namelist group
 Reading &SUPPRESSION namelist group
 Reading &SPOTTING namelist group
 Reading &SMOKE namelist group
 Reading &MONTE_CARLO namelist group
 Reading headers for fuels/topography and weather rasters
/usr/bin/gdal_translate -of ENVI -co "INTERLEAVE=BSQ" ./inputs/asp.tif ./scratch/asp.bsq
Input file size is 600, 600
0...10...20...30...40...50...60...70...80...90...100 - done.
/usr/bin/gdal_translate -of ENVI -co "INTERLEAVE=BSQ" ./inputs/ws.tif ./scratch/ws.bsq
Input file size is 600, 600
0...10...20...30...40...50...60...70...80...90...100 - done.
 Setting up shared memory, part 1
 Reading weather, fuel, and topography rasters
/bin/rm -f ./scratch/ws.bsq ./scratch/ws.hdr ./scratch/ws.prj ./scratch/ws.bsq.aux.xml
/usr/bin/gdal_translate -of ENVI -co "INTERLEAVE=BSQ" ./inputs/ws.tif ./scratch/ws.bsq
Input file size is 600, 600
0...10...20...30...40...50...60...70...80...90...100 - done.
/bin/rm -f ./scratch/wd.bsq ./scratch/wd.hdr ./scratch/wd.prj ./scratch/wd.bsq.aux.xml
/usr/bin/gdal_translate -of ENVI -co "INTERLEAVE=BSQ" ./inputs/wd.tif ./scratch/wd.bsq
Input file size is 600, 600
0...10...20...30...40...50...60...70...80...90...100 - done.
/bin/rm -f ./scratch/m1.bsq ./scratch/m1.hdr ./scratch/m1.prj ./scratch/m1.bsq.aux.xml
/usr/bin/gdal_translate -of ENVI -co "INTERLEAVE=BSQ" ./inputs/m1.tif ./scratch/m1.bsq
Input file size is 600, 600
0...10...20...30...40...50...60...70...80...90...100 - done.
/bin/rm -f ./scratch/m10.bsq ./scratch/m10.hdr ./scratch/m10.prj ./scratch/m10.bsq.aux.xml
/usr/bin/gdal_translate -of ENVI -co "INTERLEAVE=BSQ" ./inputs/m10.tif ./scratch/m10.bsq
Input file size is 600, 600
0...10...20...30...40...50...60...70...80...90...100 - done.
/bin/rm -f ./scratch/m100.bsq ./scratch/m100.hdr ./scratch/m100.prj ./scratch/m100.bsq.aux.xml
/usr/bin/gdal_translate -of ENVI -co "INTERLEAVE=BSQ" ./inputs/m100.tif ./scratch/m100.bsq
Input file size is 600, 600
0...10...20...30...40...50...60...70...80...90...100 - done.
 Reading fuel and topography rasters
/bin/rm -f ./scratch/asp.bsq ./scratch/asp.hdr ./scratch/asp.prj ./scratch/asp.bsq.aux.xml
/usr/bin/gdal_translate -of ENVI -co "INTERLEAVE=BSQ" ./inputs/asp.tif ./scratch/asp.bsq
Input file size is 600, 600
0...10...20...30...40...50...60...70...80...90...100 - done.
/bin/rm -f ./scratch/cbh.bsq ./scratch/cbh.hdr ./scratch/cbh.prj ./scratch/cbh.bsq.aux.xml
/usr/bin/gdal_translate -of ENVI -co "INTERLEAVE=BSQ" ./inputs/cbh.tif ./scratch/cbh.bsq
Input file size is 600, 600
0...10...20...30...40...50...60...70...80...90...100 - done.
/bin/rm -f ./scratch/cbd.bsq ./scratch/cbd.hdr ./scratch/cbd.prj ./scratch/cbd.bsq.aux.xml
/usr/bin/gdal_translate -of ENVI -co "INTERLEAVE=BSQ" ./inputs/cbd.tif ./scratch/cbd.bsq
Input file size is 600, 600
0...10...20...30...40...50...60...70...80...90...100 - done.
/bin/rm -f ./scratch/cc.bsq ./scratch/cc.hdr ./scratch/cc.prj ./scratch/cc.bsq.aux.xml
/usr/bin/gdal_translate -of ENVI -co "INTERLEAVE=BSQ" ./inputs/cc.tif ./scratch/cc.bsq
Input file size is 600, 600
0...10...20...30...40...50...60...70...80...90...100 - done.
/bin/rm -f ./scratch/ch.bsq ./scratch/ch.hdr ./scratch/ch.prj ./scratch/ch.bsq.aux.xml
/usr/bin/gdal_translate -of ENVI -co "INTERLEAVE=BSQ" ./inputs/ch.tif ./scratch/ch.bsq
Input file size is 600, 600
0...10...20...30...40...50...60...70...80...90...100 - done.
/bin/rm -f ./scratch/dem.bsq ./scratch/dem.hdr ./scratch/dem.prj ./scratch/dem.bsq.aux.xml
/usr/bin/gdal_translate -of ENVI -co "INTERLEAVE=BSQ" ./inputs/dem.tif ./scratch/dem.bsq
Input file size is 600, 600
0...10...20...30...40...50...60...70...80...90...100 - done.
/bin/rm -f ./scratch/fbfm40.bsq ./scratch/fbfm40.hdr ./scratch/fbfm40.prj ./scratch/fbfm40.bsq.aux.xml
/usr/bin/gdal_translate -of ENVI -co "INTERLEAVE=BSQ" ./inputs/fbfm40.tif ./scratch/fbfm40.bsq
Input file size is 600, 600
0...10...20...30...40...50...60...70...80...90...100 - done.
/bin/rm -f ./scratch/slp.bsq ./scratch/slp.hdr ./scratch/slp.prj ./scratch/slp.bsq.aux.xml
/usr/bin/gdal_translate -of ENVI -co "INTERLEAVE=BSQ" ./inputs/slp.tif ./scratch/slp.bsq
Input file size is 600, 600
0...10...20...30...40...50...60...70...80...90...100 - done.
/bin/rm -f ./scratch/adj.bsq ./scratch/adj.hdr ./scratch/adj.prj ./scratch/adj.bsq.aux.xml
/usr/bin/gdal_translate -of ENVI -co "INTERLEAVE=BSQ" ./inputs/adj.tif ./scratch/adj.bsq
Input file size is 600, 600
0...10...20...30...40...50...60...70...80...90...100 - done.
/bin/rm -f ./scratch/phi.bsq ./scratch/phi.hdr ./scratch/phi.prj ./scratch/phi.bsq.aux.xml
/usr/bin/gdal_translate -of ENVI -co "INTERLEAVE=BSQ" ./inputs/phi.tif ./scratch/phi.bsq
Input file size is 600, 600
0...10...20...30...40...50...60...70...80...90...100 - done.
 Allocating additional rasters
 Setting up shared memory, part 2
 Setting up statistics arrays
 ELMFIRE is running each ensemble member
Meteorology band      1: Case #       1 complete.  Fire area:    237.8 acres.
 End of simulation reached successfully. Shutting down.
+ for f in $OUTPUTS_DIR/*.bil
++ basename ./outputs_C20.0_W4/flin_0000001_0043429.bil
++ cut -d. -f1
+ gdal_translate -a_srs 'EPSG: 32610' -co COMPRESS=DEFLATE -co ZLEVEL=9 ./outputs_C20.0_W4/flin_0000001_0043429.bil ./outputs_C20.0_W4/flin_0000001_0043429.tif
Input file size is 600, 600
0...10...20...30...40...50...60...70...80...90...100 - done.
+ for f in $OUTPUTS_DIR/*.bil
++ basename ./outputs_C20.0_W4/time_of_arrival_0000001_0043429.bil
++ cut -d. -f1
+ gdal_translate -a_srs 'EPSG: 32610' -co COMPRESS=DEFLATE -co ZLEVEL=9 ./outputs_C20.0_W4/time_of_arrival_0000001_0043429.bil ./outputs_C20.0_W4/time_of_arrival_0000001_0043429.tif
Input file size is 600, 600
0...10...20...30...40...50...60...70...80...90...100 - done.
+ for f in $OUTPUTS_DIR/*.bil
++ basename ./outputs_C20.0_W4/vs_0000001_0043429.bil
++ cut -d. -f1
+ gdal_translate -a_srs 'EPSG: 32610' -co COMPRESS=DEFLATE -co ZLEVEL=9 ./outputs_C20.0_W4/vs_0000001_0043429.bil ./outputs_C20.0_W4/vs_0000001_0043429.tif
Input file size is 600, 600
0...10...20...30...40...50...60...70...80...90...100 - done.
+ rm -f -r ./outputs_C20.0_W4/fire_size_stats.csv ./outputs_C20.0_W4/timings_firelabserver.csv ./outputs_C20.0_W4/flin_0000001_0043429.bil ./outputs_C20.0_W4/time_of_arrival_0000001_0043429.bil ./outputs_C20.0_W4/vs_0000001_0043429.bil ./outputs_C20.0_W4/flin_0000001_0043429.hdr ./outputs_C20.0_W4/time_of_arrival_0000001_0043429.hdr ./outputs_C20.0_W4/vs_0000001_0043429.hdr ./inputs/ws.tif
+ for WIND_SPEED in $(seq 0 1 30)
+ OUTPUTS_DIR=./outputs_C20.0_W5
+ replace_line OUTPUTS_DIRECTORY ./outputs_C20.0_W5 yes
+ MATCH_PATTERN=OUTPUTS_DIRECTORY
+ NEW_VALUE=./outputs_C20.0_W5
+ IS_STRING=yes
++ grep -n OUTPUTS_DIRECTORY ./inputs/elmfire.data
++ cut -d: -f1
+ LINE=25
+ sed -i '25 d' ./inputs/elmfire.data
+ '[' yes = yes ']'
+ sed -i '25 i OUTPUTS_DIRECTORY = '\''./outputs_C20.0_W5'\''' ./inputs/elmfire.data
+ '[' -d ./outputs_C20.0_W5 ']'
+ mkdir ./outputs_C20.0_W5
+ gdal_calc.py -A ./scratch/float.tif --co=COMPRESS=DEFLATE --co=ZLEVEL=9 --NoDataValue=-9999 --outfile=./inputs/ws.tif '--calc=A + 5'
0...10...20...30...40...50...60...70...80...90...100 - done.
+ /home/dwip/binYiren_SU2/elmfire_2024.0916 ./inputs/elmfire.data
 ELMFIRE 2024.0916
 Reading &MISCELLANEOUS namelist group
 Reading &INPUTS namelist group
 Reading &OUTPUTS namelist group
 Reading &COMPUTATIONAL_DOMAIN namelist group
 Reading &TIME_CONTROL namelist group
 Reading &SIMULATOR namelist group
 Reading &WUI namelist group
 Reading &CALIBRATION namelist group
 Reading &SUPPRESSION namelist group
 Reading &SPOTTING namelist group
 Reading &SMOKE namelist group
 Reading &MONTE_CARLO namelist group
 Reading headers for fuels/topography and weather rasters
/usr/bin/gdal_translate -of ENVI -co "INTERLEAVE=BSQ" ./inputs/asp.tif ./scratch/asp.bsq
Input file size is 600, 600
0...10...20...30...40...50...60...70...80...90...100 - done.
/usr/bin/gdal_translate -of ENVI -co "INTERLEAVE=BSQ" ./inputs/ws.tif ./scratch/ws.bsq
Input file size is 600, 600
0...10...20...30...40...50...60...70...80...90...100 - done.
 Setting up shared memory, part 1
 Reading weather, fuel, and topography rasters
/bin/rm -f ./scratch/ws.bsq ./scratch/ws.hdr ./scratch/ws.prj ./scratch/ws.bsq.aux.xml
/usr/bin/gdal_translate -of ENVI -co "INTERLEAVE=BSQ" ./inputs/ws.tif ./scratch/ws.bsq
Input file size is 600, 600
0...10...20...30...40...50...60...70...80...90...100 - done.
/bin/rm -f ./scratch/wd.bsq ./scratch/wd.hdr ./scratch/wd.prj ./scratch/wd.bsq.aux.xml
/usr/bin/gdal_translate -of ENVI -co "INTERLEAVE=BSQ" ./inputs/wd.tif ./scratch/wd.bsq
Input file size is 600, 600
0...10...20...30...40...50...60...70...80...90...100 - done.
/bin/rm -f ./scratch/m1.bsq ./scratch/m1.hdr ./scratch/m1.prj ./scratch/m1.bsq.aux.xml
/usr/bin/gdal_translate -of ENVI -co "INTERLEAVE=BSQ" ./inputs/m1.tif ./scratch/m1.bsq
Input file size is 600, 600
0...10...20...30...40...50...60...70...80...90...100 - done.
/bin/rm -f ./scratch/m10.bsq ./scratch/m10.hdr ./scratch/m10.prj ./scratch/m10.bsq.aux.xml
/usr/bin/gdal_translate -of ENVI -co "INTERLEAVE=BSQ" ./inputs/m10.tif ./scratch/m10.bsq
Input file size is 600, 600
0...10...20...30...40...50...60...70...80...90...100 - done.
/bin/rm -f ./scratch/m100.bsq ./scratch/m100.hdr ./scratch/m100.prj ./scratch/m100.bsq.aux.xml
/usr/bin/gdal_translate -of ENVI -co "INTERLEAVE=BSQ" ./inputs/m100.tif ./scratch/m100.bsq
Input file size is 600, 600
0...10...20...30...40...50...60...70...80...90...100 - done.
 Reading fuel and topography rasters
/bin/rm -f ./scratch/asp.bsq ./scratch/asp.hdr ./scratch/asp.prj ./scratch/asp.bsq.aux.xml
/usr/bin/gdal_translate -of ENVI -co "INTERLEAVE=BSQ" ./inputs/asp.tif ./scratch/asp.bsq
Input file size is 600, 600
0...10...20...30...40...50...60...70...80...90...100 - done.
/bin/rm -f ./scratch/cbh.bsq ./scratch/cbh.hdr ./scratch/cbh.prj ./scratch/cbh.bsq.aux.xml
/usr/bin/gdal_translate -of ENVI -co "INTERLEAVE=BSQ" ./inputs/cbh.tif ./scratch/cbh.bsq
Input file size is 600, 600
0...10...20...30...40...50...60...70...80...90...100 - done.
/bin/rm -f ./scratch/cbd.bsq ./scratch/cbd.hdr ./scratch/cbd.prj ./scratch/cbd.bsq.aux.xml
/usr/bin/gdal_translate -of ENVI -co "INTERLEAVE=BSQ" ./inputs/cbd.tif ./scratch/cbd.bsq
Input file size is 600, 600
0...10...20...30...40...50...60...70...80...90...100 - done.
/bin/rm -f ./scratch/cc.bsq ./scratch/cc.hdr ./scratch/cc.prj ./scratch/cc.bsq.aux.xml
/usr/bin/gdal_translate -of ENVI -co "INTERLEAVE=BSQ" ./inputs/cc.tif ./scratch/cc.bsq
Input file size is 600, 600
0...10...20...30...40...50...60...70...80...90...100 - done.
/bin/rm -f ./scratch/ch.bsq ./scratch/ch.hdr ./scratch/ch.prj ./scratch/ch.bsq.aux.xml
/usr/bin/gdal_translate -of ENVI -co "INTERLEAVE=BSQ" ./inputs/ch.tif ./scratch/ch.bsq
Input file size is 600, 600
0...10...20...30...40...50...60...70...80...90...100 - done.
/bin/rm -f ./scratch/dem.bsq ./scratch/dem.hdr ./scratch/dem.prj ./scratch/dem.bsq.aux.xml
/usr/bin/gdal_translate -of ENVI -co "INTERLEAVE=BSQ" ./inputs/dem.tif ./scratch/dem.bsq
Input file size is 600, 600
0...10...20...30...40...50...60...70...80...90...100 - done.
/bin/rm -f ./scratch/fbfm40.bsq ./scratch/fbfm40.hdr ./scratch/fbfm40.prj ./scratch/fbfm40.bsq.aux.xml
/usr/bin/gdal_translate -of ENVI -co "INTERLEAVE=BSQ" ./inputs/fbfm40.tif ./scratch/fbfm40.bsq
Input file size is 600, 600
0...10...20...30...40...50...60...70...80...90...100 - done.
/bin/rm -f ./scratch/slp.bsq ./scratch/slp.hdr ./scratch/slp.prj ./scratch/slp.bsq.aux.xml
/usr/bin/gdal_translate -of ENVI -co "INTERLEAVE=BSQ" ./inputs/slp.tif ./scratch/slp.bsq
Input file size is 600, 600
0...10...20...30...40...50...60...70...80...90...100 - done.
/bin/rm -f ./scratch/adj.bsq ./scratch/adj.hdr ./scratch/adj.prj ./scratch/adj.bsq.aux.xml
/usr/bin/gdal_translate -of ENVI -co "INTERLEAVE=BSQ" ./inputs/adj.tif ./scratch/adj.bsq
Input file size is 600, 600
0...10...20...30...40...50...60...70...80...90...100 - done.
/bin/rm -f ./scratch/phi.bsq ./scratch/phi.hdr ./scratch/phi.prj ./scratch/phi.bsq.aux.xml
/usr/bin/gdal_translate -of ENVI -co "INTERLEAVE=BSQ" ./inputs/phi.tif ./scratch/phi.bsq
Input file size is 600, 600
0...10...20...30...40...50...60...70...80...90...100 - done.
 Allocating additional rasters
 Setting up shared memory, part 2
 Setting up statistics arrays
 ELMFIRE is running each ensemble member
Meteorology band      1: Case #       1 complete.  Fire area:    286.3 acres.
 End of simulation reached successfully. Shutting down.
+ for f in $OUTPUTS_DIR/*.bil
++ basename ./outputs_C20.0_W5/flin_0000001_0043520.bil
++ cut -d. -f1
+ gdal_translate -a_srs 'EPSG: 32610' -co COMPRESS=DEFLATE -co ZLEVEL=9 ./outputs_C20.0_W5/flin_0000001_0043520.bil ./outputs_C20.0_W5/flin_0000001_0043520.tif
Input file size is 600, 600
0...10...20...30...40...50...60...70...80...90...100 - done.
+ for f in $OUTPUTS_DIR/*.bil
++ basename ./outputs_C20.0_W5/time_of_arrival_0000001_0043520.bil
++ cut -d. -f1
+ gdal_translate -a_srs 'EPSG: 32610' -co COMPRESS=DEFLATE -co ZLEVEL=9 ./outputs_C20.0_W5/time_of_arrival_0000001_0043520.bil ./outputs_C20.0_W5/time_of_arrival_0000001_0043520.tif
Input file size is 600, 600
0...10...20...30...40...50...60...70...80...90...100 - done.
+ for f in $OUTPUTS_DIR/*.bil
++ basename ./outputs_C20.0_W5/vs_0000001_0043520.bil
++ cut -d. -f1
+ gdal_translate -a_srs 'EPSG: 32610' -co COMPRESS=DEFLATE -co ZLEVEL=9 ./outputs_C20.0_W5/vs_0000001_0043520.bil ./outputs_C20.0_W5/vs_0000001_0043520.tif
Input file size is 600, 600
0...10...20...30...40...50...60...70...80...90...100 - done.
+ rm -f -r ./outputs_C20.0_W5/fire_size_stats.csv ./outputs_C20.0_W5/timings_firelabserver.csv ./outputs_C20.0_W5/flin_0000001_0043520.bil ./outputs_C20.0_W5/time_of_arrival_0000001_0043520.bil ./outputs_C20.0_W5/vs_0000001_0043520.bil ./outputs_C20.0_W5/flin_0000001_0043520.hdr ./outputs_C20.0_W5/time_of_arrival_0000001_0043520.hdr ./outputs_C20.0_W5/vs_0000001_0043520.hdr ./inputs/ws.tif
+ for WIND_SPEED in $(seq 0 1 30)
+ OUTPUTS_DIR=./outputs_C20.0_W6
+ replace_line OUTPUTS_DIRECTORY ./outputs_C20.0_W6 yes
+ MATCH_PATTERN=OUTPUTS_DIRECTORY
+ NEW_VALUE=./outputs_C20.0_W6
+ IS_STRING=yes
++ cut -d: -f1
++ grep -n OUTPUTS_DIRECTORY ./inputs/elmfire.data
+ LINE=25
+ sed -i '25 d' ./inputs/elmfire.data
+ '[' yes = yes ']'
+ sed -i '25 i OUTPUTS_DIRECTORY = '\''./outputs_C20.0_W6'\''' ./inputs/elmfire.data
+ '[' -d ./outputs_C20.0_W6 ']'
+ mkdir ./outputs_C20.0_W6
+ gdal_calc.py -A ./scratch/float.tif --co=COMPRESS=DEFLATE --co=ZLEVEL=9 --NoDataValue=-9999 --outfile=./inputs/ws.tif '--calc=A + 6'
0...10...20...30...40...50...60...70...80...90...100 - done.
+ /home/dwip/binYiren_SU2/elmfire_2024.0916 ./inputs/elmfire.data
 ELMFIRE 2024.0916
 Reading &MISCELLANEOUS namelist group
 Reading &INPUTS namelist group
 Reading &OUTPUTS namelist group
 Reading &COMPUTATIONAL_DOMAIN namelist group
 Reading &TIME_CONTROL namelist group
 Reading &SIMULATOR namelist group
 Reading &WUI namelist group
 Reading &CALIBRATION namelist group
 Reading &SUPPRESSION namelist group
 Reading &SPOTTING namelist group
 Reading &SMOKE namelist group
 Reading &MONTE_CARLO namelist group
 Reading headers for fuels/topography and weather rasters
/usr/bin/gdal_translate -of ENVI -co "INTERLEAVE=BSQ" ./inputs/asp.tif ./scratch/asp.bsq
Input file size is 600, 600
0...10...20...30...40...50...60...70...80...90...100 - done.
/usr/bin/gdal_translate -of ENVI -co "INTERLEAVE=BSQ" ./inputs/ws.tif ./scratch/ws.bsq
Input file size is 600, 600
0...10...20...30...40...50...60...70...80...90...100 - done.
 Setting up shared memory, part 1
 Reading weather, fuel, and topography rasters
/bin/rm -f ./scratch/ws.bsq ./scratch/ws.hdr ./scratch/ws.prj ./scratch/ws.bsq.aux.xml
/usr/bin/gdal_translate -of ENVI -co "INTERLEAVE=BSQ" ./inputs/ws.tif ./scratch/ws.bsq
Input file size is 600, 600
0...10...20...30...40...50...60...70...80...90...100 - done.
/bin/rm -f ./scratch/wd.bsq ./scratch/wd.hdr ./scratch/wd.prj ./scratch/wd.bsq.aux.xml
/usr/bin/gdal_translate -of ENVI -co "INTERLEAVE=BSQ" ./inputs/wd.tif ./scratch/wd.bsq
Input file size is 600, 600
0...10...20...30...40...50...60...70...80...90...100 - done.
/bin/rm -f ./scratch/m1.bsq ./scratch/m1.hdr ./scratch/m1.prj ./scratch/m1.bsq.aux.xml
/usr/bin/gdal_translate -of ENVI -co "INTERLEAVE=BSQ" ./inputs/m1.tif ./scratch/m1.bsq
Input file size is 600, 600
0...10...20...30...40...50...60...70...80...90...100 - done.
/bin/rm -f ./scratch/m10.bsq ./scratch/m10.hdr ./scratch/m10.prj ./scratch/m10.bsq.aux.xml
/usr/bin/gdal_translate -of ENVI -co "INTERLEAVE=BSQ" ./inputs/m10.tif ./scratch/m10.bsq
Input file size is 600, 600
0...10...20...30...40...50...60...70...80...90...100 - done.
/bin/rm -f ./scratch/m100.bsq ./scratch/m100.hdr ./scratch/m100.prj ./scratch/m100.bsq.aux.xml
/usr/bin/gdal_translate -of ENVI -co "INTERLEAVE=BSQ" ./inputs/m100.tif ./scratch/m100.bsq
Input file size is 600, 600
0...10...20...30...40...50...60...70...80...90...100 - done.
 Reading fuel and topography rasters
/bin/rm -f ./scratch/asp.bsq ./scratch/asp.hdr ./scratch/asp.prj ./scratch/asp.bsq.aux.xml
/usr/bin/gdal_translate -of ENVI -co "INTERLEAVE=BSQ" ./inputs/asp.tif ./scratch/asp.bsq
Input file size is 600, 600
0...10...20...30...40...50...60...70...80...90...100 - done.
/bin/rm -f ./scratch/cbh.bsq ./scratch/cbh.hdr ./scratch/cbh.prj ./scratch/cbh.bsq.aux.xml
/usr/bin/gdal_translate -of ENVI -co "INTERLEAVE=BSQ" ./inputs/cbh.tif ./scratch/cbh.bsq
Input file size is 600, 600
0...10...20...30...40...50...60...70...80...90...100 - done.
/bin/rm -f ./scratch/cbd.bsq ./scratch/cbd.hdr ./scratch/cbd.prj ./scratch/cbd.bsq.aux.xml
/usr/bin/gdal_translate -of ENVI -co "INTERLEAVE=BSQ" ./inputs/cbd.tif ./scratch/cbd.bsq
Input file size is 600, 600
0...10...20...30...40...50...60...70...80...90...100 - done.
/bin/rm -f ./scratch/cc.bsq ./scratch/cc.hdr ./scratch/cc.prj ./scratch/cc.bsq.aux.xml
/usr/bin/gdal_translate -of ENVI -co "INTERLEAVE=BSQ" ./inputs/cc.tif ./scratch/cc.bsq
Input file size is 600, 600
0...10...20...30...40...50...60...70...80...90...100 - done.
/bin/rm -f ./scratch/ch.bsq ./scratch/ch.hdr ./scratch/ch.prj ./scratch/ch.bsq.aux.xml
/usr/bin/gdal_translate -of ENVI -co "INTERLEAVE=BSQ" ./inputs/ch.tif ./scratch/ch.bsq
Input file size is 600, 600
0...10...20...30...40...50...60...70...80...90...100 - done.
/bin/rm -f ./scratch/dem.bsq ./scratch/dem.hdr ./scratch/dem.prj ./scratch/dem.bsq.aux.xml
/usr/bin/gdal_translate -of ENVI -co "INTERLEAVE=BSQ" ./inputs/dem.tif ./scratch/dem.bsq
Input file size is 600, 600
0...10...20...30...40...50...60...70...80...90...100 - done.
/bin/rm -f ./scratch/fbfm40.bsq ./scratch/fbfm40.hdr ./scratch/fbfm40.prj ./scratch/fbfm40.bsq.aux.xml
/usr/bin/gdal_translate -of ENVI -co "INTERLEAVE=BSQ" ./inputs/fbfm40.tif ./scratch/fbfm40.bsq
Input file size is 600, 600
0...10...20...30...40...50...60...70...80...90...100 - done.
/bin/rm -f ./scratch/slp.bsq ./scratch/slp.hdr ./scratch/slp.prj ./scratch/slp.bsq.aux.xml
/usr/bin/gdal_translate -of ENVI -co "INTERLEAVE=BSQ" ./inputs/slp.tif ./scratch/slp.bsq
Input file size is 600, 600
0...10...20...30...40...50...60...70...80...90...100 - done.
/bin/rm -f ./scratch/adj.bsq ./scratch/adj.hdr ./scratch/adj.prj ./scratch/adj.bsq.aux.xml
/usr/bin/gdal_translate -of ENVI -co "INTERLEAVE=BSQ" ./inputs/adj.tif ./scratch/adj.bsq
Input file size is 600, 600
0...10...20...30...40...50...60...70...80...90...100 - done.
/bin/rm -f ./scratch/phi.bsq ./scratch/phi.hdr ./scratch/phi.prj ./scratch/phi.bsq.aux.xml
/usr/bin/gdal_translate -of ENVI -co "INTERLEAVE=BSQ" ./inputs/phi.tif ./scratch/phi.bsq
Input file size is 600, 600
0...10...20...30...40...50...60...70...80...90...100 - done.
 Allocating additional rasters
 Setting up shared memory, part 2
 Setting up statistics arrays
 ELMFIRE is running each ensemble member
Meteorology band      1: Case #       1 complete.  Fire area:    346.5 acres.
 End of simulation reached successfully. Shutting down.
+ for f in $OUTPUTS_DIR/*.bil
++ basename ./outputs_C20.0_W6/flin_0000001_0043463.bil
++ cut -d. -f1
+ gdal_translate -a_srs 'EPSG: 32610' -co COMPRESS=DEFLATE -co ZLEVEL=9 ./outputs_C20.0_W6/flin_0000001_0043463.bil ./outputs_C20.0_W6/flin_0000001_0043463.tif
Input file size is 600, 600
0...10...20...30...40...50...60...70...80...90...100 - done.
+ for f in $OUTPUTS_DIR/*.bil
++ basename ./outputs_C20.0_W6/time_of_arrival_0000001_0043463.bil
++ cut -d. -f1
+ gdal_translate -a_srs 'EPSG: 32610' -co COMPRESS=DEFLATE -co ZLEVEL=9 ./outputs_C20.0_W6/time_of_arrival_0000001_0043463.bil ./outputs_C20.0_W6/time_of_arrival_0000001_0043463.tif
Input file size is 600, 600
0...10...20...30...40...50...60...70...80...90...100 - done.
+ for f in $OUTPUTS_DIR/*.bil
++ basename ./outputs_C20.0_W6/vs_0000001_0043463.bil
++ cut -d. -f1
+ gdal_translate -a_srs 'EPSG: 32610' -co COMPRESS=DEFLATE -co ZLEVEL=9 ./outputs_C20.0_W6/vs_0000001_0043463.bil ./outputs_C20.0_W6/vs_0000001_0043463.tif
Input file size is 600, 600
0...10...20...30...40...50...60...70...80...90...100 - done.
+ rm -f -r ./outputs_C20.0_W6/fire_size_stats.csv ./outputs_C20.0_W6/timings_firelabserver.csv ./outputs_C20.0_W6/flin_0000001_0043463.bil ./outputs_C20.0_W6/time_of_arrival_0000001_0043463.bil ./outputs_C20.0_W6/vs_0000001_0043463.bil ./outputs_C20.0_W6/flin_0000001_0043463.hdr ./outputs_C20.0_W6/time_of_arrival_0000001_0043463.hdr ./outputs_C20.0_W6/vs_0000001_0043463.hdr ./inputs/ws.tif
+ for WIND_SPEED in $(seq 0 1 30)
+ OUTPUTS_DIR=./outputs_C20.0_W7
+ replace_line OUTPUTS_DIRECTORY ./outputs_C20.0_W7 yes
+ MATCH_PATTERN=OUTPUTS_DIRECTORY
+ NEW_VALUE=./outputs_C20.0_W7
+ IS_STRING=yes
++ grep -n OUTPUTS_DIRECTORY ./inputs/elmfire.data
++ cut -d: -f1
+ LINE=25
+ sed -i '25 d' ./inputs/elmfire.data
+ '[' yes = yes ']'
+ sed -i '25 i OUTPUTS_DIRECTORY = '\''./outputs_C20.0_W7'\''' ./inputs/elmfire.data
+ '[' -d ./outputs_C20.0_W7 ']'
+ mkdir ./outputs_C20.0_W7
+ gdal_calc.py -A ./scratch/float.tif --co=COMPRESS=DEFLATE --co=ZLEVEL=9 --NoDataValue=-9999 --outfile=./inputs/ws.tif '--calc=A + 7'
0...10...20...30...40...50...60...70...80...90...100 - done.
+ /home/dwip/binYiren_SU2/elmfire_2024.0916 ./inputs/elmfire.data
 ELMFIRE 2024.0916
 Reading &MISCELLANEOUS namelist group
 Reading &INPUTS namelist group
 Reading &OUTPUTS namelist group
 Reading &COMPUTATIONAL_DOMAIN namelist group
 Reading &TIME_CONTROL namelist group
 Reading &SIMULATOR namelist group
 Reading &WUI namelist group
 Reading &CALIBRATION namelist group
 Reading &SUPPRESSION namelist group
 Reading &SPOTTING namelist group
 Reading &SMOKE namelist group
 Reading &MONTE_CARLO namelist group
 Reading headers for fuels/topography and weather rasters
/usr/bin/gdal_translate -of ENVI -co "INTERLEAVE=BSQ" ./inputs/asp.tif ./scratch/asp.bsq
Input file size is 600, 600
0...10...20...30...40...50...60...70...80...90...100 - done.
/usr/bin/gdal_translate -of ENVI -co "INTERLEAVE=BSQ" ./inputs/ws.tif ./scratch/ws.bsq
Input file size is 600, 600
0...10...20...30...40...50...60...70...80...90...100 - done.
 Setting up shared memory, part 1
 Reading weather, fuel, and topography rasters
/bin/rm -f ./scratch/ws.bsq ./scratch/ws.hdr ./scratch/ws.prj ./scratch/ws.bsq.aux.xml
/usr/bin/gdal_translate -of ENVI -co "INTERLEAVE=BSQ" ./inputs/ws.tif ./scratch/ws.bsq
Input file size is 600, 600
0...10...20...30...40...50...60...70...80...90...100 - done.
/bin/rm -f ./scratch/wd.bsq ./scratch/wd.hdr ./scratch/wd.prj ./scratch/wd.bsq.aux.xml
/usr/bin/gdal_translate -of ENVI -co "INTERLEAVE=BSQ" ./inputs/wd.tif ./scratch/wd.bsq
Input file size is 600, 600
0...10...20...30...40...50...60...70...80...90...100 - done.
/bin/rm -f ./scratch/m1.bsq ./scratch/m1.hdr ./scratch/m1.prj ./scratch/m1.bsq.aux.xml
/usr/bin/gdal_translate -of ENVI -co "INTERLEAVE=BSQ" ./inputs/m1.tif ./scratch/m1.bsq
Input file size is 600, 600
0...10...20...30...40...50...60...70...80...90...100 - done.
/bin/rm -f ./scratch/m10.bsq ./scratch/m10.hdr ./scratch/m10.prj ./scratch/m10.bsq.aux.xml
/usr/bin/gdal_translate -of ENVI -co "INTERLEAVE=BSQ" ./inputs/m10.tif ./scratch/m10.bsq
Input file size is 600, 600
0...10...20...30...40...50...60...70...80...90...100 - done.
/bin/rm -f ./scratch/m100.bsq ./scratch/m100.hdr ./scratch/m100.prj ./scratch/m100.bsq.aux.xml
/usr/bin/gdal_translate -of ENVI -co "INTERLEAVE=BSQ" ./inputs/m100.tif ./scratch/m100.bsq
Input file size is 600, 600
0...10...20...30...40...50...60...70...80...90...100 - done.
 Reading fuel and topography rasters
/bin/rm -f ./scratch/asp.bsq ./scratch/asp.hdr ./scratch/asp.prj ./scratch/asp.bsq.aux.xml
/usr/bin/gdal_translate -of ENVI -co "INTERLEAVE=BSQ" ./inputs/asp.tif ./scratch/asp.bsq
Input file size is 600, 600
0...10...20...30...40...50...60...70...80...90...100 - done.
/bin/rm -f ./scratch/cbh.bsq ./scratch/cbh.hdr ./scratch/cbh.prj ./scratch/cbh.bsq.aux.xml
/usr/bin/gdal_translate -of ENVI -co "INTERLEAVE=BSQ" ./inputs/cbh.tif ./scratch/cbh.bsq
Input file size is 600, 600
0...10...20...30...40...50...60...70...80...90...100 - done.
/bin/rm -f ./scratch/cbd.bsq ./scratch/cbd.hdr ./scratch/cbd.prj ./scratch/cbd.bsq.aux.xml
/usr/bin/gdal_translate -of ENVI -co "INTERLEAVE=BSQ" ./inputs/cbd.tif ./scratch/cbd.bsq
Input file size is 600, 600
0...10...20...30...40...50...60...70...80...90...100 - done.
/bin/rm -f ./scratch/cc.bsq ./scratch/cc.hdr ./scratch/cc.prj ./scratch/cc.bsq.aux.xml
/usr/bin/gdal_translate -of ENVI -co "INTERLEAVE=BSQ" ./inputs/cc.tif ./scratch/cc.bsq
Input file size is 600, 600
0...10...20...30...40...50...60...70...80...90...100 - done.
/bin/rm -f ./scratch/ch.bsq ./scratch/ch.hdr ./scratch/ch.prj ./scratch/ch.bsq.aux.xml
/usr/bin/gdal_translate -of ENVI -co "INTERLEAVE=BSQ" ./inputs/ch.tif ./scratch/ch.bsq
Input file size is 600, 600
0...10...20...30...40...50...60...70...80...90...100 - done.
/bin/rm -f ./scratch/dem.bsq ./scratch/dem.hdr ./scratch/dem.prj ./scratch/dem.bsq.aux.xml
/usr/bin/gdal_translate -of ENVI -co "INTERLEAVE=BSQ" ./inputs/dem.tif ./scratch/dem.bsq
Input file size is 600, 600
0...10...20...30...40...50...60...70...80...90...100 - done.
/bin/rm -f ./scratch/fbfm40.bsq ./scratch/fbfm40.hdr ./scratch/fbfm40.prj ./scratch/fbfm40.bsq.aux.xml
/usr/bin/gdal_translate -of ENVI -co "INTERLEAVE=BSQ" ./inputs/fbfm40.tif ./scratch/fbfm40.bsq
Input file size is 600, 600
0...10...20...30...40...50...60...70...80...90...100 - done.
/bin/rm -f ./scratch/slp.bsq ./scratch/slp.hdr ./scratch/slp.prj ./scratch/slp.bsq.aux.xml
/usr/bin/gdal_translate -of ENVI -co "INTERLEAVE=BSQ" ./inputs/slp.tif ./scratch/slp.bsq
Input file size is 600, 600
0...10...20...30...40...50...60...70...80...90...100 - done.
/bin/rm -f ./scratch/adj.bsq ./scratch/adj.hdr ./scratch/adj.prj ./scratch/adj.bsq.aux.xml
/usr/bin/gdal_translate -of ENVI -co "INTERLEAVE=BSQ" ./inputs/adj.tif ./scratch/adj.bsq
Input file size is 600, 600
0...10...20...30...40...50...60...70...80...90...100 - done.
/bin/rm -f ./scratch/phi.bsq ./scratch/phi.hdr ./scratch/phi.prj ./scratch/phi.bsq.aux.xml
/usr/bin/gdal_translate -of ENVI -co "INTERLEAVE=BSQ" ./inputs/phi.tif ./scratch/phi.bsq
Input file size is 600, 600
0...10...20...30...40...50...60...70...80...90...100 - done.
 Allocating additional rasters
 Setting up shared memory, part 2
 Setting up statistics arrays
 ELMFIRE is running each ensemble member
Meteorology band      1: Case #       1 complete.  Fire area:    548.3 acres.
 End of simulation reached successfully. Shutting down.
+ for f in $OUTPUTS_DIR/*.bil
++ basename ./outputs_C20.0_W7/flin_0000001_0043352.bil
++ cut -d. -f1
+ gdal_translate -a_srs 'EPSG: 32610' -co COMPRESS=DEFLATE -co ZLEVEL=9 ./outputs_C20.0_W7/flin_0000001_0043352.bil ./outputs_C20.0_W7/flin_0000001_0043352.tif
Input file size is 600, 600
0...10...20...30...40...50...60...70...80...90...100 - done.
+ for f in $OUTPUTS_DIR/*.bil
++ basename ./outputs_C20.0_W7/time_of_arrival_0000001_0043352.bil
++ cut -d. -f1
+ gdal_translate -a_srs 'EPSG: 32610' -co COMPRESS=DEFLATE -co ZLEVEL=9 ./outputs_C20.0_W7/time_of_arrival_0000001_0043352.bil ./outputs_C20.0_W7/time_of_arrival_0000001_0043352.tif
Input file size is 600, 600
0...10...20...30...40...50...60...70...80...90...100 - done.
+ for f in $OUTPUTS_DIR/*.bil
++ basename ./outputs_C20.0_W7/vs_0000001_0043352.bil
++ cut -d. -f1
+ gdal_translate -a_srs 'EPSG: 32610' -co COMPRESS=DEFLATE -co ZLEVEL=9 ./outputs_C20.0_W7/vs_0000001_0043352.bil ./outputs_C20.0_W7/vs_0000001_0043352.tif
Input file size is 600, 600
0...10...20...30...40...50...60...70...80...90...100 - done.
+ rm -f -r ./outputs_C20.0_W7/fire_size_stats.csv ./outputs_C20.0_W7/timings_firelabserver.csv ./outputs_C20.0_W7/flin_0000001_0043352.bil ./outputs_C20.0_W7/time_of_arrival_0000001_0043352.bil ./outputs_C20.0_W7/vs_0000001_0043352.bil ./outputs_C20.0_W7/flin_0000001_0043352.hdr ./outputs_C20.0_W7/time_of_arrival_0000001_0043352.hdr ./outputs_C20.0_W7/vs_0000001_0043352.hdr ./inputs/ws.tif
+ for WIND_SPEED in $(seq 0 1 30)
+ OUTPUTS_DIR=./outputs_C20.0_W8
+ replace_line OUTPUTS_DIRECTORY ./outputs_C20.0_W8 yes
+ MATCH_PATTERN=OUTPUTS_DIRECTORY
+ NEW_VALUE=./outputs_C20.0_W8
+ IS_STRING=yes
++ grep -n OUTPUTS_DIRECTORY ./inputs/elmfire.data
++ cut -d: -f1
+ LINE=25
+ sed -i '25 d' ./inputs/elmfire.data
+ '[' yes = yes ']'
+ sed -i '25 i OUTPUTS_DIRECTORY = '\''./outputs_C20.0_W8'\''' ./inputs/elmfire.data
+ '[' -d ./outputs_C20.0_W8 ']'
+ mkdir ./outputs_C20.0_W8
+ gdal_calc.py -A ./scratch/float.tif --co=COMPRESS=DEFLATE --co=ZLEVEL=9 --NoDataValue=-9999 --outfile=./inputs/ws.tif '--calc=A + 8'
0...10...20...30...40...50...60...70...80...90...100 - done.
+ /home/dwip/binYiren_SU2/elmfire_2024.0916 ./inputs/elmfire.data
 ELMFIRE 2024.0916
 Reading &MISCELLANEOUS namelist group
 Reading &INPUTS namelist group
 Reading &OUTPUTS namelist group
 Reading &COMPUTATIONAL_DOMAIN namelist group
 Reading &TIME_CONTROL namelist group
 Reading &SIMULATOR namelist group
 Reading &WUI namelist group
 Reading &CALIBRATION namelist group
 Reading &SUPPRESSION namelist group
 Reading &SPOTTING namelist group
 Reading &SMOKE namelist group
 Reading &MONTE_CARLO namelist group
 Reading headers for fuels/topography and weather rasters
/usr/bin/gdal_translate -of ENVI -co "INTERLEAVE=BSQ" ./inputs/asp.tif ./scratch/asp.bsq
Input file size is 600, 600
0...10...20...30...40...50...60...70...80...90...100 - done.
/usr/bin/gdal_translate -of ENVI -co "INTERLEAVE=BSQ" ./inputs/ws.tif ./scratch/ws.bsq
Input file size is 600, 600
0...10...20...30...40...50...60...70...80...90...100 - done.
 Setting up shared memory, part 1
 Reading weather, fuel, and topography rasters
/bin/rm -f ./scratch/ws.bsq ./scratch/ws.hdr ./scratch/ws.prj ./scratch/ws.bsq.aux.xml
/usr/bin/gdal_translate -of ENVI -co "INTERLEAVE=BSQ" ./inputs/ws.tif ./scratch/ws.bsq
Input file size is 600, 600
0...10...20...30...40...50...60...70...80...90...100 - done.
/bin/rm -f ./scratch/wd.bsq ./scratch/wd.hdr ./scratch/wd.prj ./scratch/wd.bsq.aux.xml
/usr/bin/gdal_translate -of ENVI -co "INTERLEAVE=BSQ" ./inputs/wd.tif ./scratch/wd.bsq
Input file size is 600, 600
0...10...20...30...40...50...60...70...80...90...100 - done.
/bin/rm -f ./scratch/m1.bsq ./scratch/m1.hdr ./scratch/m1.prj ./scratch/m1.bsq.aux.xml
/usr/bin/gdal_translate -of ENVI -co "INTERLEAVE=BSQ" ./inputs/m1.tif ./scratch/m1.bsq
Input file size is 600, 600
0...10...20...30...40...50...60...70...80...90...100 - done.
/bin/rm -f ./scratch/m10.bsq ./scratch/m10.hdr ./scratch/m10.prj ./scratch/m10.bsq.aux.xml
/usr/bin/gdal_translate -of ENVI -co "INTERLEAVE=BSQ" ./inputs/m10.tif ./scratch/m10.bsq
Input file size is 600, 600
0...10...20...30...40...50...60...70...80...90...100 - done.
/bin/rm -f ./scratch/m100.bsq ./scratch/m100.hdr ./scratch/m100.prj ./scratch/m100.bsq.aux.xml
/usr/bin/gdal_translate -of ENVI -co "INTERLEAVE=BSQ" ./inputs/m100.tif ./scratch/m100.bsq
Input file size is 600, 600
0...10...20...30...40...50...60...70...80...90...100 - done.
 Reading fuel and topography rasters
/bin/rm -f ./scratch/asp.bsq ./scratch/asp.hdr ./scratch/asp.prj ./scratch/asp.bsq.aux.xml
/usr/bin/gdal_translate -of ENVI -co "INTERLEAVE=BSQ" ./inputs/asp.tif ./scratch/asp.bsq
Input file size is 600, 600
0...10...20...30...40...50...60...70...80...90...100 - done.
/bin/rm -f ./scratch/cbh.bsq ./scratch/cbh.hdr ./scratch/cbh.prj ./scratch/cbh.bsq.aux.xml
/usr/bin/gdal_translate -of ENVI -co "INTERLEAVE=BSQ" ./inputs/cbh.tif ./scratch/cbh.bsq
Input file size is 600, 600
0...10...20...30...40...50...60...70...80...90...100 - done.
/bin/rm -f ./scratch/cbd.bsq ./scratch/cbd.hdr ./scratch/cbd.prj ./scratch/cbd.bsq.aux.xml
/usr/bin/gdal_translate -of ENVI -co "INTERLEAVE=BSQ" ./inputs/cbd.tif ./scratch/cbd.bsq
Input file size is 600, 600
0...10...20...30...40...50...60...70...80...90...100 - done.
/bin/rm -f ./scratch/cc.bsq ./scratch/cc.hdr ./scratch/cc.prj ./scratch/cc.bsq.aux.xml
/usr/bin/gdal_translate -of ENVI -co "INTERLEAVE=BSQ" ./inputs/cc.tif ./scratch/cc.bsq
Input file size is 600, 600
0...10...20...30...40...50...60...70...80...90...100 - done.
/bin/rm -f ./scratch/ch.bsq ./scratch/ch.hdr ./scratch/ch.prj ./scratch/ch.bsq.aux.xml
/usr/bin/gdal_translate -of ENVI -co "INTERLEAVE=BSQ" ./inputs/ch.tif ./scratch/ch.bsq
Input file size is 600, 600
0...10...20...30...40...50...60...70...80...90...100 - done.
/bin/rm -f ./scratch/dem.bsq ./scratch/dem.hdr ./scratch/dem.prj ./scratch/dem.bsq.aux.xml
/usr/bin/gdal_translate -of ENVI -co "INTERLEAVE=BSQ" ./inputs/dem.tif ./scratch/dem.bsq
Input file size is 600, 600
0...10...20...30...40...50...60...70...80...90...100 - done.
/bin/rm -f ./scratch/fbfm40.bsq ./scratch/fbfm40.hdr ./scratch/fbfm40.prj ./scratch/fbfm40.bsq.aux.xml
/usr/bin/gdal_translate -of ENVI -co "INTERLEAVE=BSQ" ./inputs/fbfm40.tif ./scratch/fbfm40.bsq
Input file size is 600, 600
0...10...20...30...40...50...60...70...80...90...100 - done.
/bin/rm -f ./scratch/slp.bsq ./scratch/slp.hdr ./scratch/slp.prj ./scratch/slp.bsq.aux.xml
/usr/bin/gdal_translate -of ENVI -co "INTERLEAVE=BSQ" ./inputs/slp.tif ./scratch/slp.bsq
Input file size is 600, 600
0...10...20...30...40...50...60...70...80...90...100 - done.
/bin/rm -f ./scratch/adj.bsq ./scratch/adj.hdr ./scratch/adj.prj ./scratch/adj.bsq.aux.xml
/usr/bin/gdal_translate -of ENVI -co "INTERLEAVE=BSQ" ./inputs/adj.tif ./scratch/adj.bsq
Input file size is 600, 600
0...10...20...30...40...50...60...70...80...90...100 - done.
/bin/rm -f ./scratch/phi.bsq ./scratch/phi.hdr ./scratch/phi.prj ./scratch/phi.bsq.aux.xml
/usr/bin/gdal_translate -of ENVI -co "INTERLEAVE=BSQ" ./inputs/phi.tif ./scratch/phi.bsq
Input file size is 600, 600
0...10...20...30...40...50...60...70...80...90...100 - done.
 Allocating additional rasters
 Setting up shared memory, part 2
 Setting up statistics arrays
 ELMFIRE is running each ensemble member
Meteorology band      1: Case #       1 complete.  Fire area:    302.7 acres.
 End of simulation reached successfully. Shutting down.
+ for f in $OUTPUTS_DIR/*.bil
++ basename ./outputs_C20.0_W8/flin_0000001_0043429.bil
++ cut -d. -f1
+ gdal_translate -a_srs 'EPSG: 32610' -co COMPRESS=DEFLATE -co ZLEVEL=9 ./outputs_C20.0_W8/flin_0000001_0043429.bil ./outputs_C20.0_W8/flin_0000001_0043429.tif
Input file size is 600, 600
0...10...20...30...40...50...60...70...80...90...100 - done.
+ for f in $OUTPUTS_DIR/*.bil
++ basename ./outputs_C20.0_W8/time_of_arrival_0000001_0043429.bil
++ cut -d. -f1
+ gdal_translate -a_srs 'EPSG: 32610' -co COMPRESS=DEFLATE -co ZLEVEL=9 ./outputs_C20.0_W8/time_of_arrival_0000001_0043429.bil ./outputs_C20.0_W8/time_of_arrival_0000001_0043429.tif
Input file size is 600, 600
0...10...20...30...40...50...60...70...80...90...100 - done.
+ for f in $OUTPUTS_DIR/*.bil
++ basename ./outputs_C20.0_W8/vs_0000001_0043429.bil
++ cut -d. -f1
+ gdal_translate -a_srs 'EPSG: 32610' -co COMPRESS=DEFLATE -co ZLEVEL=9 ./outputs_C20.0_W8/vs_0000001_0043429.bil ./outputs_C20.0_W8/vs_0000001_0043429.tif
Input file size is 600, 600
0...10...20...30...40...50...60...70...80...90...100 - done.
+ rm -f -r ./outputs_C20.0_W8/fire_size_stats.csv ./outputs_C20.0_W8/timings_firelabserver.csv ./outputs_C20.0_W8/flin_0000001_0043429.bil ./outputs_C20.0_W8/time_of_arrival_0000001_0043429.bil ./outputs_C20.0_W8/vs_0000001_0043429.bil ./outputs_C20.0_W8/flin_0000001_0043429.hdr ./outputs_C20.0_W8/time_of_arrival_0000001_0043429.hdr ./outputs_C20.0_W8/vs_0000001_0043429.hdr ./inputs/ws.tif
+ for WIND_SPEED in $(seq 0 1 30)
+ OUTPUTS_DIR=./outputs_C20.0_W9
+ replace_line OUTPUTS_DIRECTORY ./outputs_C20.0_W9 yes
+ MATCH_PATTERN=OUTPUTS_DIRECTORY
+ NEW_VALUE=./outputs_C20.0_W9
+ IS_STRING=yes
++ grep -n OUTPUTS_DIRECTORY ./inputs/elmfire.data
++ cut -d: -f1
+ LINE=25
+ sed -i '25 d' ./inputs/elmfire.data
+ '[' yes = yes ']'
+ sed -i '25 i OUTPUTS_DIRECTORY = '\''./outputs_C20.0_W9'\''' ./inputs/elmfire.data
+ '[' -d ./outputs_C20.0_W9 ']'
+ mkdir ./outputs_C20.0_W9
+ gdal_calc.py -A ./scratch/float.tif --co=COMPRESS=DEFLATE --co=ZLEVEL=9 --NoDataValue=-9999 --outfile=./inputs/ws.tif '--calc=A + 9'
0...10...20...30...40...50...60...70...80...90...100 - done.
+ /home/dwip/binYiren_SU2/elmfire_2024.0916 ./inputs/elmfire.data
 ELMFIRE 2024.0916
 Reading &MISCELLANEOUS namelist group
 Reading &INPUTS namelist group
 Reading &OUTPUTS namelist group
 Reading &COMPUTATIONAL_DOMAIN namelist group
 Reading &TIME_CONTROL namelist group
 Reading &SIMULATOR namelist group
 Reading &WUI namelist group
 Reading &CALIBRATION namelist group
 Reading &SUPPRESSION namelist group
 Reading &SPOTTING namelist group
 Reading &SMOKE namelist group
 Reading &MONTE_CARLO namelist group
 Reading headers for fuels/topography and weather rasters
/usr/bin/gdal_translate -of ENVI -co "INTERLEAVE=BSQ" ./inputs/asp.tif ./scratch/asp.bsq
Input file size is 600, 600
0...10...20...30...40...50...60...70...80...90...100 - done.
/usr/bin/gdal_translate -of ENVI -co "INTERLEAVE=BSQ" ./inputs/ws.tif ./scratch/ws.bsq
Input file size is 600, 600
0...10...20...30...40...50...60...70...80...90...100 - done.
 Setting up shared memory, part 1
 Reading weather, fuel, and topography rasters
/bin/rm -f ./scratch/ws.bsq ./scratch/ws.hdr ./scratch/ws.prj ./scratch/ws.bsq.aux.xml
/usr/bin/gdal_translate -of ENVI -co "INTERLEAVE=BSQ" ./inputs/ws.tif ./scratch/ws.bsq
Input file size is 600, 600
0...10...20...30...40...50...60...70...80...90...100 - done.
/bin/rm -f ./scratch/wd.bsq ./scratch/wd.hdr ./scratch/wd.prj ./scratch/wd.bsq.aux.xml
/usr/bin/gdal_translate -of ENVI -co "INTERLEAVE=BSQ" ./inputs/wd.tif ./scratch/wd.bsq
Input file size is 600, 600
0...10...20...30...40...50...60...70...80...90...100 - done.
/bin/rm -f ./scratch/m1.bsq ./scratch/m1.hdr ./scratch/m1.prj ./scratch/m1.bsq.aux.xml
/usr/bin/gdal_translate -of ENVI -co "INTERLEAVE=BSQ" ./inputs/m1.tif ./scratch/m1.bsq
Input file size is 600, 600
0...10...20...30...40...50...60...70...80...90...100 - done.
/bin/rm -f ./scratch/m10.bsq ./scratch/m10.hdr ./scratch/m10.prj ./scratch/m10.bsq.aux.xml
/usr/bin/gdal_translate -of ENVI -co "INTERLEAVE=BSQ" ./inputs/m10.tif ./scratch/m10.bsq
Input file size is 600, 600
0...10...20...30...40...50...60...70...80...90...100 - done.
/bin/rm -f ./scratch/m100.bsq ./scratch/m100.hdr ./scratch/m100.prj ./scratch/m100.bsq.aux.xml
/usr/bin/gdal_translate -of ENVI -co "INTERLEAVE=BSQ" ./inputs/m100.tif ./scratch/m100.bsq
Input file size is 600, 600
0...10...20...30...40...50...60...70...80...90...100 - done.
 Reading fuel and topography rasters
/bin/rm -f ./scratch/asp.bsq ./scratch/asp.hdr ./scratch/asp.prj ./scratch/asp.bsq.aux.xml
/usr/bin/gdal_translate -of ENVI -co "INTERLEAVE=BSQ" ./inputs/asp.tif ./scratch/asp.bsq
Input file size is 600, 600
0...10...20...30...40...50...60...70...80...90...100 - done.
/bin/rm -f ./scratch/cbh.bsq ./scratch/cbh.hdr ./scratch/cbh.prj ./scratch/cbh.bsq.aux.xml
/usr/bin/gdal_translate -of ENVI -co "INTERLEAVE=BSQ" ./inputs/cbh.tif ./scratch/cbh.bsq
Input file size is 600, 600
0...10...20...30...40...50...60...70...80...90...100 - done.
/bin/rm -f ./scratch/cbd.bsq ./scratch/cbd.hdr ./scratch/cbd.prj ./scratch/cbd.bsq.aux.xml
/usr/bin/gdal_translate -of ENVI -co "INTERLEAVE=BSQ" ./inputs/cbd.tif ./scratch/cbd.bsq
Input file size is 600, 600
0...10...20...30...40...50...60...70...80...90...100 - done.
/bin/rm -f ./scratch/cc.bsq ./scratch/cc.hdr ./scratch/cc.prj ./scratch/cc.bsq.aux.xml
/usr/bin/gdal_translate -of ENVI -co "INTERLEAVE=BSQ" ./inputs/cc.tif ./scratch/cc.bsq
Input file size is 600, 600
0...10...20...30...40...50...60...70...80...90...100 - done.
/bin/rm -f ./scratch/ch.bsq ./scratch/ch.hdr ./scratch/ch.prj ./scratch/ch.bsq.aux.xml
/usr/bin/gdal_translate -of ENVI -co "INTERLEAVE=BSQ" ./inputs/ch.tif ./scratch/ch.bsq
Input file size is 600, 600
0...10...20...30...40...50...60...70...80...90...100 - done.
/bin/rm -f ./scratch/dem.bsq ./scratch/dem.hdr ./scratch/dem.prj ./scratch/dem.bsq.aux.xml
/usr/bin/gdal_translate -of ENVI -co "INTERLEAVE=BSQ" ./inputs/dem.tif ./scratch/dem.bsq
Input file size is 600, 600
0...10...20...30...40...50...60...70...80...90...100 - done.
/bin/rm -f ./scratch/fbfm40.bsq ./scratch/fbfm40.hdr ./scratch/fbfm40.prj ./scratch/fbfm40.bsq.aux.xml
/usr/bin/gdal_translate -of ENVI -co "INTERLEAVE=BSQ" ./inputs/fbfm40.tif ./scratch/fbfm40.bsq
Input file size is 600, 600
0...10...20...30...40...50...60...70...80...90...100 - done.
/bin/rm -f ./scratch/slp.bsq ./scratch/slp.hdr ./scratch/slp.prj ./scratch/slp.bsq.aux.xml
/usr/bin/gdal_translate -of ENVI -co "INTERLEAVE=BSQ" ./inputs/slp.tif ./scratch/slp.bsq
Input file size is 600, 600
0...10...20...30...40...50...60...70...80...90...100 - done.
/bin/rm -f ./scratch/adj.bsq ./scratch/adj.hdr ./scratch/adj.prj ./scratch/adj.bsq.aux.xml
/usr/bin/gdal_translate -of ENVI -co "INTERLEAVE=BSQ" ./inputs/adj.tif ./scratch/adj.bsq
Input file size is 600, 600
0...10...20...30...40...50...60...70...80...90...100 - done.
/bin/rm -f ./scratch/phi.bsq ./scratch/phi.hdr ./scratch/phi.prj ./scratch/phi.bsq.aux.xml
/usr/bin/gdal_translate -of ENVI -co "INTERLEAVE=BSQ" ./inputs/phi.tif ./scratch/phi.bsq
Input file size is 600, 600
0...10...20...30...40...50...60...70...80...90...100 - done.
 Allocating additional rasters
 Setting up shared memory, part 2
 Setting up statistics arrays
 ELMFIRE is running each ensemble member
Meteorology band      1: Case #       1 complete.  Fire area:    337.4 acres.
 End of simulation reached successfully. Shutting down.
+ for f in $OUTPUTS_DIR/*.bil
++ basename ./outputs_C20.0_W9/flin_0000001_0043484.bil
++ cut -d. -f1
+ gdal_translate -a_srs 'EPSG: 32610' -co COMPRESS=DEFLATE -co ZLEVEL=9 ./outputs_C20.0_W9/flin_0000001_0043484.bil ./outputs_C20.0_W9/flin_0000001_0043484.tif
Input file size is 600, 600
0...10...20...30...40...50...60...70...80...90...100 - done.
+ for f in $OUTPUTS_DIR/*.bil
++ basename ./outputs_C20.0_W9/time_of_arrival_0000001_0043484.bil
++ cut -d. -f1
+ gdal_translate -a_srs 'EPSG: 32610' -co COMPRESS=DEFLATE -co ZLEVEL=9 ./outputs_C20.0_W9/time_of_arrival_0000001_0043484.bil ./outputs_C20.0_W9/time_of_arrival_0000001_0043484.tif
Input file size is 600, 600
0...10...20...30...40...50...60...70...80...90...100 - done.
+ for f in $OUTPUTS_DIR/*.bil
++ basename ./outputs_C20.0_W9/vs_0000001_0043484.bil
++ cut -d. -f1
+ gdal_translate -a_srs 'EPSG: 32610' -co COMPRESS=DEFLATE -co ZLEVEL=9 ./outputs_C20.0_W9/vs_0000001_0043484.bil ./outputs_C20.0_W9/vs_0000001_0043484.tif
Input file size is 600, 600
0...10...20...30...40...50...60...70...80...90...100 - done.
+ rm -f -r ./outputs_C20.0_W9/fire_size_stats.csv ./outputs_C20.0_W9/timings_firelabserver.csv ./outputs_C20.0_W9/flin_0000001_0043484.bil ./outputs_C20.0_W9/time_of_arrival_0000001_0043484.bil ./outputs_C20.0_W9/vs_0000001_0043484.bil ./outputs_C20.0_W9/flin_0000001_0043484.hdr ./outputs_C20.0_W9/time_of_arrival_0000001_0043484.hdr ./outputs_C20.0_W9/vs_0000001_0043484.hdr ./inputs/ws.tif
+ for WIND_SPEED in $(seq 0 1 30)
+ OUTPUTS_DIR=./outputs_C20.0_W10
+ replace_line OUTPUTS_DIRECTORY ./outputs_C20.0_W10 yes
+ MATCH_PATTERN=OUTPUTS_DIRECTORY
+ NEW_VALUE=./outputs_C20.0_W10
+ IS_STRING=yes
++ grep -n OUTPUTS_DIRECTORY ./inputs/elmfire.data
++ cut -d: -f1
+ LINE=25
+ sed -i '25 d' ./inputs/elmfire.data
+ '[' yes = yes ']'
+ sed -i '25 i OUTPUTS_DIRECTORY = '\''./outputs_C20.0_W10'\''' ./inputs/elmfire.data
+ '[' -d ./outputs_C20.0_W10 ']'
+ mkdir ./outputs_C20.0_W10
+ gdal_calc.py -A ./scratch/float.tif --co=COMPRESS=DEFLATE --co=ZLEVEL=9 --NoDataValue=-9999 --outfile=./inputs/ws.tif '--calc=A + 10'
0...10...20...30...40...50...60...70...80...90...100 - done.
+ /home/dwip/binYiren_SU2/elmfire_2024.0916 ./inputs/elmfire.data
 ELMFIRE 2024.0916
 Reading &MISCELLANEOUS namelist group
 Reading &INPUTS namelist group
 Reading &OUTPUTS namelist group
 Reading &COMPUTATIONAL_DOMAIN namelist group
 Reading &TIME_CONTROL namelist group
 Reading &SIMULATOR namelist group
 Reading &WUI namelist group
 Reading &CALIBRATION namelist group
 Reading &SUPPRESSION namelist group
 Reading &SPOTTING namelist group
 Reading &SMOKE namelist group
 Reading &MONTE_CARLO namelist group
 Reading headers for fuels/topography and weather rasters
/usr/bin/gdal_translate -of ENVI -co "INTERLEAVE=BSQ" ./inputs/asp.tif ./scratch/asp.bsq
Input file size is 600, 600
0...10...20...30...40...50...60...70...80...90...100 - done.
/usr/bin/gdal_translate -of ENVI -co "INTERLEAVE=BSQ" ./inputs/ws.tif ./scratch/ws.bsq
Input file size is 600, 600
0...10...20...30...40...50...60...70...80...90...100 - done.
 Setting up shared memory, part 1
 Reading weather, fuel, and topography rasters
/bin/rm -f ./scratch/ws.bsq ./scratch/ws.hdr ./scratch/ws.prj ./scratch/ws.bsq.aux.xml
/usr/bin/gdal_translate -of ENVI -co "INTERLEAVE=BSQ" ./inputs/ws.tif ./scratch/ws.bsq
Input file size is 600, 600
0...10...20...30...40...50...60...70...80...90...100 - done.
/bin/rm -f ./scratch/wd.bsq ./scratch/wd.hdr ./scratch/wd.prj ./scratch/wd.bsq.aux.xml
/usr/bin/gdal_translate -of ENVI -co "INTERLEAVE=BSQ" ./inputs/wd.tif ./scratch/wd.bsq
Input file size is 600, 600
0...10...20...30...40...50...60...70...80...90...100 - done.
/bin/rm -f ./scratch/m1.bsq ./scratch/m1.hdr ./scratch/m1.prj ./scratch/m1.bsq.aux.xml
/usr/bin/gdal_translate -of ENVI -co "INTERLEAVE=BSQ" ./inputs/m1.tif ./scratch/m1.bsq
Input file size is 600, 600
0...10...20...30...40...50...60...70...80...90...100 - done.
/bin/rm -f ./scratch/m10.bsq ./scratch/m10.hdr ./scratch/m10.prj ./scratch/m10.bsq.aux.xml
/usr/bin/gdal_translate -of ENVI -co "INTERLEAVE=BSQ" ./inputs/m10.tif ./scratch/m10.bsq
Input file size is 600, 600
0...10...20...30...40...50...60...70...80...90...100 - done.
/bin/rm -f ./scratch/m100.bsq ./scratch/m100.hdr ./scratch/m100.prj ./scratch/m100.bsq.aux.xml
/usr/bin/gdal_translate -of ENVI -co "INTERLEAVE=BSQ" ./inputs/m100.tif ./scratch/m100.bsq
Input file size is 600, 600
0...10...20...30...40...50...60...70...80...90...100 - done.
 Reading fuel and topography rasters
/bin/rm -f ./scratch/asp.bsq ./scratch/asp.hdr ./scratch/asp.prj ./scratch/asp.bsq.aux.xml
/usr/bin/gdal_translate -of ENVI -co "INTERLEAVE=BSQ" ./inputs/asp.tif ./scratch/asp.bsq
Input file size is 600, 600
0...10...20...30...40...50...60...70...80...90...100 - done.
/bin/rm -f ./scratch/cbh.bsq ./scratch/cbh.hdr ./scratch/cbh.prj ./scratch/cbh.bsq.aux.xml
/usr/bin/gdal_translate -of ENVI -co "INTERLEAVE=BSQ" ./inputs/cbh.tif ./scratch/cbh.bsq
Input file size is 600, 600
0...10...20...30...40...50...60...70...80...90...100 - done.
/bin/rm -f ./scratch/cbd.bsq ./scratch/cbd.hdr ./scratch/cbd.prj ./scratch/cbd.bsq.aux.xml
/usr/bin/gdal_translate -of ENVI -co "INTERLEAVE=BSQ" ./inputs/cbd.tif ./scratch/cbd.bsq
Input file size is 600, 600
0...10...20...30...40...50...60...70...80...90...100 - done.
/bin/rm -f ./scratch/cc.bsq ./scratch/cc.hdr ./scratch/cc.prj ./scratch/cc.bsq.aux.xml
/usr/bin/gdal_translate -of ENVI -co "INTERLEAVE=BSQ" ./inputs/cc.tif ./scratch/cc.bsq
Input file size is 600, 600
0...10...20...30...40...50...60...70...80...90...100 - done.
/bin/rm -f ./scratch/ch.bsq ./scratch/ch.hdr ./scratch/ch.prj ./scratch/ch.bsq.aux.xml
/usr/bin/gdal_translate -of ENVI -co "INTERLEAVE=BSQ" ./inputs/ch.tif ./scratch/ch.bsq
Input file size is 600, 600
0...10...20...30...40...50...60...70...80...90...100 - done.
/bin/rm -f ./scratch/dem.bsq ./scratch/dem.hdr ./scratch/dem.prj ./scratch/dem.bsq.aux.xml
/usr/bin/gdal_translate -of ENVI -co "INTERLEAVE=BSQ" ./inputs/dem.tif ./scratch/dem.bsq
Input file size is 600, 600
0...10...20...30...40...50...60...70...80...90...100 - done.
/bin/rm -f ./scratch/fbfm40.bsq ./scratch/fbfm40.hdr ./scratch/fbfm40.prj ./scratch/fbfm40.bsq.aux.xml
/usr/bin/gdal_translate -of ENVI -co "INTERLEAVE=BSQ" ./inputs/fbfm40.tif ./scratch/fbfm40.bsq
Input file size is 600, 600
0...10...20...30...40...50...60...70...80...90...100 - done.
/bin/rm -f ./scratch/slp.bsq ./scratch/slp.hdr ./scratch/slp.prj ./scratch/slp.bsq.aux.xml
/usr/bin/gdal_translate -of ENVI -co "INTERLEAVE=BSQ" ./inputs/slp.tif ./scratch/slp.bsq
Input file size is 600, 600
0...10...20...30...40...50...60...70...80...90...100 - done.
/bin/rm -f ./scratch/adj.bsq ./scratch/adj.hdr ./scratch/adj.prj ./scratch/adj.bsq.aux.xml
/usr/bin/gdal_translate -of ENVI -co "INTERLEAVE=BSQ" ./inputs/adj.tif ./scratch/adj.bsq
Input file size is 600, 600
0...10...20...30...40...50...60...70...80...90...100 - done.
/bin/rm -f ./scratch/phi.bsq ./scratch/phi.hdr ./scratch/phi.prj ./scratch/phi.bsq.aux.xml
/usr/bin/gdal_translate -of ENVI -co "INTERLEAVE=BSQ" ./inputs/phi.tif ./scratch/phi.bsq
Input file size is 600, 600
0...10...20...30...40...50...60...70...80...90...100 - done.
 Allocating additional rasters
 Setting up shared memory, part 2
 Setting up statistics arrays
 ELMFIRE is running each ensemble member
Meteorology band      1: Case #       1 complete.  Fire area:    380.5 acres.
 End of simulation reached successfully. Shutting down.
+ for f in $OUTPUTS_DIR/*.bil
++ basename ./outputs_C20.0_W10/flin_0000001_0043449.bil
++ cut -d. -f1
+ gdal_translate -a_srs 'EPSG: 32610' -co COMPRESS=DEFLATE -co ZLEVEL=9 ./outputs_C20.0_W10/flin_0000001_0043449.bil ./outputs_C20.0_W10/flin_0000001_0043449.tif
Input file size is 600, 600
0...10...20...30...40...50...60...70...80...90...100 - done.
+ for f in $OUTPUTS_DIR/*.bil
++ basename ./outputs_C20.0_W10/time_of_arrival_0000001_0043449.bil
++ cut -d. -f1
+ gdal_translate -a_srs 'EPSG: 32610' -co COMPRESS=DEFLATE -co ZLEVEL=9 ./outputs_C20.0_W10/time_of_arrival_0000001_0043449.bil ./outputs_C20.0_W10/time_of_arrival_0000001_0043449.tif
Input file size is 600, 600
0...10...20...30...40...50...60...70...80...90...100 - done.
+ for f in $OUTPUTS_DIR/*.bil
++ basename ./outputs_C20.0_W10/vs_0000001_0043449.bil
++ cut -d. -f1
+ gdal_translate -a_srs 'EPSG: 32610' -co COMPRESS=DEFLATE -co ZLEVEL=9 ./outputs_C20.0_W10/vs_0000001_0043449.bil ./outputs_C20.0_W10/vs_0000001_0043449.tif
Input file size is 600, 600
0...10...20...30...40...50...60...70...80...90...100 - done.
+ rm -f -r ./outputs_C20.0_W10/fire_size_stats.csv ./outputs_C20.0_W10/timings_firelabserver.csv ./outputs_C20.0_W10/flin_0000001_0043449.bil ./outputs_C20.0_W10/time_of_arrival_0000001_0043449.bil ./outputs_C20.0_W10/vs_0000001_0043449.bil ./outputs_C20.0_W10/flin_0000001_0043449.hdr ./outputs_C20.0_W10/time_of_arrival_0000001_0043449.hdr ./outputs_C20.0_W10/vs_0000001_0043449.hdr ./inputs/ws.tif
+ for WIND_SPEED in $(seq 0 1 30)
+ OUTPUTS_DIR=./outputs_C20.0_W11
+ replace_line OUTPUTS_DIRECTORY ./outputs_C20.0_W11 yes
+ MATCH_PATTERN=OUTPUTS_DIRECTORY
+ NEW_VALUE=./outputs_C20.0_W11
+ IS_STRING=yes
++ grep -n OUTPUTS_DIRECTORY ./inputs/elmfire.data
++ cut -d: -f1
+ LINE=25
+ sed -i '25 d' ./inputs/elmfire.data
+ '[' yes = yes ']'
+ sed -i '25 i OUTPUTS_DIRECTORY = '\''./outputs_C20.0_W11'\''' ./inputs/elmfire.data
+ '[' -d ./outputs_C20.0_W11 ']'
+ mkdir ./outputs_C20.0_W11
+ gdal_calc.py -A ./scratch/float.tif --co=COMPRESS=DEFLATE --co=ZLEVEL=9 --NoDataValue=-9999 --outfile=./inputs/ws.tif '--calc=A + 11'
0...10...20...30...40...50...60...70...80...90...100 - done.
+ /home/dwip/binYiren_SU2/elmfire_2024.0916 ./inputs/elmfire.data
 ELMFIRE 2024.0916
 Reading &MISCELLANEOUS namelist group
 Reading &INPUTS namelist group
 Reading &OUTPUTS namelist group
 Reading &COMPUTATIONAL_DOMAIN namelist group
 Reading &TIME_CONTROL namelist group
 Reading &SIMULATOR namelist group
 Reading &WUI namelist group
 Reading &CALIBRATION namelist group
 Reading &SUPPRESSION namelist group
 Reading &SPOTTING namelist group
 Reading &SMOKE namelist group
 Reading &MONTE_CARLO namelist group
 Reading headers for fuels/topography and weather rasters
/usr/bin/gdal_translate -of ENVI -co "INTERLEAVE=BSQ" ./inputs/asp.tif ./scratch/asp.bsq
Input file size is 600, 600
0...10...20...30...40...50...60...70...80...90...100 - done.
/usr/bin/gdal_translate -of ENVI -co "INTERLEAVE=BSQ" ./inputs/ws.tif ./scratch/ws.bsq
Input file size is 600, 600
0...10...20...30...40...50...60...70...80...90...100 - done.
 Setting up shared memory, part 1
 Reading weather, fuel, and topography rasters
/bin/rm -f ./scratch/ws.bsq ./scratch/ws.hdr ./scratch/ws.prj ./scratch/ws.bsq.aux.xml
/usr/bin/gdal_translate -of ENVI -co "INTERLEAVE=BSQ" ./inputs/ws.tif ./scratch/ws.bsq
Input file size is 600, 600
0...10...20...30...40...50...60...70...80...90...100 - done.
/bin/rm -f ./scratch/wd.bsq ./scratch/wd.hdr ./scratch/wd.prj ./scratch/wd.bsq.aux.xml
/usr/bin/gdal_translate -of ENVI -co "INTERLEAVE=BSQ" ./inputs/wd.tif ./scratch/wd.bsq
Input file size is 600, 600
0...10...20...30...40...50...60...70...80...90...100 - done.
/bin/rm -f ./scratch/m1.bsq ./scratch/m1.hdr ./scratch/m1.prj ./scratch/m1.bsq.aux.xml
/usr/bin/gdal_translate -of ENVI -co "INTERLEAVE=BSQ" ./inputs/m1.tif ./scratch/m1.bsq
Input file size is 600, 600
0...10...20...30...40...50...60...70...80...90...100 - done.
/bin/rm -f ./scratch/m10.bsq ./scratch/m10.hdr ./scratch/m10.prj ./scratch/m10.bsq.aux.xml
/usr/bin/gdal_translate -of ENVI -co "INTERLEAVE=BSQ" ./inputs/m10.tif ./scratch/m10.bsq
Input file size is 600, 600
0...10...20...30...40...50...60...70...80...90...100 - done.
/bin/rm -f ./scratch/m100.bsq ./scratch/m100.hdr ./scratch/m100.prj ./scratch/m100.bsq.aux.xml
/usr/bin/gdal_translate -of ENVI -co "INTERLEAVE=BSQ" ./inputs/m100.tif ./scratch/m100.bsq
Input file size is 600, 600
0...10...20...30...40...50...60...70...80...90...100 - done.
 Reading fuel and topography rasters
/bin/rm -f ./scratch/asp.bsq ./scratch/asp.hdr ./scratch/asp.prj ./scratch/asp.bsq.aux.xml
/usr/bin/gdal_translate -of ENVI -co "INTERLEAVE=BSQ" ./inputs/asp.tif ./scratch/asp.bsq
Input file size is 600, 600
0...10...20...30...40...50...60...70...80...90...100 - done.
/bin/rm -f ./scratch/cbh.bsq ./scratch/cbh.hdr ./scratch/cbh.prj ./scratch/cbh.bsq.aux.xml
/usr/bin/gdal_translate -of ENVI -co "INTERLEAVE=BSQ" ./inputs/cbh.tif ./scratch/cbh.bsq
Input file size is 600, 600
0...10...20...30...40...50...60...70...80...90...100 - done.
/bin/rm -f ./scratch/cbd.bsq ./scratch/cbd.hdr ./scratch/cbd.prj ./scratch/cbd.bsq.aux.xml
/usr/bin/gdal_translate -of ENVI -co "INTERLEAVE=BSQ" ./inputs/cbd.tif ./scratch/cbd.bsq
Input file size is 600, 600
0...10...20...30...40...50...60...70...80...90...100 - done.
/bin/rm -f ./scratch/cc.bsq ./scratch/cc.hdr ./scratch/cc.prj ./scratch/cc.bsq.aux.xml
/usr/bin/gdal_translate -of ENVI -co "INTERLEAVE=BSQ" ./inputs/cc.tif ./scratch/cc.bsq
Input file size is 600, 600
0...10...20...30...40...50...60...70...80...90...100 - done.
/bin/rm -f ./scratch/ch.bsq ./scratch/ch.hdr ./scratch/ch.prj ./scratch/ch.bsq.aux.xml
/usr/bin/gdal_translate -of ENVI -co "INTERLEAVE=BSQ" ./inputs/ch.tif ./scratch/ch.bsq
Input file size is 600, 600
0...10...20...30...40...50...60...70...80...90...100 - done.
/bin/rm -f ./scratch/dem.bsq ./scratch/dem.hdr ./scratch/dem.prj ./scratch/dem.bsq.aux.xml
/usr/bin/gdal_translate -of ENVI -co "INTERLEAVE=BSQ" ./inputs/dem.tif ./scratch/dem.bsq
Input file size is 600, 600
0...10...20...30...40...50...60...70...80...90...100 - done.
/bin/rm -f ./scratch/fbfm40.bsq ./scratch/fbfm40.hdr ./scratch/fbfm40.prj ./scratch/fbfm40.bsq.aux.xml
/usr/bin/gdal_translate -of ENVI -co "INTERLEAVE=BSQ" ./inputs/fbfm40.tif ./scratch/fbfm40.bsq
Input file size is 600, 600
0...10...20...30...40...50...60...70...80...90...100 - done.
/bin/rm -f ./scratch/slp.bsq ./scratch/slp.hdr ./scratch/slp.prj ./scratch/slp.bsq.aux.xml
/usr/bin/gdal_translate -of ENVI -co "INTERLEAVE=BSQ" ./inputs/slp.tif ./scratch/slp.bsq
Input file size is 600, 600
0...10...20...30...40...50...60...70...80...90...100 - done.
/bin/rm -f ./scratch/adj.bsq ./scratch/adj.hdr ./scratch/adj.prj ./scratch/adj.bsq.aux.xml
/usr/bin/gdal_translate -of ENVI -co "INTERLEAVE=BSQ" ./inputs/adj.tif ./scratch/adj.bsq
Input file size is 600, 600
0...10...20...30...40...50...60...70...80...90...100 - done.
/bin/rm -f ./scratch/phi.bsq ./scratch/phi.hdr ./scratch/phi.prj ./scratch/phi.bsq.aux.xml
/usr/bin/gdal_translate -of ENVI -co "INTERLEAVE=BSQ" ./inputs/phi.tif ./scratch/phi.bsq
Input file size is 600, 600
0...10...20...30...40...50...60...70...80...90...100 - done.
 Allocating additional rasters
 Setting up shared memory, part 2
 Setting up statistics arrays
 ELMFIRE is running each ensemble member
Meteorology band      1: Case #       1 complete.  Fire area:    424.6 acres.
 End of simulation reached successfully. Shutting down.
+ for f in $OUTPUTS_DIR/*.bil
++ basename ./outputs_C20.0_W11/flin_0000001_0043332.bil
++ cut -d. -f1
+ gdal_translate -a_srs 'EPSG: 32610' -co COMPRESS=DEFLATE -co ZLEVEL=9 ./outputs_C20.0_W11/flin_0000001_0043332.bil ./outputs_C20.0_W11/flin_0000001_0043332.tif
Input file size is 600, 600
0...10...20...30...40...50...60...70...80...90...100 - done.
+ for f in $OUTPUTS_DIR/*.bil
++ basename ./outputs_C20.0_W11/time_of_arrival_0000001_0043332.bil
++ cut -d. -f1
+ gdal_translate -a_srs 'EPSG: 32610' -co COMPRESS=DEFLATE -co ZLEVEL=9 ./outputs_C20.0_W11/time_of_arrival_0000001_0043332.bil ./outputs_C20.0_W11/time_of_arrival_0000001_0043332.tif
Input file size is 600, 600
0...10...20...30...40...50...60...70...80...90...100 - done.
+ for f in $OUTPUTS_DIR/*.bil
++ cut -d. -f1
++ basename ./outputs_C20.0_W11/vs_0000001_0043332.bil
+ gdal_translate -a_srs 'EPSG: 32610' -co COMPRESS=DEFLATE -co ZLEVEL=9 ./outputs_C20.0_W11/vs_0000001_0043332.bil ./outputs_C20.0_W11/vs_0000001_0043332.tif
Input file size is 600, 600
0...10...20...30...40...50...60...70...80...90...100 - done.
+ rm -f -r ./outputs_C20.0_W11/fire_size_stats.csv ./outputs_C20.0_W11/timings_firelabserver.csv ./outputs_C20.0_W11/flin_0000001_0043332.bil ./outputs_C20.0_W11/time_of_arrival_0000001_0043332.bil ./outputs_C20.0_W11/vs_0000001_0043332.bil ./outputs_C20.0_W11/flin_0000001_0043332.hdr ./outputs_C20.0_W11/time_of_arrival_0000001_0043332.hdr ./outputs_C20.0_W11/vs_0000001_0043332.hdr ./inputs/ws.tif
+ for WIND_SPEED in $(seq 0 1 30)
+ OUTPUTS_DIR=./outputs_C20.0_W12
+ replace_line OUTPUTS_DIRECTORY ./outputs_C20.0_W12 yes
+ MATCH_PATTERN=OUTPUTS_DIRECTORY
+ NEW_VALUE=./outputs_C20.0_W12
+ IS_STRING=yes
++ grep -n OUTPUTS_DIRECTORY ./inputs/elmfire.data
++ cut -d: -f1
+ LINE=25
+ sed -i '25 d' ./inputs/elmfire.data
+ '[' yes = yes ']'
+ sed -i '25 i OUTPUTS_DIRECTORY = '\''./outputs_C20.0_W12'\''' ./inputs/elmfire.data
+ '[' -d ./outputs_C20.0_W12 ']'
+ mkdir ./outputs_C20.0_W12
+ gdal_calc.py -A ./scratch/float.tif --co=COMPRESS=DEFLATE --co=ZLEVEL=9 --NoDataValue=-9999 --outfile=./inputs/ws.tif '--calc=A + 12'
0...10...20...30...40...50...60...70...80...90...100 - done.
+ /home/dwip/binYiren_SU2/elmfire_2024.0916 ./inputs/elmfire.data
 ELMFIRE 2024.0916
 Reading &MISCELLANEOUS namelist group
 Reading &INPUTS namelist group
 Reading &OUTPUTS namelist group
 Reading &COMPUTATIONAL_DOMAIN namelist group
 Reading &TIME_CONTROL namelist group
 Reading &SIMULATOR namelist group
 Reading &WUI namelist group
 Reading &CALIBRATION namelist group
 Reading &SUPPRESSION namelist group
 Reading &SPOTTING namelist group
 Reading &SMOKE namelist group
 Reading &MONTE_CARLO namelist group
 Reading headers for fuels/topography and weather rasters
/usr/bin/gdal_translate -of ENVI -co "INTERLEAVE=BSQ" ./inputs/asp.tif ./scratch/asp.bsq
Input file size is 600, 600
0...10...20...30...40...50...60...70...80...90...100 - done.
/usr/bin/gdal_translate -of ENVI -co "INTERLEAVE=BSQ" ./inputs/ws.tif ./scratch/ws.bsq
Input file size is 600, 600
0...10...20...30...40...50...60...70...80...90...100 - done.
 Setting up shared memory, part 1
 Reading weather, fuel, and topography rasters
/bin/rm -f ./scratch/ws.bsq ./scratch/ws.hdr ./scratch/ws.prj ./scratch/ws.bsq.aux.xml
/usr/bin/gdal_translate -of ENVI -co "INTERLEAVE=BSQ" ./inputs/ws.tif ./scratch/ws.bsq
Input file size is 600, 600
0...10...20...30...40...50...60...70...80...90...100 - done.
/bin/rm -f ./scratch/wd.bsq ./scratch/wd.hdr ./scratch/wd.prj ./scratch/wd.bsq.aux.xml
/usr/bin/gdal_translate -of ENVI -co "INTERLEAVE=BSQ" ./inputs/wd.tif ./scratch/wd.bsq
Input file size is 600, 600
0...10...20...30...40...50...60...70...80...90...100 - done.
/bin/rm -f ./scratch/m1.bsq ./scratch/m1.hdr ./scratch/m1.prj ./scratch/m1.bsq.aux.xml
/usr/bin/gdal_translate -of ENVI -co "INTERLEAVE=BSQ" ./inputs/m1.tif ./scratch/m1.bsq
Input file size is 600, 600
0...10...20...30...40...50...60...70...80...90...100 - done.
/bin/rm -f ./scratch/m10.bsq ./scratch/m10.hdr ./scratch/m10.prj ./scratch/m10.bsq.aux.xml
/usr/bin/gdal_translate -of ENVI -co "INTERLEAVE=BSQ" ./inputs/m10.tif ./scratch/m10.bsq
Input file size is 600, 600
0...10...20...30...40...50...60...70...80...90...100 - done.
/bin/rm -f ./scratch/m100.bsq ./scratch/m100.hdr ./scratch/m100.prj ./scratch/m100.bsq.aux.xml
/usr/bin/gdal_translate -of ENVI -co "INTERLEAVE=BSQ" ./inputs/m100.tif ./scratch/m100.bsq
Input file size is 600, 600
0...10...20...30...40...50...60...70...80...90...100 - done.
 Reading fuel and topography rasters
/bin/rm -f ./scratch/asp.bsq ./scratch/asp.hdr ./scratch/asp.prj ./scratch/asp.bsq.aux.xml
/usr/bin/gdal_translate -of ENVI -co "INTERLEAVE=BSQ" ./inputs/asp.tif ./scratch/asp.bsq
Input file size is 600, 600
0...10...20...30...40...50...60...70...80...90...100 - done.
/bin/rm -f ./scratch/cbh.bsq ./scratch/cbh.hdr ./scratch/cbh.prj ./scratch/cbh.bsq.aux.xml
/usr/bin/gdal_translate -of ENVI -co "INTERLEAVE=BSQ" ./inputs/cbh.tif ./scratch/cbh.bsq
Input file size is 600, 600
0...10...20...30...40...50...60...70...80...90...100 - done.
/bin/rm -f ./scratch/cbd.bsq ./scratch/cbd.hdr ./scratch/cbd.prj ./scratch/cbd.bsq.aux.xml
/usr/bin/gdal_translate -of ENVI -co "INTERLEAVE=BSQ" ./inputs/cbd.tif ./scratch/cbd.bsq
Input file size is 600, 600
0...10...20...30...40...50...60...70...80...90...100 - done.
/bin/rm -f ./scratch/cc.bsq ./scratch/cc.hdr ./scratch/cc.prj ./scratch/cc.bsq.aux.xml
/usr/bin/gdal_translate -of ENVI -co "INTERLEAVE=BSQ" ./inputs/cc.tif ./scratch/cc.bsq
Input file size is 600, 600
0...10...20...30...40...50...60...70...80...90...100 - done.
/bin/rm -f ./scratch/ch.bsq ./scratch/ch.hdr ./scratch/ch.prj ./scratch/ch.bsq.aux.xml
/usr/bin/gdal_translate -of ENVI -co "INTERLEAVE=BSQ" ./inputs/ch.tif ./scratch/ch.bsq
Input file size is 600, 600
0...10...20...30...40...50...60...70...80...90...100 - done.
/bin/rm -f ./scratch/dem.bsq ./scratch/dem.hdr ./scratch/dem.prj ./scratch/dem.bsq.aux.xml
/usr/bin/gdal_translate -of ENVI -co "INTERLEAVE=BSQ" ./inputs/dem.tif ./scratch/dem.bsq
Input file size is 600, 600
0...10...20...30...40...50...60...70...80...90...100 - done.
/bin/rm -f ./scratch/fbfm40.bsq ./scratch/fbfm40.hdr ./scratch/fbfm40.prj ./scratch/fbfm40.bsq.aux.xml
/usr/bin/gdal_translate -of ENVI -co "INTERLEAVE=BSQ" ./inputs/fbfm40.tif ./scratch/fbfm40.bsq
Input file size is 600, 600
0...10...20...30...40...50...60...70...80...90...100 - done.
/bin/rm -f ./scratch/slp.bsq ./scratch/slp.hdr ./scratch/slp.prj ./scratch/slp.bsq.aux.xml
/usr/bin/gdal_translate -of ENVI -co "INTERLEAVE=BSQ" ./inputs/slp.tif ./scratch/slp.bsq
Input file size is 600, 600
0...10...20...30...40...50...60...70...80...90...100 - done.
/bin/rm -f ./scratch/adj.bsq ./scratch/adj.hdr ./scratch/adj.prj ./scratch/adj.bsq.aux.xml
/usr/bin/gdal_translate -of ENVI -co "INTERLEAVE=BSQ" ./inputs/adj.tif ./scratch/adj.bsq
Input file size is 600, 600
0...10...20...30...40...50...60...70...80...90...100 - done.
/bin/rm -f ./scratch/phi.bsq ./scratch/phi.hdr ./scratch/phi.prj ./scratch/phi.bsq.aux.xml
/usr/bin/gdal_translate -of ENVI -co "INTERLEAVE=BSQ" ./inputs/phi.tif ./scratch/phi.bsq
Input file size is 600, 600
0...10...20...30...40...50...60...70...80...90...100 - done.
 Allocating additional rasters
 Setting up shared memory, part 2
 Setting up statistics arrays
 ELMFIRE is running each ensemble member
Meteorology band      1: Case #       1 complete.  Fire area:    477.4 acres.
 End of simulation reached successfully. Shutting down.
+ for f in $OUTPUTS_DIR/*.bil
++ basename ./outputs_C20.0_W12/flin_0000001_0043399.bil
++ cut -d. -f1
+ gdal_translate -a_srs 'EPSG: 32610' -co COMPRESS=DEFLATE -co ZLEVEL=9 ./outputs_C20.0_W12/flin_0000001_0043399.bil ./outputs_C20.0_W12/flin_0000001_0043399.tif
Input file size is 600, 600
0...10...20...30...40...50...60...70...80...90...100 - done.
+ for f in $OUTPUTS_DIR/*.bil
++ basename ./outputs_C20.0_W12/time_of_arrival_0000001_0043399.bil
++ cut -d. -f1
+ gdal_translate -a_srs 'EPSG: 32610' -co COMPRESS=DEFLATE -co ZLEVEL=9 ./outputs_C20.0_W12/time_of_arrival_0000001_0043399.bil ./outputs_C20.0_W12/time_of_arrival_0000001_0043399.tif
Input file size is 600, 600
0...10...20...30...40...50...60...70...80...90...100 - done.
+ for f in $OUTPUTS_DIR/*.bil
++ basename ./outputs_C20.0_W12/vs_0000001_0043399.bil
++ cut -d. -f1
+ gdal_translate -a_srs 'EPSG: 32610' -co COMPRESS=DEFLATE -co ZLEVEL=9 ./outputs_C20.0_W12/vs_0000001_0043399.bil ./outputs_C20.0_W12/vs_0000001_0043399.tif
Input file size is 600, 600
0...10...20...30...40...50...60...70...80...90...100 - done.
+ rm -f -r ./outputs_C20.0_W12/fire_size_stats.csv ./outputs_C20.0_W12/timings_firelabserver.csv ./outputs_C20.0_W12/flin_0000001_0043399.bil ./outputs_C20.0_W12/time_of_arrival_0000001_0043399.bil ./outputs_C20.0_W12/vs_0000001_0043399.bil ./outputs_C20.0_W12/flin_0000001_0043399.hdr ./outputs_C20.0_W12/time_of_arrival_0000001_0043399.hdr ./outputs_C20.0_W12/vs_0000001_0043399.hdr ./inputs/ws.tif
+ for WIND_SPEED in $(seq 0 1 30)
+ OUTPUTS_DIR=./outputs_C20.0_W13
+ replace_line OUTPUTS_DIRECTORY ./outputs_C20.0_W13 yes
+ MATCH_PATTERN=OUTPUTS_DIRECTORY
+ NEW_VALUE=./outputs_C20.0_W13
+ IS_STRING=yes
++ grep -n OUTPUTS_DIRECTORY ./inputs/elmfire.data
++ cut -d: -f1
+ LINE=25
+ sed -i '25 d' ./inputs/elmfire.data
+ '[' yes = yes ']'
+ sed -i '25 i OUTPUTS_DIRECTORY = '\''./outputs_C20.0_W13'\''' ./inputs/elmfire.data
+ '[' -d ./outputs_C20.0_W13 ']'
+ mkdir ./outputs_C20.0_W13
+ gdal_calc.py -A ./scratch/float.tif --co=COMPRESS=DEFLATE --co=ZLEVEL=9 --NoDataValue=-9999 --outfile=./inputs/ws.tif '--calc=A + 13'
0...10...20...30...40...50...60...70...80...90...100 - done.
+ /home/dwip/binYiren_SU2/elmfire_2024.0916 ./inputs/elmfire.data
 ELMFIRE 2024.0916
 Reading &MISCELLANEOUS namelist group
 Reading &INPUTS namelist group
 Reading &OUTPUTS namelist group
 Reading &COMPUTATIONAL_DOMAIN namelist group
 Reading &TIME_CONTROL namelist group
 Reading &SIMULATOR namelist group
 Reading &WUI namelist group
 Reading &CALIBRATION namelist group
 Reading &SUPPRESSION namelist group
 Reading &SPOTTING namelist group
 Reading &SMOKE namelist group
 Reading &MONTE_CARLO namelist group
 Reading headers for fuels/topography and weather rasters
/usr/bin/gdal_translate -of ENVI -co "INTERLEAVE=BSQ" ./inputs/asp.tif ./scratch/asp.bsq
Input file size is 600, 600
0...10...20...30...40...50...60...70...80...90...100 - done.
/usr/bin/gdal_translate -of ENVI -co "INTERLEAVE=BSQ" ./inputs/ws.tif ./scratch/ws.bsq
Input file size is 600, 600
0...10...20...30...40...50...60...70...80...90...100 - done.
 Setting up shared memory, part 1
 Reading weather, fuel, and topography rasters
/bin/rm -f ./scratch/ws.bsq ./scratch/ws.hdr ./scratch/ws.prj ./scratch/ws.bsq.aux.xml
/usr/bin/gdal_translate -of ENVI -co "INTERLEAVE=BSQ" ./inputs/ws.tif ./scratch/ws.bsq
Input file size is 600, 600
0...10...20...30...40...50...60...70...80...90...100 - done.
/bin/rm -f ./scratch/wd.bsq ./scratch/wd.hdr ./scratch/wd.prj ./scratch/wd.bsq.aux.xml
/usr/bin/gdal_translate -of ENVI -co "INTERLEAVE=BSQ" ./inputs/wd.tif ./scratch/wd.bsq
Input file size is 600, 600
0...10...20...30...40...50...60...70...80...90...100 - done.
/bin/rm -f ./scratch/m1.bsq ./scratch/m1.hdr ./scratch/m1.prj ./scratch/m1.bsq.aux.xml
/usr/bin/gdal_translate -of ENVI -co "INTERLEAVE=BSQ" ./inputs/m1.tif ./scratch/m1.bsq
Input file size is 600, 600
0...10...20...30...40...50...60...70...80...90...100 - done.
/bin/rm -f ./scratch/m10.bsq ./scratch/m10.hdr ./scratch/m10.prj ./scratch/m10.bsq.aux.xml
/usr/bin/gdal_translate -of ENVI -co "INTERLEAVE=BSQ" ./inputs/m10.tif ./scratch/m10.bsq
Input file size is 600, 600
0...10...20...30...40...50...60...70...80...90...100 - done.
/bin/rm -f ./scratch/m100.bsq ./scratch/m100.hdr ./scratch/m100.prj ./scratch/m100.bsq.aux.xml
/usr/bin/gdal_translate -of ENVI -co "INTERLEAVE=BSQ" ./inputs/m100.tif ./scratch/m100.bsq
Input file size is 600, 600
0...10...20...30...40...50...60...70...80...90...100 - done.
 Reading fuel and topography rasters
/bin/rm -f ./scratch/asp.bsq ./scratch/asp.hdr ./scratch/asp.prj ./scratch/asp.bsq.aux.xml
/usr/bin/gdal_translate -of ENVI -co "INTERLEAVE=BSQ" ./inputs/asp.tif ./scratch/asp.bsq
Input file size is 600, 600
0...10...20...30...40...50...60...70...80...90...100 - done.
/bin/rm -f ./scratch/cbh.bsq ./scratch/cbh.hdr ./scratch/cbh.prj ./scratch/cbh.bsq.aux.xml
/usr/bin/gdal_translate -of ENVI -co "INTERLEAVE=BSQ" ./inputs/cbh.tif ./scratch/cbh.bsq
Input file size is 600, 600
0...10...20...30...40...50...60...70...80...90...100 - done.
/bin/rm -f ./scratch/cbd.bsq ./scratch/cbd.hdr ./scratch/cbd.prj ./scratch/cbd.bsq.aux.xml
/usr/bin/gdal_translate -of ENVI -co "INTERLEAVE=BSQ" ./inputs/cbd.tif ./scratch/cbd.bsq
Input file size is 600, 600
0...10...20...30...40...50...60...70...80...90...100 - done.
/bin/rm -f ./scratch/cc.bsq ./scratch/cc.hdr ./scratch/cc.prj ./scratch/cc.bsq.aux.xml
/usr/bin/gdal_translate -of ENVI -co "INTERLEAVE=BSQ" ./inputs/cc.tif ./scratch/cc.bsq
Input file size is 600, 600
0...10...20...30...40...50...60...70...80...90...100 - done.
/bin/rm -f ./scratch/ch.bsq ./scratch/ch.hdr ./scratch/ch.prj ./scratch/ch.bsq.aux.xml
/usr/bin/gdal_translate -of ENVI -co "INTERLEAVE=BSQ" ./inputs/ch.tif ./scratch/ch.bsq
Input file size is 600, 600
0...10...20...30...40...50...60...70...80...90...100 - done.
/bin/rm -f ./scratch/dem.bsq ./scratch/dem.hdr ./scratch/dem.prj ./scratch/dem.bsq.aux.xml
/usr/bin/gdal_translate -of ENVI -co "INTERLEAVE=BSQ" ./inputs/dem.tif ./scratch/dem.bsq
Input file size is 600, 600
0...10...20...30...40...50...60...70...80...90...100 - done.
/bin/rm -f ./scratch/fbfm40.bsq ./scratch/fbfm40.hdr ./scratch/fbfm40.prj ./scratch/fbfm40.bsq.aux.xml
/usr/bin/gdal_translate -of ENVI -co "INTERLEAVE=BSQ" ./inputs/fbfm40.tif ./scratch/fbfm40.bsq
Input file size is 600, 600
0...10...20...30...40...50...60...70...80...90...100 - done.
/bin/rm -f ./scratch/slp.bsq ./scratch/slp.hdr ./scratch/slp.prj ./scratch/slp.bsq.aux.xml
/usr/bin/gdal_translate -of ENVI -co "INTERLEAVE=BSQ" ./inputs/slp.tif ./scratch/slp.bsq
Input file size is 600, 600
0...10...20...30...40...50...60...70...80...90...100 - done.
/bin/rm -f ./scratch/adj.bsq ./scratch/adj.hdr ./scratch/adj.prj ./scratch/adj.bsq.aux.xml
/usr/bin/gdal_translate -of ENVI -co "INTERLEAVE=BSQ" ./inputs/adj.tif ./scratch/adj.bsq
Input file size is 600, 600
0...10...20...30...40...50...60...70...80...90...100 - done.
/bin/rm -f ./scratch/phi.bsq ./scratch/phi.hdr ./scratch/phi.prj ./scratch/phi.bsq.aux.xml
/usr/bin/gdal_translate -of ENVI -co "INTERLEAVE=BSQ" ./inputs/phi.tif ./scratch/phi.bsq
Input file size is 600, 600
0...10...20...30...40...50...60...70...80...90...100 - done.
 Allocating additional rasters
 Setting up shared memory, part 2
 Setting up statistics arrays
 ELMFIRE is running each ensemble member
Meteorology band      1: Case #       1 complete.  Fire area:    506.7 acres.
 End of simulation reached successfully. Shutting down.
+ for f in $OUTPUTS_DIR/*.bil
++ basename ./outputs_C20.0_W13/flin_0000001_0043286.bil
++ cut -d. -f1
+ gdal_translate -a_srs 'EPSG: 32610' -co COMPRESS=DEFLATE -co ZLEVEL=9 ./outputs_C20.0_W13/flin_0000001_0043286.bil ./outputs_C20.0_W13/flin_0000001_0043286.tif
Input file size is 600, 600
0...10...20...30...40...50...60...70...80...90...100 - done.
+ for f in $OUTPUTS_DIR/*.bil
++ basename ./outputs_C20.0_W13/time_of_arrival_0000001_0043286.bil
++ cut -d. -f1
+ gdal_translate -a_srs 'EPSG: 32610' -co COMPRESS=DEFLATE -co ZLEVEL=9 ./outputs_C20.0_W13/time_of_arrival_0000001_0043286.bil ./outputs_C20.0_W13/time_of_arrival_0000001_0043286.tif
Input file size is 600, 600
0...10...20...30...40...50...60...70...80...90...100 - done.
+ for f in $OUTPUTS_DIR/*.bil
++ basename ./outputs_C20.0_W13/vs_0000001_0043286.bil
++ cut -d. -f1
+ gdal_translate -a_srs 'EPSG: 32610' -co COMPRESS=DEFLATE -co ZLEVEL=9 ./outputs_C20.0_W13/vs_0000001_0043286.bil ./outputs_C20.0_W13/vs_0000001_0043286.tif
Input file size is 600, 600
0...10...20...30...40...50...60...70...80...90...100 - done.
+ rm -f -r ./outputs_C20.0_W13/fire_size_stats.csv ./outputs_C20.0_W13/timings_firelabserver.csv ./outputs_C20.0_W13/flin_0000001_0043286.bil ./outputs_C20.0_W13/time_of_arrival_0000001_0043286.bil ./outputs_C20.0_W13/vs_0000001_0043286.bil ./outputs_C20.0_W13/flin_0000001_0043286.hdr ./outputs_C20.0_W13/time_of_arrival_0000001_0043286.hdr ./outputs_C20.0_W13/vs_0000001_0043286.hdr ./inputs/ws.tif
+ for WIND_SPEED in $(seq 0 1 30)
+ OUTPUTS_DIR=./outputs_C20.0_W14
+ replace_line OUTPUTS_DIRECTORY ./outputs_C20.0_W14 yes
+ MATCH_PATTERN=OUTPUTS_DIRECTORY
+ NEW_VALUE=./outputs_C20.0_W14
+ IS_STRING=yes
++ grep -n OUTPUTS_DIRECTORY ./inputs/elmfire.data
++ cut -d: -f1
+ LINE=25
+ sed -i '25 d' ./inputs/elmfire.data
+ '[' yes = yes ']'
+ sed -i '25 i OUTPUTS_DIRECTORY = '\''./outputs_C20.0_W14'\''' ./inputs/elmfire.data
+ '[' -d ./outputs_C20.0_W14 ']'
+ mkdir ./outputs_C20.0_W14
+ gdal_calc.py -A ./scratch/float.tif --co=COMPRESS=DEFLATE --co=ZLEVEL=9 --NoDataValue=-9999 --outfile=./inputs/ws.tif '--calc=A + 14'
0...10...20...30...40...50...60...70...80...90...100 - done.
+ /home/dwip/binYiren_SU2/elmfire_2024.0916 ./inputs/elmfire.data
 ELMFIRE 2024.0916
 Reading &MISCELLANEOUS namelist group
 Reading &INPUTS namelist group
 Reading &OUTPUTS namelist group
 Reading &COMPUTATIONAL_DOMAIN namelist group
 Reading &TIME_CONTROL namelist group
 Reading &SIMULATOR namelist group
 Reading &WUI namelist group
 Reading &CALIBRATION namelist group
 Reading &SUPPRESSION namelist group
 Reading &SPOTTING namelist group
 Reading &SMOKE namelist group
 Reading &MONTE_CARLO namelist group
 Reading headers for fuels/topography and weather rasters
/usr/bin/gdal_translate -of ENVI -co "INTERLEAVE=BSQ" ./inputs/asp.tif ./scratch/asp.bsq
Input file size is 600, 600
0...10...20...30...40...50...60...70...80...90...100 - done.
/usr/bin/gdal_translate -of ENVI -co "INTERLEAVE=BSQ" ./inputs/ws.tif ./scratch/ws.bsq
Input file size is 600, 600
0...10...20...30...40...50...60...70...80...90...100 - done.
 Setting up shared memory, part 1
 Reading weather, fuel, and topography rasters
/bin/rm -f ./scratch/ws.bsq ./scratch/ws.hdr ./scratch/ws.prj ./scratch/ws.bsq.aux.xml
/usr/bin/gdal_translate -of ENVI -co "INTERLEAVE=BSQ" ./inputs/ws.tif ./scratch/ws.bsq
Input file size is 600, 600
0...10...20...30...40...50...60...70...80...90...100 - done.
/bin/rm -f ./scratch/wd.bsq ./scratch/wd.hdr ./scratch/wd.prj ./scratch/wd.bsq.aux.xml
/usr/bin/gdal_translate -of ENVI -co "INTERLEAVE=BSQ" ./inputs/wd.tif ./scratch/wd.bsq
Input file size is 600, 600
0...10...20...30...40...50...60...70...80...90...100 - done.
/bin/rm -f ./scratch/m1.bsq ./scratch/m1.hdr ./scratch/m1.prj ./scratch/m1.bsq.aux.xml
/usr/bin/gdal_translate -of ENVI -co "INTERLEAVE=BSQ" ./inputs/m1.tif ./scratch/m1.bsq
Input file size is 600, 600
0...10...20...30...40...50...60...70...80...90...100 - done.
/bin/rm -f ./scratch/m10.bsq ./scratch/m10.hdr ./scratch/m10.prj ./scratch/m10.bsq.aux.xml
/usr/bin/gdal_translate -of ENVI -co "INTERLEAVE=BSQ" ./inputs/m10.tif ./scratch/m10.bsq
Input file size is 600, 600
0...10...20...30...40...50...60...70...80...90...100 - done.
/bin/rm -f ./scratch/m100.bsq ./scratch/m100.hdr ./scratch/m100.prj ./scratch/m100.bsq.aux.xml
/usr/bin/gdal_translate -of ENVI -co "INTERLEAVE=BSQ" ./inputs/m100.tif ./scratch/m100.bsq
Input file size is 600, 600
0...10...20...30...40...50...60...70...80...90...100 - done.
 Reading fuel and topography rasters
/bin/rm -f ./scratch/asp.bsq ./scratch/asp.hdr ./scratch/asp.prj ./scratch/asp.bsq.aux.xml
/usr/bin/gdal_translate -of ENVI -co "INTERLEAVE=BSQ" ./inputs/asp.tif ./scratch/asp.bsq
Input file size is 600, 600
0...10...20...30...40...50...60...70...80...90...100 - done.
/bin/rm -f ./scratch/cbh.bsq ./scratch/cbh.hdr ./scratch/cbh.prj ./scratch/cbh.bsq.aux.xml
/usr/bin/gdal_translate -of ENVI -co "INTERLEAVE=BSQ" ./inputs/cbh.tif ./scratch/cbh.bsq
Input file size is 600, 600
0...10...20...30...40...50...60...70...80...90...100 - done.
/bin/rm -f ./scratch/cbd.bsq ./scratch/cbd.hdr ./scratch/cbd.prj ./scratch/cbd.bsq.aux.xml
/usr/bin/gdal_translate -of ENVI -co "INTERLEAVE=BSQ" ./inputs/cbd.tif ./scratch/cbd.bsq
Input file size is 600, 600
0...10...20...30...40...50...60...70...80...90...100 - done.
/bin/rm -f ./scratch/cc.bsq ./scratch/cc.hdr ./scratch/cc.prj ./scratch/cc.bsq.aux.xml
/usr/bin/gdal_translate -of ENVI -co "INTERLEAVE=BSQ" ./inputs/cc.tif ./scratch/cc.bsq
Input file size is 600, 600
0...10...20...30...40...50...60...70...80...90...100 - done.
/bin/rm -f ./scratch/ch.bsq ./scratch/ch.hdr ./scratch/ch.prj ./scratch/ch.bsq.aux.xml
/usr/bin/gdal_translate -of ENVI -co "INTERLEAVE=BSQ" ./inputs/ch.tif ./scratch/ch.bsq
Input file size is 600, 600
0...10...20...30...40...50...60...70...80...90...100 - done.
/bin/rm -f ./scratch/dem.bsq ./scratch/dem.hdr ./scratch/dem.prj ./scratch/dem.bsq.aux.xml
/usr/bin/gdal_translate -of ENVI -co "INTERLEAVE=BSQ" ./inputs/dem.tif ./scratch/dem.bsq
Input file size is 600, 600
0...10...20...30...40...50...60...70...80...90...100 - done.
/bin/rm -f ./scratch/fbfm40.bsq ./scratch/fbfm40.hdr ./scratch/fbfm40.prj ./scratch/fbfm40.bsq.aux.xml
/usr/bin/gdal_translate -of ENVI -co "INTERLEAVE=BSQ" ./inputs/fbfm40.tif ./scratch/fbfm40.bsq
Input file size is 600, 600
0...10...20...30...40...50...60...70...80...90...100 - done.
/bin/rm -f ./scratch/slp.bsq ./scratch/slp.hdr ./scratch/slp.prj ./scratch/slp.bsq.aux.xml
/usr/bin/gdal_translate -of ENVI -co "INTERLEAVE=BSQ" ./inputs/slp.tif ./scratch/slp.bsq
Input file size is 600, 600
0...10...20...30...40...50...60...70...80...90...100 - done.
/bin/rm -f ./scratch/adj.bsq ./scratch/adj.hdr ./scratch/adj.prj ./scratch/adj.bsq.aux.xml
/usr/bin/gdal_translate -of ENVI -co "INTERLEAVE=BSQ" ./inputs/adj.tif ./scratch/adj.bsq
Input file size is 600, 600
0...10...20...30...40...50...60...70...80...90...100 - done.
/bin/rm -f ./scratch/phi.bsq ./scratch/phi.hdr ./scratch/phi.prj ./scratch/phi.bsq.aux.xml
/usr/bin/gdal_translate -of ENVI -co "INTERLEAVE=BSQ" ./inputs/phi.tif ./scratch/phi.bsq
Input file size is 600, 600
0...10...20...30...40...50...60...70...80...90...100 - done.
 Allocating additional rasters
 Setting up shared memory, part 2
 Setting up statistics arrays
 ELMFIRE is running each ensemble member
Meteorology band      1: Case #       1 complete.  Fire area:    551.8 acres.
 End of simulation reached successfully. Shutting down.
+ for f in $OUTPUTS_DIR/*.bil
++ basename ./outputs_C20.0_W14/flin_0000001_0043363.bil
++ cut -d. -f1
+ gdal_translate -a_srs 'EPSG: 32610' -co COMPRESS=DEFLATE -co ZLEVEL=9 ./outputs_C20.0_W14/flin_0000001_0043363.bil ./outputs_C20.0_W14/flin_0000001_0043363.tif
Input file size is 600, 600
0...10...20...30...40...50...60...70...80...90...100 - done.
+ for f in $OUTPUTS_DIR/*.bil
++ basename ./outputs_C20.0_W14/time_of_arrival_0000001_0043363.bil
++ cut -d. -f1
+ gdal_translate -a_srs 'EPSG: 32610' -co COMPRESS=DEFLATE -co ZLEVEL=9 ./outputs_C20.0_W14/time_of_arrival_0000001_0043363.bil ./outputs_C20.0_W14/time_of_arrival_0000001_0043363.tif
Input file size is 600, 600
0...10...20...30...40...50...60...70...80...90...100 - done.
+ for f in $OUTPUTS_DIR/*.bil
++ basename ./outputs_C20.0_W14/vs_0000001_0043363.bil
++ cut -d. -f1
+ gdal_translate -a_srs 'EPSG: 32610' -co COMPRESS=DEFLATE -co ZLEVEL=9 ./outputs_C20.0_W14/vs_0000001_0043363.bil ./outputs_C20.0_W14/vs_0000001_0043363.tif
Input file size is 600, 600
0...10...20...30...40...50...60...70...80...90...100 - done.
+ rm -f -r ./outputs_C20.0_W14/fire_size_stats.csv ./outputs_C20.0_W14/timings_firelabserver.csv ./outputs_C20.0_W14/flin_0000001_0043363.bil ./outputs_C20.0_W14/time_of_arrival_0000001_0043363.bil ./outputs_C20.0_W14/vs_0000001_0043363.bil ./outputs_C20.0_W14/flin_0000001_0043363.hdr ./outputs_C20.0_W14/time_of_arrival_0000001_0043363.hdr ./outputs_C20.0_W14/vs_0000001_0043363.hdr ./inputs/ws.tif
+ for WIND_SPEED in $(seq 0 1 30)
+ OUTPUTS_DIR=./outputs_C20.0_W15
+ replace_line OUTPUTS_DIRECTORY ./outputs_C20.0_W15 yes
+ MATCH_PATTERN=OUTPUTS_DIRECTORY
+ NEW_VALUE=./outputs_C20.0_W15
+ IS_STRING=yes
++ grep -n OUTPUTS_DIRECTORY ./inputs/elmfire.data
++ cut -d: -f1
+ LINE=25
+ sed -i '25 d' ./inputs/elmfire.data
+ '[' yes = yes ']'
+ sed -i '25 i OUTPUTS_DIRECTORY = '\''./outputs_C20.0_W15'\''' ./inputs/elmfire.data
+ '[' -d ./outputs_C20.0_W15 ']'
+ mkdir ./outputs_C20.0_W15
+ gdal_calc.py -A ./scratch/float.tif --co=COMPRESS=DEFLATE --co=ZLEVEL=9 --NoDataValue=-9999 --outfile=./inputs/ws.tif '--calc=A + 15'
0...10...20...30...40...50...60...70...80...90...100 - done.
+ /home/dwip/binYiren_SU2/elmfire_2024.0916 ./inputs/elmfire.data
 ELMFIRE 2024.0916
 Reading &MISCELLANEOUS namelist group
 Reading &INPUTS namelist group
 Reading &OUTPUTS namelist group
 Reading &COMPUTATIONAL_DOMAIN namelist group
 Reading &TIME_CONTROL namelist group
 Reading &SIMULATOR namelist group
 Reading &WUI namelist group
 Reading &CALIBRATION namelist group
 Reading &SUPPRESSION namelist group
 Reading &SPOTTING namelist group
 Reading &SMOKE namelist group
 Reading &MONTE_CARLO namelist group
 Reading headers for fuels/topography and weather rasters
/usr/bin/gdal_translate -of ENVI -co "INTERLEAVE=BSQ" ./inputs/asp.tif ./scratch/asp.bsq
Input file size is 600, 600
0...10...20...30...40...50...60...70...80...90...100 - done.
/usr/bin/gdal_translate -of ENVI -co "INTERLEAVE=BSQ" ./inputs/ws.tif ./scratch/ws.bsq
Input file size is 600, 600
0...10...20...30...40...50...60...70...80...90...100 - done.
 Setting up shared memory, part 1
 Reading weather, fuel, and topography rasters
/bin/rm -f ./scratch/ws.bsq ./scratch/ws.hdr ./scratch/ws.prj ./scratch/ws.bsq.aux.xml
/usr/bin/gdal_translate -of ENVI -co "INTERLEAVE=BSQ" ./inputs/ws.tif ./scratch/ws.bsq
Input file size is 600, 600
0...10...20...30...40...50...60...70...80...90...100 - done.
/bin/rm -f ./scratch/wd.bsq ./scratch/wd.hdr ./scratch/wd.prj ./scratch/wd.bsq.aux.xml
/usr/bin/gdal_translate -of ENVI -co "INTERLEAVE=BSQ" ./inputs/wd.tif ./scratch/wd.bsq
Input file size is 600, 600
0...10...20...30...40...50...60...70...80...90...100 - done.
/bin/rm -f ./scratch/m1.bsq ./scratch/m1.hdr ./scratch/m1.prj ./scratch/m1.bsq.aux.xml
/usr/bin/gdal_translate -of ENVI -co "INTERLEAVE=BSQ" ./inputs/m1.tif ./scratch/m1.bsq
Input file size is 600, 600
0...10...20...30...40...50...60...70...80...90...100 - done.
/bin/rm -f ./scratch/m10.bsq ./scratch/m10.hdr ./scratch/m10.prj ./scratch/m10.bsq.aux.xml
/usr/bin/gdal_translate -of ENVI -co "INTERLEAVE=BSQ" ./inputs/m10.tif ./scratch/m10.bsq
Input file size is 600, 600
0...10...20...30...40...50...60...70...80...90...100 - done.
/bin/rm -f ./scratch/m100.bsq ./scratch/m100.hdr ./scratch/m100.prj ./scratch/m100.bsq.aux.xml
/usr/bin/gdal_translate -of ENVI -co "INTERLEAVE=BSQ" ./inputs/m100.tif ./scratch/m100.bsq
Input file size is 600, 600
0...10...20...30...40...50...60...70...80...90...100 - done.
 Reading fuel and topography rasters
/bin/rm -f ./scratch/asp.bsq ./scratch/asp.hdr ./scratch/asp.prj ./scratch/asp.bsq.aux.xml
/usr/bin/gdal_translate -of ENVI -co "INTERLEAVE=BSQ" ./inputs/asp.tif ./scratch/asp.bsq
Input file size is 600, 600
0...10...20...30...40...50...60...70...80...90...100 - done.
/bin/rm -f ./scratch/cbh.bsq ./scratch/cbh.hdr ./scratch/cbh.prj ./scratch/cbh.bsq.aux.xml
/usr/bin/gdal_translate -of ENVI -co "INTERLEAVE=BSQ" ./inputs/cbh.tif ./scratch/cbh.bsq
Input file size is 600, 600
0...10...20...30...40...50...60...70...80...90...100 - done.
/bin/rm -f ./scratch/cbd.bsq ./scratch/cbd.hdr ./scratch/cbd.prj ./scratch/cbd.bsq.aux.xml
/usr/bin/gdal_translate -of ENVI -co "INTERLEAVE=BSQ" ./inputs/cbd.tif ./scratch/cbd.bsq
Input file size is 600, 600
0...10...20...30...40...50...60...70...80...90...100 - done.
/bin/rm -f ./scratch/cc.bsq ./scratch/cc.hdr ./scratch/cc.prj ./scratch/cc.bsq.aux.xml
/usr/bin/gdal_translate -of ENVI -co "INTERLEAVE=BSQ" ./inputs/cc.tif ./scratch/cc.bsq
Input file size is 600, 600
0...10...20...30...40...50...60...70...80...90...100 - done.
/bin/rm -f ./scratch/ch.bsq ./scratch/ch.hdr ./scratch/ch.prj ./scratch/ch.bsq.aux.xml
/usr/bin/gdal_translate -of ENVI -co "INTERLEAVE=BSQ" ./inputs/ch.tif ./scratch/ch.bsq
Input file size is 600, 600
0...10...20...30...40...50...60...70...80...90...100 - done.
/bin/rm -f ./scratch/dem.bsq ./scratch/dem.hdr ./scratch/dem.prj ./scratch/dem.bsq.aux.xml
/usr/bin/gdal_translate -of ENVI -co "INTERLEAVE=BSQ" ./inputs/dem.tif ./scratch/dem.bsq
Input file size is 600, 600
0...10...20...30...40...50...60...70...80...90...100 - done.
/bin/rm -f ./scratch/fbfm40.bsq ./scratch/fbfm40.hdr ./scratch/fbfm40.prj ./scratch/fbfm40.bsq.aux.xml
/usr/bin/gdal_translate -of ENVI -co "INTERLEAVE=BSQ" ./inputs/fbfm40.tif ./scratch/fbfm40.bsq
Input file size is 600, 600
0...10...20...30...40...50...60...70...80...90...100 - done.
/bin/rm -f ./scratch/slp.bsq ./scratch/slp.hdr ./scratch/slp.prj ./scratch/slp.bsq.aux.xml
/usr/bin/gdal_translate -of ENVI -co "INTERLEAVE=BSQ" ./inputs/slp.tif ./scratch/slp.bsq
Input file size is 600, 600
0...10...20...30...40...50...60...70...80...90...100 - done.
/bin/rm -f ./scratch/adj.bsq ./scratch/adj.hdr ./scratch/adj.prj ./scratch/adj.bsq.aux.xml
/usr/bin/gdal_translate -of ENVI -co "INTERLEAVE=BSQ" ./inputs/adj.tif ./scratch/adj.bsq
Input file size is 600, 600
0...10...20...30...40...50...60...70...80...90...100 - done.
/bin/rm -f ./scratch/phi.bsq ./scratch/phi.hdr ./scratch/phi.prj ./scratch/phi.bsq.aux.xml
/usr/bin/gdal_translate -of ENVI -co "INTERLEAVE=BSQ" ./inputs/phi.tif ./scratch/phi.bsq
Input file size is 600, 600
0...10...20...30...40...50...60...70...80...90...100 - done.
 Allocating additional rasters
 Setting up shared memory, part 2
 Setting up statistics arrays
 ELMFIRE is running each ensemble member
Meteorology band      1: Case #       1 complete.  Fire area:    596.7 acres.
 End of simulation reached successfully. Shutting down.
+ for f in $OUTPUTS_DIR/*.bil
++ basename ./outputs_C20.0_W15/flin_0000001_0043305.bil
++ cut -d. -f1
+ gdal_translate -a_srs 'EPSG: 32610' -co COMPRESS=DEFLATE -co ZLEVEL=9 ./outputs_C20.0_W15/flin_0000001_0043305.bil ./outputs_C20.0_W15/flin_0000001_0043305.tif
Input file size is 600, 600
0...10...20...30...40...50...60...70...80...90...100 - done.
+ for f in $OUTPUTS_DIR/*.bil
++ basename ./outputs_C20.0_W15/time_of_arrival_0000001_0043305.bil
++ cut -d. -f1
+ gdal_translate -a_srs 'EPSG: 32610' -co COMPRESS=DEFLATE -co ZLEVEL=9 ./outputs_C20.0_W15/time_of_arrival_0000001_0043305.bil ./outputs_C20.0_W15/time_of_arrival_0000001_0043305.tif
Input file size is 600, 600
0...10...20...30...40...50...60...70...80...90...100 - done.
+ for f in $OUTPUTS_DIR/*.bil
++ basename ./outputs_C20.0_W15/vs_0000001_0043305.bil
++ cut -d. -f1
+ gdal_translate -a_srs 'EPSG: 32610' -co COMPRESS=DEFLATE -co ZLEVEL=9 ./outputs_C20.0_W15/vs_0000001_0043305.bil ./outputs_C20.0_W15/vs_0000001_0043305.tif
Input file size is 600, 600
0...10...20...30...40...50...60...70...80...90...100 - done.
+ rm -f -r ./outputs_C20.0_W15/fire_size_stats.csv ./outputs_C20.0_W15/timings_firelabserver.csv ./outputs_C20.0_W15/flin_0000001_0043305.bil ./outputs_C20.0_W15/time_of_arrival_0000001_0043305.bil ./outputs_C20.0_W15/vs_0000001_0043305.bil ./outputs_C20.0_W15/flin_0000001_0043305.hdr ./outputs_C20.0_W15/time_of_arrival_0000001_0043305.hdr ./outputs_C20.0_W15/vs_0000001_0043305.hdr ./inputs/ws.tif
+ for WIND_SPEED in $(seq 0 1 30)
+ OUTPUTS_DIR=./outputs_C20.0_W16
+ replace_line OUTPUTS_DIRECTORY ./outputs_C20.0_W16 yes
+ MATCH_PATTERN=OUTPUTS_DIRECTORY
+ NEW_VALUE=./outputs_C20.0_W16
+ IS_STRING=yes
++ grep -n OUTPUTS_DIRECTORY ./inputs/elmfire.data
++ cut -d: -f1
+ LINE=25
+ sed -i '25 d' ./inputs/elmfire.data
+ '[' yes = yes ']'
+ sed -i '25 i OUTPUTS_DIRECTORY = '\''./outputs_C20.0_W16'\''' ./inputs/elmfire.data
+ '[' -d ./outputs_C20.0_W16 ']'
+ mkdir ./outputs_C20.0_W16
+ gdal_calc.py -A ./scratch/float.tif --co=COMPRESS=DEFLATE --co=ZLEVEL=9 --NoDataValue=-9999 --outfile=./inputs/ws.tif '--calc=A + 16'
0...10...20...30...40...50...60...70...80...90...100 - done.
+ /home/dwip/binYiren_SU2/elmfire_2024.0916 ./inputs/elmfire.data
 ELMFIRE 2024.0916
 Reading &MISCELLANEOUS namelist group
 Reading &INPUTS namelist group
 Reading &OUTPUTS namelist group
 Reading &COMPUTATIONAL_DOMAIN namelist group
 Reading &TIME_CONTROL namelist group
 Reading &SIMULATOR namelist group
 Reading &WUI namelist group
 Reading &CALIBRATION namelist group
 Reading &SUPPRESSION namelist group
 Reading &SPOTTING namelist group
 Reading &SMOKE namelist group
 Reading &MONTE_CARLO namelist group
 Reading headers for fuels/topography and weather rasters
/usr/bin/gdal_translate -of ENVI -co "INTERLEAVE=BSQ" ./inputs/asp.tif ./scratch/asp.bsq
Input file size is 600, 600
0...10...20...30...40...50...60...70...80...90...100 - done.
/usr/bin/gdal_translate -of ENVI -co "INTERLEAVE=BSQ" ./inputs/ws.tif ./scratch/ws.bsq
Input file size is 600, 600
0...10...20...30...40...50...60...70...80...90...100 - done.
 Setting up shared memory, part 1
 Reading weather, fuel, and topography rasters
/bin/rm -f ./scratch/ws.bsq ./scratch/ws.hdr ./scratch/ws.prj ./scratch/ws.bsq.aux.xml
/usr/bin/gdal_translate -of ENVI -co "INTERLEAVE=BSQ" ./inputs/ws.tif ./scratch/ws.bsq
Input file size is 600, 600
0...10...20...30...40...50...60...70...80...90...100 - done.
/bin/rm -f ./scratch/wd.bsq ./scratch/wd.hdr ./scratch/wd.prj ./scratch/wd.bsq.aux.xml
/usr/bin/gdal_translate -of ENVI -co "INTERLEAVE=BSQ" ./inputs/wd.tif ./scratch/wd.bsq
Input file size is 600, 600
0...10...20...30...40...50...60...70...80...90...100 - done.
/bin/rm -f ./scratch/m1.bsq ./scratch/m1.hdr ./scratch/m1.prj ./scratch/m1.bsq.aux.xml
/usr/bin/gdal_translate -of ENVI -co "INTERLEAVE=BSQ" ./inputs/m1.tif ./scratch/m1.bsq
Input file size is 600, 600
0...10...20...30...40...50...60...70...80...90...100 - done.
/bin/rm -f ./scratch/m10.bsq ./scratch/m10.hdr ./scratch/m10.prj ./scratch/m10.bsq.aux.xml
/usr/bin/gdal_translate -of ENVI -co "INTERLEAVE=BSQ" ./inputs/m10.tif ./scratch/m10.bsq
Input file size is 600, 600
0...10...20...30...40...50...60...70...80...90...100 - done.
/bin/rm -f ./scratch/m100.bsq ./scratch/m100.hdr ./scratch/m100.prj ./scratch/m100.bsq.aux.xml
/usr/bin/gdal_translate -of ENVI -co "INTERLEAVE=BSQ" ./inputs/m100.tif ./scratch/m100.bsq
Input file size is 600, 600
0...10...20...30...40...50...60...70...80...90...100 - done.
 Reading fuel and topography rasters
/bin/rm -f ./scratch/asp.bsq ./scratch/asp.hdr ./scratch/asp.prj ./scratch/asp.bsq.aux.xml
/usr/bin/gdal_translate -of ENVI -co "INTERLEAVE=BSQ" ./inputs/asp.tif ./scratch/asp.bsq
Input file size is 600, 600
0...10...20...30...40...50...60...70...80...90...100 - done.
/bin/rm -f ./scratch/cbh.bsq ./scratch/cbh.hdr ./scratch/cbh.prj ./scratch/cbh.bsq.aux.xml
/usr/bin/gdal_translate -of ENVI -co "INTERLEAVE=BSQ" ./inputs/cbh.tif ./scratch/cbh.bsq
Input file size is 600, 600
0...10...20...30...40...50...60...70...80...90...100 - done.
/bin/rm -f ./scratch/cbd.bsq ./scratch/cbd.hdr ./scratch/cbd.prj ./scratch/cbd.bsq.aux.xml
/usr/bin/gdal_translate -of ENVI -co "INTERLEAVE=BSQ" ./inputs/cbd.tif ./scratch/cbd.bsq
Input file size is 600, 600
0...10...20...30...40...50...60...70...80...90...100 - done.
/bin/rm -f ./scratch/cc.bsq ./scratch/cc.hdr ./scratch/cc.prj ./scratch/cc.bsq.aux.xml
/usr/bin/gdal_translate -of ENVI -co "INTERLEAVE=BSQ" ./inputs/cc.tif ./scratch/cc.bsq
Input file size is 600, 600
0...10...20...30...40...50...60...70...80...90...100 - done.
/bin/rm -f ./scratch/ch.bsq ./scratch/ch.hdr ./scratch/ch.prj ./scratch/ch.bsq.aux.xml
/usr/bin/gdal_translate -of ENVI -co "INTERLEAVE=BSQ" ./inputs/ch.tif ./scratch/ch.bsq
Input file size is 600, 600
0...10...20...30...40...50...60...70...80...90...100 - done.
/bin/rm -f ./scratch/dem.bsq ./scratch/dem.hdr ./scratch/dem.prj ./scratch/dem.bsq.aux.xml
/usr/bin/gdal_translate -of ENVI -co "INTERLEAVE=BSQ" ./inputs/dem.tif ./scratch/dem.bsq
Input file size is 600, 600
0...10...20...30...40...50...60...70...80...90...100 - done.
/bin/rm -f ./scratch/fbfm40.bsq ./scratch/fbfm40.hdr ./scratch/fbfm40.prj ./scratch/fbfm40.bsq.aux.xml
/usr/bin/gdal_translate -of ENVI -co "INTERLEAVE=BSQ" ./inputs/fbfm40.tif ./scratch/fbfm40.bsq
Input file size is 600, 600
0...10...20...30...40...50...60...70...80...90...100 - done.
/bin/rm -f ./scratch/slp.bsq ./scratch/slp.hdr ./scratch/slp.prj ./scratch/slp.bsq.aux.xml
/usr/bin/gdal_translate -of ENVI -co "INTERLEAVE=BSQ" ./inputs/slp.tif ./scratch/slp.bsq
Input file size is 600, 600
0...10...20...30...40...50...60...70...80...90...100 - done.
/bin/rm -f ./scratch/adj.bsq ./scratch/adj.hdr ./scratch/adj.prj ./scratch/adj.bsq.aux.xml
/usr/bin/gdal_translate -of ENVI -co "INTERLEAVE=BSQ" ./inputs/adj.tif ./scratch/adj.bsq
Input file size is 600, 600
0...10...20...30...40...50...60...70...80...90...100 - done.
/bin/rm -f ./scratch/phi.bsq ./scratch/phi.hdr ./scratch/phi.prj ./scratch/phi.bsq.aux.xml
/usr/bin/gdal_translate -of ENVI -co "INTERLEAVE=BSQ" ./inputs/phi.tif ./scratch/phi.bsq
Input file size is 600, 600
0...10...20...30...40...50...60...70...80...90...100 - done.
 Allocating additional rasters
 Setting up shared memory, part 2
 Setting up statistics arrays
 ELMFIRE is running each ensemble member
Meteorology band      1: Case #       1 complete.  Fire area:    656.5 acres.
 End of simulation reached successfully. Shutting down.
+ for f in $OUTPUTS_DIR/*.bil
++ basename ./outputs_C20.0_W16/flin_0000001_0043282.bil
++ cut -d. -f1
+ gdal_translate -a_srs 'EPSG: 32610' -co COMPRESS=DEFLATE -co ZLEVEL=9 ./outputs_C20.0_W16/flin_0000001_0043282.bil ./outputs_C20.0_W16/flin_0000001_0043282.tif
Input file size is 600, 600
0...10...20...30...40...50...60...70...80...90...100 - done.
+ for f in $OUTPUTS_DIR/*.bil
++ basename ./outputs_C20.0_W16/time_of_arrival_0000001_0043282.bil
++ cut -d. -f1
+ gdal_translate -a_srs 'EPSG: 32610' -co COMPRESS=DEFLATE -co ZLEVEL=9 ./outputs_C20.0_W16/time_of_arrival_0000001_0043282.bil ./outputs_C20.0_W16/time_of_arrival_0000001_0043282.tif
Input file size is 600, 600
0...10...20...30...40...50...60...70...80...90...100 - done.
+ for f in $OUTPUTS_DIR/*.bil
++ basename ./outputs_C20.0_W16/vs_0000001_0043282.bil
++ cut -d. -f1
+ gdal_translate -a_srs 'EPSG: 32610' -co COMPRESS=DEFLATE -co ZLEVEL=9 ./outputs_C20.0_W16/vs_0000001_0043282.bil ./outputs_C20.0_W16/vs_0000001_0043282.tif
Input file size is 600, 600
0...10...20...30...40...50...60...70...80...90...100 - done.
+ rm -f -r ./outputs_C20.0_W16/fire_size_stats.csv ./outputs_C20.0_W16/timings_firelabserver.csv ./outputs_C20.0_W16/flin_0000001_0043282.bil ./outputs_C20.0_W16/time_of_arrival_0000001_0043282.bil ./outputs_C20.0_W16/vs_0000001_0043282.bil ./outputs_C20.0_W16/flin_0000001_0043282.hdr ./outputs_C20.0_W16/time_of_arrival_0000001_0043282.hdr ./outputs_C20.0_W16/vs_0000001_0043282.hdr ./inputs/ws.tif
+ for WIND_SPEED in $(seq 0 1 30)
+ OUTPUTS_DIR=./outputs_C20.0_W17
+ replace_line OUTPUTS_DIRECTORY ./outputs_C20.0_W17 yes
+ MATCH_PATTERN=OUTPUTS_DIRECTORY
+ NEW_VALUE=./outputs_C20.0_W17
+ IS_STRING=yes
++ grep -n OUTPUTS_DIRECTORY ./inputs/elmfire.data
++ cut -d: -f1
+ LINE=25
+ sed -i '25 d' ./inputs/elmfire.data
+ '[' yes = yes ']'
+ sed -i '25 i OUTPUTS_DIRECTORY = '\''./outputs_C20.0_W17'\''' ./inputs/elmfire.data
+ '[' -d ./outputs_C20.0_W17 ']'
+ mkdir ./outputs_C20.0_W17
+ gdal_calc.py -A ./scratch/float.tif --co=COMPRESS=DEFLATE --co=ZLEVEL=9 --NoDataValue=-9999 --outfile=./inputs/ws.tif '--calc=A + 17'
0...10...20...30...40...50...60...70...80...90...100 - done.
+ /home/dwip/binYiren_SU2/elmfire_2024.0916 ./inputs/elmfire.data
 ELMFIRE 2024.0916
 Reading &MISCELLANEOUS namelist group
 Reading &INPUTS namelist group
 Reading &OUTPUTS namelist group
 Reading &COMPUTATIONAL_DOMAIN namelist group
 Reading &TIME_CONTROL namelist group
 Reading &SIMULATOR namelist group
 Reading &WUI namelist group
 Reading &CALIBRATION namelist group
 Reading &SUPPRESSION namelist group
 Reading &SPOTTING namelist group
 Reading &SMOKE namelist group
 Reading &MONTE_CARLO namelist group
 Reading headers for fuels/topography and weather rasters
/usr/bin/gdal_translate -of ENVI -co "INTERLEAVE=BSQ" ./inputs/asp.tif ./scratch/asp.bsq
Input file size is 600, 600
0...10...20...30...40...50...60...70...80...90...100 - done.
/usr/bin/gdal_translate -of ENVI -co "INTERLEAVE=BSQ" ./inputs/ws.tif ./scratch/ws.bsq
Input file size is 600, 600
0...10...20...30...40...50...60...70...80...90...100 - done.
 Setting up shared memory, part 1
 Reading weather, fuel, and topography rasters
/bin/rm -f ./scratch/ws.bsq ./scratch/ws.hdr ./scratch/ws.prj ./scratch/ws.bsq.aux.xml
/usr/bin/gdal_translate -of ENVI -co "INTERLEAVE=BSQ" ./inputs/ws.tif ./scratch/ws.bsq
Input file size is 600, 600
0...10...20...30...40...50...60...70...80...90...100 - done.
/bin/rm -f ./scratch/wd.bsq ./scratch/wd.hdr ./scratch/wd.prj ./scratch/wd.bsq.aux.xml
/usr/bin/gdal_translate -of ENVI -co "INTERLEAVE=BSQ" ./inputs/wd.tif ./scratch/wd.bsq
Input file size is 600, 600
0...10...20...30...40...50...60...70...80...90...100 - done.
/bin/rm -f ./scratch/m1.bsq ./scratch/m1.hdr ./scratch/m1.prj ./scratch/m1.bsq.aux.xml
/usr/bin/gdal_translate -of ENVI -co "INTERLEAVE=BSQ" ./inputs/m1.tif ./scratch/m1.bsq
Input file size is 600, 600
0...10...20...30...40...50...60...70...80...90...100 - done.
/bin/rm -f ./scratch/m10.bsq ./scratch/m10.hdr ./scratch/m10.prj ./scratch/m10.bsq.aux.xml
/usr/bin/gdal_translate -of ENVI -co "INTERLEAVE=BSQ" ./inputs/m10.tif ./scratch/m10.bsq
Input file size is 600, 600
0...10...20...30...40...50...60...70...80...90...100 - done.
/bin/rm -f ./scratch/m100.bsq ./scratch/m100.hdr ./scratch/m100.prj ./scratch/m100.bsq.aux.xml
/usr/bin/gdal_translate -of ENVI -co "INTERLEAVE=BSQ" ./inputs/m100.tif ./scratch/m100.bsq
Input file size is 600, 600
0...10...20...30...40...50...60...70...80...90...100 - done.
 Reading fuel and topography rasters
/bin/rm -f ./scratch/asp.bsq ./scratch/asp.hdr ./scratch/asp.prj ./scratch/asp.bsq.aux.xml
/usr/bin/gdal_translate -of ENVI -co "INTERLEAVE=BSQ" ./inputs/asp.tif ./scratch/asp.bsq
Input file size is 600, 600
0...10...20...30...40...50...60...70...80...90...100 - done.
/bin/rm -f ./scratch/cbh.bsq ./scratch/cbh.hdr ./scratch/cbh.prj ./scratch/cbh.bsq.aux.xml
/usr/bin/gdal_translate -of ENVI -co "INTERLEAVE=BSQ" ./inputs/cbh.tif ./scratch/cbh.bsq
Input file size is 600, 600
0...10...20...30...40...50...60...70...80...90...100 - done.
/bin/rm -f ./scratch/cbd.bsq ./scratch/cbd.hdr ./scratch/cbd.prj ./scratch/cbd.bsq.aux.xml
/usr/bin/gdal_translate -of ENVI -co "INTERLEAVE=BSQ" ./inputs/cbd.tif ./scratch/cbd.bsq
Input file size is 600, 600
0...10...20...30...40...50...60...70...80...90...100 - done.
/bin/rm -f ./scratch/cc.bsq ./scratch/cc.hdr ./scratch/cc.prj ./scratch/cc.bsq.aux.xml
/usr/bin/gdal_translate -of ENVI -co "INTERLEAVE=BSQ" ./inputs/cc.tif ./scratch/cc.bsq
Input file size is 600, 600
0...10...20...30...40...50...60...70...80...90...100 - done.
/bin/rm -f ./scratch/ch.bsq ./scratch/ch.hdr ./scratch/ch.prj ./scratch/ch.bsq.aux.xml
/usr/bin/gdal_translate -of ENVI -co "INTERLEAVE=BSQ" ./inputs/ch.tif ./scratch/ch.bsq
Input file size is 600, 600
0...10...20...30...40...50...60...70...80...90...100 - done.
/bin/rm -f ./scratch/dem.bsq ./scratch/dem.hdr ./scratch/dem.prj ./scratch/dem.bsq.aux.xml
/usr/bin/gdal_translate -of ENVI -co "INTERLEAVE=BSQ" ./inputs/dem.tif ./scratch/dem.bsq
Input file size is 600, 600
0...10...20...30...40...50...60...70...80...90...100 - done.
/bin/rm -f ./scratch/fbfm40.bsq ./scratch/fbfm40.hdr ./scratch/fbfm40.prj ./scratch/fbfm40.bsq.aux.xml
/usr/bin/gdal_translate -of ENVI -co "INTERLEAVE=BSQ" ./inputs/fbfm40.tif ./scratch/fbfm40.bsq
Input file size is 600, 600
0...10...20...30...40...50...60...70...80...90...100 - done.
/bin/rm -f ./scratch/slp.bsq ./scratch/slp.hdr ./scratch/slp.prj ./scratch/slp.bsq.aux.xml
/usr/bin/gdal_translate -of ENVI -co "INTERLEAVE=BSQ" ./inputs/slp.tif ./scratch/slp.bsq
Input file size is 600, 600
0...10...20...30...40...50...60...70...80...90...100 - done.
/bin/rm -f ./scratch/adj.bsq ./scratch/adj.hdr ./scratch/adj.prj ./scratch/adj.bsq.aux.xml
/usr/bin/gdal_translate -of ENVI -co "INTERLEAVE=BSQ" ./inputs/adj.tif ./scratch/adj.bsq
Input file size is 600, 600
0...10...20...30...40...50...60...70...80...90...100 - done.
/bin/rm -f ./scratch/phi.bsq ./scratch/phi.hdr ./scratch/phi.prj ./scratch/phi.bsq.aux.xml
/usr/bin/gdal_translate -of ENVI -co "INTERLEAVE=BSQ" ./inputs/phi.tif ./scratch/phi.bsq
Input file size is 600, 600
0...10...20...30...40...50...60...70...80...90...100 - done.
 Allocating additional rasters
 Setting up shared memory, part 2
 Setting up statistics arrays
 ELMFIRE is running each ensemble member
Meteorology band      1: Case #       1 complete.  Fire area:    887.8 acres.
 End of simulation reached successfully. Shutting down.
+ for f in $OUTPUTS_DIR/*.bil
++ basename ./outputs_C20.0_W17/flin_0000001_0043247.bil
++ cut -d. -f1
+ gdal_translate -a_srs 'EPSG: 32610' -co COMPRESS=DEFLATE -co ZLEVEL=9 ./outputs_C20.0_W17/flin_0000001_0043247.bil ./outputs_C20.0_W17/flin_0000001_0043247.tif
Input file size is 600, 600
0...10...20...30...40...50...60...70...80...90...100 - done.
+ for f in $OUTPUTS_DIR/*.bil
++ basename ./outputs_C20.0_W17/time_of_arrival_0000001_0043247.bil
++ cut -d. -f1
+ gdal_translate -a_srs 'EPSG: 32610' -co COMPRESS=DEFLATE -co ZLEVEL=9 ./outputs_C20.0_W17/time_of_arrival_0000001_0043247.bil ./outputs_C20.0_W17/time_of_arrival_0000001_0043247.tif
Input file size is 600, 600
0...10...20...30...40...50...60...70...80...90...100 - done.
+ for f in $OUTPUTS_DIR/*.bil
++ basename ./outputs_C20.0_W17/vs_0000001_0043247.bil
++ cut -d. -f1
+ gdal_translate -a_srs 'EPSG: 32610' -co COMPRESS=DEFLATE -co ZLEVEL=9 ./outputs_C20.0_W17/vs_0000001_0043247.bil ./outputs_C20.0_W17/vs_0000001_0043247.tif
Input file size is 600, 600
0...10...20...30...40...50...60...70...80...90...100 - done.
+ rm -f -r ./outputs_C20.0_W17/fire_size_stats.csv ./outputs_C20.0_W17/timings_firelabserver.csv ./outputs_C20.0_W17/flin_0000001_0043247.bil ./outputs_C20.0_W17/time_of_arrival_0000001_0043247.bil ./outputs_C20.0_W17/vs_0000001_0043247.bil ./outputs_C20.0_W17/flin_0000001_0043247.hdr ./outputs_C20.0_W17/time_of_arrival_0000001_0043247.hdr ./outputs_C20.0_W17/vs_0000001_0043247.hdr ./inputs/ws.tif
+ for WIND_SPEED in $(seq 0 1 30)
+ OUTPUTS_DIR=./outputs_C20.0_W18
+ replace_line OUTPUTS_DIRECTORY ./outputs_C20.0_W18 yes
+ MATCH_PATTERN=OUTPUTS_DIRECTORY
+ NEW_VALUE=./outputs_C20.0_W18
+ IS_STRING=yes
++ grep -n OUTPUTS_DIRECTORY ./inputs/elmfire.data
++ cut -d: -f1
+ LINE=25
+ sed -i '25 d' ./inputs/elmfire.data
+ '[' yes = yes ']'
+ sed -i '25 i OUTPUTS_DIRECTORY = '\''./outputs_C20.0_W18'\''' ./inputs/elmfire.data
+ '[' -d ./outputs_C20.0_W18 ']'
+ mkdir ./outputs_C20.0_W18
+ gdal_calc.py -A ./scratch/float.tif --co=COMPRESS=DEFLATE --co=ZLEVEL=9 --NoDataValue=-9999 --outfile=./inputs/ws.tif '--calc=A + 18'
0...10...20...30...40...50...60...70...80...90...100 - done.
+ /home/dwip/binYiren_SU2/elmfire_2024.0916 ./inputs/elmfire.data
 ELMFIRE 2024.0916
 Reading &MISCELLANEOUS namelist group
 Reading &INPUTS namelist group
 Reading &OUTPUTS namelist group
 Reading &COMPUTATIONAL_DOMAIN namelist group
 Reading &TIME_CONTROL namelist group
 Reading &SIMULATOR namelist group
 Reading &WUI namelist group
 Reading &CALIBRATION namelist group
 Reading &SUPPRESSION namelist group
 Reading &SPOTTING namelist group
 Reading &SMOKE namelist group
 Reading &MONTE_CARLO namelist group
 Reading headers for fuels/topography and weather rasters
/usr/bin/gdal_translate -of ENVI -co "INTERLEAVE=BSQ" ./inputs/asp.tif ./scratch/asp.bsq
Input file size is 600, 600
0...10...20...30...40...50...60...70...80...90...100 - done.
/usr/bin/gdal_translate -of ENVI -co "INTERLEAVE=BSQ" ./inputs/ws.tif ./scratch/ws.bsq
Input file size is 600, 600
0...10...20...30...40...50...60...70...80...90...100 - done.
 Setting up shared memory, part 1
 Reading weather, fuel, and topography rasters
/bin/rm -f ./scratch/ws.bsq ./scratch/ws.hdr ./scratch/ws.prj ./scratch/ws.bsq.aux.xml
/usr/bin/gdal_translate -of ENVI -co "INTERLEAVE=BSQ" ./inputs/ws.tif ./scratch/ws.bsq
Input file size is 600, 600
0...10...20...30...40...50...60...70...80...90...100 - done.
/bin/rm -f ./scratch/wd.bsq ./scratch/wd.hdr ./scratch/wd.prj ./scratch/wd.bsq.aux.xml
/usr/bin/gdal_translate -of ENVI -co "INTERLEAVE=BSQ" ./inputs/wd.tif ./scratch/wd.bsq
Input file size is 600, 600
0...10...20...30...40...50...60...70...80...90...100 - done.
/bin/rm -f ./scratch/m1.bsq ./scratch/m1.hdr ./scratch/m1.prj ./scratch/m1.bsq.aux.xml
/usr/bin/gdal_translate -of ENVI -co "INTERLEAVE=BSQ" ./inputs/m1.tif ./scratch/m1.bsq
Input file size is 600, 600
0...10...20...30...40...50...60...70...80...90...100 - done.
/bin/rm -f ./scratch/m10.bsq ./scratch/m10.hdr ./scratch/m10.prj ./scratch/m10.bsq.aux.xml
/usr/bin/gdal_translate -of ENVI -co "INTERLEAVE=BSQ" ./inputs/m10.tif ./scratch/m10.bsq
Input file size is 600, 600
0...10...20...30...40...50...60...70...80...90...100 - done.
/bin/rm -f ./scratch/m100.bsq ./scratch/m100.hdr ./scratch/m100.prj ./scratch/m100.bsq.aux.xml
/usr/bin/gdal_translate -of ENVI -co "INTERLEAVE=BSQ" ./inputs/m100.tif ./scratch/m100.bsq
Input file size is 600, 600
0...10...20...30...40...50...60...70...80...90...100 - done.
 Reading fuel and topography rasters
/bin/rm -f ./scratch/asp.bsq ./scratch/asp.hdr ./scratch/asp.prj ./scratch/asp.bsq.aux.xml
/usr/bin/gdal_translate -of ENVI -co "INTERLEAVE=BSQ" ./inputs/asp.tif ./scratch/asp.bsq
Input file size is 600, 600
0...10...20...30...40...50...60...70...80...90...100 - done.
/bin/rm -f ./scratch/cbh.bsq ./scratch/cbh.hdr ./scratch/cbh.prj ./scratch/cbh.bsq.aux.xml
/usr/bin/gdal_translate -of ENVI -co "INTERLEAVE=BSQ" ./inputs/cbh.tif ./scratch/cbh.bsq
Input file size is 600, 600
0...10...20...30...40...50...60...70...80...90...100 - done.
/bin/rm -f ./scratch/cbd.bsq ./scratch/cbd.hdr ./scratch/cbd.prj ./scratch/cbd.bsq.aux.xml
/usr/bin/gdal_translate -of ENVI -co "INTERLEAVE=BSQ" ./inputs/cbd.tif ./scratch/cbd.bsq
Input file size is 600, 600
0...10...20...30...40...50...60...70...80...90...100 - done.
/bin/rm -f ./scratch/cc.bsq ./scratch/cc.hdr ./scratch/cc.prj ./scratch/cc.bsq.aux.xml
/usr/bin/gdal_translate -of ENVI -co "INTERLEAVE=BSQ" ./inputs/cc.tif ./scratch/cc.bsq
Input file size is 600, 600
0...10...20...30...40...50...60...70...80...90...100 - done.
/bin/rm -f ./scratch/ch.bsq ./scratch/ch.hdr ./scratch/ch.prj ./scratch/ch.bsq.aux.xml
/usr/bin/gdal_translate -of ENVI -co "INTERLEAVE=BSQ" ./inputs/ch.tif ./scratch/ch.bsq
Input file size is 600, 600
0...10...20...30...40...50...60...70...80...90...100 - done.
/bin/rm -f ./scratch/dem.bsq ./scratch/dem.hdr ./scratch/dem.prj ./scratch/dem.bsq.aux.xml
/usr/bin/gdal_translate -of ENVI -co "INTERLEAVE=BSQ" ./inputs/dem.tif ./scratch/dem.bsq
Input file size is 600, 600
0...10...20...30...40...50...60...70...80...90...100 - done.
/bin/rm -f ./scratch/fbfm40.bsq ./scratch/fbfm40.hdr ./scratch/fbfm40.prj ./scratch/fbfm40.bsq.aux.xml
/usr/bin/gdal_translate -of ENVI -co "INTERLEAVE=BSQ" ./inputs/fbfm40.tif ./scratch/fbfm40.bsq
Input file size is 600, 600
0...10...20...30...40...50...60...70...80...90...100 - done.
/bin/rm -f ./scratch/slp.bsq ./scratch/slp.hdr ./scratch/slp.prj ./scratch/slp.bsq.aux.xml
/usr/bin/gdal_translate -of ENVI -co "INTERLEAVE=BSQ" ./inputs/slp.tif ./scratch/slp.bsq
Input file size is 600, 600
0...10...20...30...40...50...60...70...80...90...100 - done.
/bin/rm -f ./scratch/adj.bsq ./scratch/adj.hdr ./scratch/adj.prj ./scratch/adj.bsq.aux.xml
/usr/bin/gdal_translate -of ENVI -co "INTERLEAVE=BSQ" ./inputs/adj.tif ./scratch/adj.bsq
Input file size is 600, 600
0...10...20...30...40...50...60...70...80...90...100 - done.
/bin/rm -f ./scratch/phi.bsq ./scratch/phi.hdr ./scratch/phi.prj ./scratch/phi.bsq.aux.xml
/usr/bin/gdal_translate -of ENVI -co "INTERLEAVE=BSQ" ./inputs/phi.tif ./scratch/phi.bsq
Input file size is 600, 600
0...10...20...30...40...50...60...70...80...90...100 - done.
 Allocating additional rasters
 Setting up shared memory, part 2
 Setting up statistics arrays
 ELMFIRE is running each ensemble member
Meteorology band      1: Case #       1 complete.  Fire area:   1216.1 acres.
 End of simulation reached successfully. Shutting down.
+ for f in $OUTPUTS_DIR/*.bil
++ basename ./outputs_C20.0_W18/flin_0000001_0043289.bil
++ cut -d. -f1
+ gdal_translate -a_srs 'EPSG: 32610' -co COMPRESS=DEFLATE -co ZLEVEL=9 ./outputs_C20.0_W18/flin_0000001_0043289.bil ./outputs_C20.0_W18/flin_0000001_0043289.tif
Input file size is 600, 600
0...10...20...30...40...50...60...70...80...90...100 - done.
+ for f in $OUTPUTS_DIR/*.bil
++ basename ./outputs_C20.0_W18/time_of_arrival_0000001_0043289.bil
++ cut -d. -f1
+ gdal_translate -a_srs 'EPSG: 32610' -co COMPRESS=DEFLATE -co ZLEVEL=9 ./outputs_C20.0_W18/time_of_arrival_0000001_0043289.bil ./outputs_C20.0_W18/time_of_arrival_0000001_0043289.tif
Input file size is 600, 600
0...10...20...30...40...50...60...70...80...90...100 - done.
+ for f in $OUTPUTS_DIR/*.bil
++ basename ./outputs_C20.0_W18/vs_0000001_0043289.bil
++ cut -d. -f1
+ gdal_translate -a_srs 'EPSG: 32610' -co COMPRESS=DEFLATE -co ZLEVEL=9 ./outputs_C20.0_W18/vs_0000001_0043289.bil ./outputs_C20.0_W18/vs_0000001_0043289.tif
Input file size is 600, 600
0...10...20...30...40...50...60...70...80...90...100 - done.
+ rm -f -r ./outputs_C20.0_W18/fire_size_stats.csv ./outputs_C20.0_W18/timings_firelabserver.csv ./outputs_C20.0_W18/flin_0000001_0043289.bil ./outputs_C20.0_W18/time_of_arrival_0000001_0043289.bil ./outputs_C20.0_W18/vs_0000001_0043289.bil ./outputs_C20.0_W18/flin_0000001_0043289.hdr ./outputs_C20.0_W18/time_of_arrival_0000001_0043289.hdr ./outputs_C20.0_W18/vs_0000001_0043289.hdr ./inputs/ws.tif
+ for WIND_SPEED in $(seq 0 1 30)
+ OUTPUTS_DIR=./outputs_C20.0_W19
+ replace_line OUTPUTS_DIRECTORY ./outputs_C20.0_W19 yes
+ MATCH_PATTERN=OUTPUTS_DIRECTORY
+ NEW_VALUE=./outputs_C20.0_W19
+ IS_STRING=yes
++ grep -n OUTPUTS_DIRECTORY ./inputs/elmfire.data
++ cut -d: -f1
+ LINE=25
+ sed -i '25 d' ./inputs/elmfire.data
+ '[' yes = yes ']'
+ sed -i '25 i OUTPUTS_DIRECTORY = '\''./outputs_C20.0_W19'\''' ./inputs/elmfire.data
+ '[' -d ./outputs_C20.0_W19 ']'
+ mkdir ./outputs_C20.0_W19
+ gdal_calc.py -A ./scratch/float.tif --co=COMPRESS=DEFLATE --co=ZLEVEL=9 --NoDataValue=-9999 --outfile=./inputs/ws.tif '--calc=A + 19'
0...10...20...30...40...50...60...70...80...90...100 - done.
+ /home/dwip/binYiren_SU2/elmfire_2024.0916 ./inputs/elmfire.data
 ELMFIRE 2024.0916
 Reading &MISCELLANEOUS namelist group
 Reading &INPUTS namelist group
 Reading &OUTPUTS namelist group
 Reading &COMPUTATIONAL_DOMAIN namelist group
 Reading &TIME_CONTROL namelist group
 Reading &SIMULATOR namelist group
 Reading &WUI namelist group
 Reading &CALIBRATION namelist group
 Reading &SUPPRESSION namelist group
 Reading &SPOTTING namelist group
 Reading &SMOKE namelist group
 Reading &MONTE_CARLO namelist group
 Reading headers for fuels/topography and weather rasters
/usr/bin/gdal_translate -of ENVI -co "INTERLEAVE=BSQ" ./inputs/asp.tif ./scratch/asp.bsq
Input file size is 600, 600
0...10...20...30...40...50...60...70...80...90...100 - done.
/usr/bin/gdal_translate -of ENVI -co "INTERLEAVE=BSQ" ./inputs/ws.tif ./scratch/ws.bsq
Input file size is 600, 600
0...10...20...30...40...50...60...70...80...90...100 - done.
 Setting up shared memory, part 1
 Reading weather, fuel, and topography rasters
/bin/rm -f ./scratch/ws.bsq ./scratch/ws.hdr ./scratch/ws.prj ./scratch/ws.bsq.aux.xml
/usr/bin/gdal_translate -of ENVI -co "INTERLEAVE=BSQ" ./inputs/ws.tif ./scratch/ws.bsq
Input file size is 600, 600
0...10...20...30...40...50...60...70...80...90...100 - done.
/bin/rm -f ./scratch/wd.bsq ./scratch/wd.hdr ./scratch/wd.prj ./scratch/wd.bsq.aux.xml
/usr/bin/gdal_translate -of ENVI -co "INTERLEAVE=BSQ" ./inputs/wd.tif ./scratch/wd.bsq
Input file size is 600, 600
0...10...20...30...40...50...60...70...80...90...100 - done.
/bin/rm -f ./scratch/m1.bsq ./scratch/m1.hdr ./scratch/m1.prj ./scratch/m1.bsq.aux.xml
/usr/bin/gdal_translate -of ENVI -co "INTERLEAVE=BSQ" ./inputs/m1.tif ./scratch/m1.bsq
Input file size is 600, 600
0...10...20...30...40...50...60...70...80...90...100 - done.
/bin/rm -f ./scratch/m10.bsq ./scratch/m10.hdr ./scratch/m10.prj ./scratch/m10.bsq.aux.xml
/usr/bin/gdal_translate -of ENVI -co "INTERLEAVE=BSQ" ./inputs/m10.tif ./scratch/m10.bsq
Input file size is 600, 600
0...10...20...30...40...50...60...70...80...90...100 - done.
/bin/rm -f ./scratch/m100.bsq ./scratch/m100.hdr ./scratch/m100.prj ./scratch/m100.bsq.aux.xml
/usr/bin/gdal_translate -of ENVI -co "INTERLEAVE=BSQ" ./inputs/m100.tif ./scratch/m100.bsq
Input file size is 600, 600
0...10...20...30...40...50...60...70...80...90...100 - done.
 Reading fuel and topography rasters
/bin/rm -f ./scratch/asp.bsq ./scratch/asp.hdr ./scratch/asp.prj ./scratch/asp.bsq.aux.xml
/usr/bin/gdal_translate -of ENVI -co "INTERLEAVE=BSQ" ./inputs/asp.tif ./scratch/asp.bsq
Input file size is 600, 600
0...10...20...30...40...50...60...70...80...90...100 - done.
/bin/rm -f ./scratch/cbh.bsq ./scratch/cbh.hdr ./scratch/cbh.prj ./scratch/cbh.bsq.aux.xml
/usr/bin/gdal_translate -of ENVI -co "INTERLEAVE=BSQ" ./inputs/cbh.tif ./scratch/cbh.bsq
Input file size is 600, 600
0...10...20...30...40...50...60...70...80...90...100 - done.
/bin/rm -f ./scratch/cbd.bsq ./scratch/cbd.hdr ./scratch/cbd.prj ./scratch/cbd.bsq.aux.xml
/usr/bin/gdal_translate -of ENVI -co "INTERLEAVE=BSQ" ./inputs/cbd.tif ./scratch/cbd.bsq
Input file size is 600, 600
0...10...20...30...40...50...60...70...80...90...100 - done.
/bin/rm -f ./scratch/cc.bsq ./scratch/cc.hdr ./scratch/cc.prj ./scratch/cc.bsq.aux.xml
/usr/bin/gdal_translate -of ENVI -co "INTERLEAVE=BSQ" ./inputs/cc.tif ./scratch/cc.bsq
Input file size is 600, 600
0...10...20...30...40...50...60...70...80...90...100 - done.
/bin/rm -f ./scratch/ch.bsq ./scratch/ch.hdr ./scratch/ch.prj ./scratch/ch.bsq.aux.xml
/usr/bin/gdal_translate -of ENVI -co "INTERLEAVE=BSQ" ./inputs/ch.tif ./scratch/ch.bsq
Input file size is 600, 600
0...10...20...30...40...50...60...70...80...90...100 - done.
/bin/rm -f ./scratch/dem.bsq ./scratch/dem.hdr ./scratch/dem.prj ./scratch/dem.bsq.aux.xml
/usr/bin/gdal_translate -of ENVI -co "INTERLEAVE=BSQ" ./inputs/dem.tif ./scratch/dem.bsq
Input file size is 600, 600
0...10...20...30...40...50...60...70...80...90...100 - done.
/bin/rm -f ./scratch/fbfm40.bsq ./scratch/fbfm40.hdr ./scratch/fbfm40.prj ./scratch/fbfm40.bsq.aux.xml
/usr/bin/gdal_translate -of ENVI -co "INTERLEAVE=BSQ" ./inputs/fbfm40.tif ./scratch/fbfm40.bsq
Input file size is 600, 600
0...10...20...30...40...50...60...70...80...90...100 - done.
/bin/rm -f ./scratch/slp.bsq ./scratch/slp.hdr ./scratch/slp.prj ./scratch/slp.bsq.aux.xml
/usr/bin/gdal_translate -of ENVI -co "INTERLEAVE=BSQ" ./inputs/slp.tif ./scratch/slp.bsq
Input file size is 600, 600
0...10...20...30...40...50...60...70...80...90...100 - done.
/bin/rm -f ./scratch/adj.bsq ./scratch/adj.hdr ./scratch/adj.prj ./scratch/adj.bsq.aux.xml
/usr/bin/gdal_translate -of ENVI -co "INTERLEAVE=BSQ" ./inputs/adj.tif ./scratch/adj.bsq
Input file size is 600, 600
0...10...20...30...40...50...60...70...80...90...100 - done.
/bin/rm -f ./scratch/phi.bsq ./scratch/phi.hdr ./scratch/phi.prj ./scratch/phi.bsq.aux.xml
/usr/bin/gdal_translate -of ENVI -co "INTERLEAVE=BSQ" ./inputs/phi.tif ./scratch/phi.bsq
Input file size is 600, 600
0...10...20...30...40...50...60...70...80...90...100 - done.
 Allocating additional rasters
 Setting up shared memory, part 2
 Setting up statistics arrays
 ELMFIRE is running each ensemble member
Meteorology band      1: Case #       1 complete.  Fire area:   1641.2 acres.
 End of simulation reached successfully. Shutting down.
+ for f in $OUTPUTS_DIR/*.bil
++ basename ./outputs_C20.0_W19/flin_0000001_0043285.bil
++ cut -d. -f1
+ gdal_translate -a_srs 'EPSG: 32610' -co COMPRESS=DEFLATE -co ZLEVEL=9 ./outputs_C20.0_W19/flin_0000001_0043285.bil ./outputs_C20.0_W19/flin_0000001_0043285.tif
Input file size is 600, 600
0...10...20...30...40...50...60...70...80...90...100 - done.
+ for f in $OUTPUTS_DIR/*.bil
++ basename ./outputs_C20.0_W19/time_of_arrival_0000001_0043285.bil
++ cut -d. -f1
+ gdal_translate -a_srs 'EPSG: 32610' -co COMPRESS=DEFLATE -co ZLEVEL=9 ./outputs_C20.0_W19/time_of_arrival_0000001_0043285.bil ./outputs_C20.0_W19/time_of_arrival_0000001_0043285.tif
Input file size is 600, 600
0...10...20...30...40...50...60...70...80...90...100 - done.
+ for f in $OUTPUTS_DIR/*.bil
++ basename ./outputs_C20.0_W19/vs_0000001_0043285.bil
++ cut -d. -f1
+ gdal_translate -a_srs 'EPSG: 32610' -co COMPRESS=DEFLATE -co ZLEVEL=9 ./outputs_C20.0_W19/vs_0000001_0043285.bil ./outputs_C20.0_W19/vs_0000001_0043285.tif
Input file size is 600, 600
0...10...20...30...40...50...60...70...80...90...100 - done.
+ rm -f -r ./outputs_C20.0_W19/fire_size_stats.csv ./outputs_C20.0_W19/timings_firelabserver.csv ./outputs_C20.0_W19/flin_0000001_0043285.bil ./outputs_C20.0_W19/time_of_arrival_0000001_0043285.bil ./outputs_C20.0_W19/vs_0000001_0043285.bil ./outputs_C20.0_W19/flin_0000001_0043285.hdr ./outputs_C20.0_W19/time_of_arrival_0000001_0043285.hdr ./outputs_C20.0_W19/vs_0000001_0043285.hdr ./inputs/ws.tif
+ for WIND_SPEED in $(seq 0 1 30)
+ OUTPUTS_DIR=./outputs_C20.0_W20
+ replace_line OUTPUTS_DIRECTORY ./outputs_C20.0_W20 yes
+ MATCH_PATTERN=OUTPUTS_DIRECTORY
+ NEW_VALUE=./outputs_C20.0_W20
+ IS_STRING=yes
++ grep -n OUTPUTS_DIRECTORY ./inputs/elmfire.data
++ cut -d: -f1
+ LINE=25
+ sed -i '25 d' ./inputs/elmfire.data
+ '[' yes = yes ']'
+ sed -i '25 i OUTPUTS_DIRECTORY = '\''./outputs_C20.0_W20'\''' ./inputs/elmfire.data
+ '[' -d ./outputs_C20.0_W20 ']'
+ mkdir ./outputs_C20.0_W20
+ gdal_calc.py -A ./scratch/float.tif --co=COMPRESS=DEFLATE --co=ZLEVEL=9 --NoDataValue=-9999 --outfile=./inputs/ws.tif '--calc=A + 20'
0...10...20...30...40...50...60...70...80...90...100 - done.
+ /home/dwip/binYiren_SU2/elmfire_2024.0916 ./inputs/elmfire.data
 ELMFIRE 2024.0916
 Reading &MISCELLANEOUS namelist group
 Reading &INPUTS namelist group
 Reading &OUTPUTS namelist group
 Reading &COMPUTATIONAL_DOMAIN namelist group
 Reading &TIME_CONTROL namelist group
 Reading &SIMULATOR namelist group
 Reading &WUI namelist group
 Reading &CALIBRATION namelist group
 Reading &SUPPRESSION namelist group
 Reading &SPOTTING namelist group
 Reading &SMOKE namelist group
 Reading &MONTE_CARLO namelist group
 Reading headers for fuels/topography and weather rasters
/usr/bin/gdal_translate -of ENVI -co "INTERLEAVE=BSQ" ./inputs/asp.tif ./scratch/asp.bsq
Input file size is 600, 600
0...10...20...30...40...50...60...70...80...90...100 - done.
/usr/bin/gdal_translate -of ENVI -co "INTERLEAVE=BSQ" ./inputs/ws.tif ./scratch/ws.bsq
Input file size is 600, 600
0...10...20...30...40...50...60...70...80...90...100 - done.
 Setting up shared memory, part 1
 Reading weather, fuel, and topography rasters
/bin/rm -f ./scratch/ws.bsq ./scratch/ws.hdr ./scratch/ws.prj ./scratch/ws.bsq.aux.xml
/usr/bin/gdal_translate -of ENVI -co "INTERLEAVE=BSQ" ./inputs/ws.tif ./scratch/ws.bsq
Input file size is 600, 600
0...10...20...30...40...50...60...70...80...90...100 - done.
/bin/rm -f ./scratch/wd.bsq ./scratch/wd.hdr ./scratch/wd.prj ./scratch/wd.bsq.aux.xml
/usr/bin/gdal_translate -of ENVI -co "INTERLEAVE=BSQ" ./inputs/wd.tif ./scratch/wd.bsq
Input file size is 600, 600
0...10...20...30...40...50...60...70...80...90...100 - done.
/bin/rm -f ./scratch/m1.bsq ./scratch/m1.hdr ./scratch/m1.prj ./scratch/m1.bsq.aux.xml
/usr/bin/gdal_translate -of ENVI -co "INTERLEAVE=BSQ" ./inputs/m1.tif ./scratch/m1.bsq
Input file size is 600, 600
0...10...20...30...40...50...60...70...80...90...100 - done.
/bin/rm -f ./scratch/m10.bsq ./scratch/m10.hdr ./scratch/m10.prj ./scratch/m10.bsq.aux.xml
/usr/bin/gdal_translate -of ENVI -co "INTERLEAVE=BSQ" ./inputs/m10.tif ./scratch/m10.bsq
Input file size is 600, 600
0...10...20...30...40...50...60...70...80...90...100 - done.
/bin/rm -f ./scratch/m100.bsq ./scratch/m100.hdr ./scratch/m100.prj ./scratch/m100.bsq.aux.xml
/usr/bin/gdal_translate -of ENVI -co "INTERLEAVE=BSQ" ./inputs/m100.tif ./scratch/m100.bsq
Input file size is 600, 600
0...10...20...30...40...50...60...70...80...90...100 - done.
 Reading fuel and topography rasters
/bin/rm -f ./scratch/asp.bsq ./scratch/asp.hdr ./scratch/asp.prj ./scratch/asp.bsq.aux.xml
/usr/bin/gdal_translate -of ENVI -co "INTERLEAVE=BSQ" ./inputs/asp.tif ./scratch/asp.bsq
Input file size is 600, 600
0...10...20...30...40...50...60...70...80...90...100 - done.
/bin/rm -f ./scratch/cbh.bsq ./scratch/cbh.hdr ./scratch/cbh.prj ./scratch/cbh.bsq.aux.xml
/usr/bin/gdal_translate -of ENVI -co "INTERLEAVE=BSQ" ./inputs/cbh.tif ./scratch/cbh.bsq
Input file size is 600, 600
0...10...20...30...40...50...60...70...80...90...100 - done.
/bin/rm -f ./scratch/cbd.bsq ./scratch/cbd.hdr ./scratch/cbd.prj ./scratch/cbd.bsq.aux.xml
/usr/bin/gdal_translate -of ENVI -co "INTERLEAVE=BSQ" ./inputs/cbd.tif ./scratch/cbd.bsq
Input file size is 600, 600
0...10...20...30...40...50...60...70...80...90...100 - done.
/bin/rm -f ./scratch/cc.bsq ./scratch/cc.hdr ./scratch/cc.prj ./scratch/cc.bsq.aux.xml
/usr/bin/gdal_translate -of ENVI -co "INTERLEAVE=BSQ" ./inputs/cc.tif ./scratch/cc.bsq
Input file size is 600, 600
0...10...20...30...40...50...60...70...80...90...100 - done.
/bin/rm -f ./scratch/ch.bsq ./scratch/ch.hdr ./scratch/ch.prj ./scratch/ch.bsq.aux.xml
/usr/bin/gdal_translate -of ENVI -co "INTERLEAVE=BSQ" ./inputs/ch.tif ./scratch/ch.bsq
Input file size is 600, 600
0...10...20...30...40...50...60...70...80...90...100 - done.
/bin/rm -f ./scratch/dem.bsq ./scratch/dem.hdr ./scratch/dem.prj ./scratch/dem.bsq.aux.xml
/usr/bin/gdal_translate -of ENVI -co "INTERLEAVE=BSQ" ./inputs/dem.tif ./scratch/dem.bsq
Input file size is 600, 600
0...10...20...30...40...50...60...70...80...90...100 - done.
/bin/rm -f ./scratch/fbfm40.bsq ./scratch/fbfm40.hdr ./scratch/fbfm40.prj ./scratch/fbfm40.bsq.aux.xml
/usr/bin/gdal_translate -of ENVI -co "INTERLEAVE=BSQ" ./inputs/fbfm40.tif ./scratch/fbfm40.bsq
Input file size is 600, 600
0...10...20...30...40...50...60...70...80...90...100 - done.
/bin/rm -f ./scratch/slp.bsq ./scratch/slp.hdr ./scratch/slp.prj ./scratch/slp.bsq.aux.xml
/usr/bin/gdal_translate -of ENVI -co "INTERLEAVE=BSQ" ./inputs/slp.tif ./scratch/slp.bsq
Input file size is 600, 600
0...10...20...30...40...50...60...70...80...90...100 - done.
/bin/rm -f ./scratch/adj.bsq ./scratch/adj.hdr ./scratch/adj.prj ./scratch/adj.bsq.aux.xml
/usr/bin/gdal_translate -of ENVI -co "INTERLEAVE=BSQ" ./inputs/adj.tif ./scratch/adj.bsq
Input file size is 600, 600
0...10...20...30...40...50...60...70...80...90...100 - done.
/bin/rm -f ./scratch/phi.bsq ./scratch/phi.hdr ./scratch/phi.prj ./scratch/phi.bsq.aux.xml
/usr/bin/gdal_translate -of ENVI -co "INTERLEAVE=BSQ" ./inputs/phi.tif ./scratch/phi.bsq
Input file size is 600, 600
0...10...20...30...40...50...60...70...80...90...100 - done.
 Allocating additional rasters
 Setting up shared memory, part 2
 Setting up statistics arrays
 ELMFIRE is running each ensemble member
Meteorology band      1: Case #       1 complete.  Fire area:   2240.1 acres.
 End of simulation reached successfully. Shutting down.
+ for f in $OUTPUTS_DIR/*.bil
++ basename ./outputs_C20.0_W20/flin_0000001_0043258.bil
++ cut -d. -f1
+ gdal_translate -a_srs 'EPSG: 32610' -co COMPRESS=DEFLATE -co ZLEVEL=9 ./outputs_C20.0_W20/flin_0000001_0043258.bil ./outputs_C20.0_W20/flin_0000001_0043258.tif
Input file size is 600, 600
0...10...20...30...40...50...60...70...80...90...100 - done.
+ for f in $OUTPUTS_DIR/*.bil
++ basename ./outputs_C20.0_W20/time_of_arrival_0000001_0043258.bil
++ cut -d. -f1
+ gdal_translate -a_srs 'EPSG: 32610' -co COMPRESS=DEFLATE -co ZLEVEL=9 ./outputs_C20.0_W20/time_of_arrival_0000001_0043258.bil ./outputs_C20.0_W20/time_of_arrival_0000001_0043258.tif
Input file size is 600, 600
0...10...20...30...40...50...60...70...80...90...100 - done.
+ for f in $OUTPUTS_DIR/*.bil
++ basename ./outputs_C20.0_W20/vs_0000001_0043258.bil
++ cut -d. -f1
+ gdal_translate -a_srs 'EPSG: 32610' -co COMPRESS=DEFLATE -co ZLEVEL=9 ./outputs_C20.0_W20/vs_0000001_0043258.bil ./outputs_C20.0_W20/vs_0000001_0043258.tif
Input file size is 600, 600
0...10...20...30...40...50...60...70...80...90...100 - done.
+ rm -f -r ./outputs_C20.0_W20/fire_size_stats.csv ./outputs_C20.0_W20/timings_firelabserver.csv ./outputs_C20.0_W20/flin_0000001_0043258.bil ./outputs_C20.0_W20/time_of_arrival_0000001_0043258.bil ./outputs_C20.0_W20/vs_0000001_0043258.bil ./outputs_C20.0_W20/flin_0000001_0043258.hdr ./outputs_C20.0_W20/time_of_arrival_0000001_0043258.hdr ./outputs_C20.0_W20/vs_0000001_0043258.hdr ./inputs/ws.tif
+ for WIND_SPEED in $(seq 0 1 30)
+ OUTPUTS_DIR=./outputs_C20.0_W21
+ replace_line OUTPUTS_DIRECTORY ./outputs_C20.0_W21 yes
+ MATCH_PATTERN=OUTPUTS_DIRECTORY
+ NEW_VALUE=./outputs_C20.0_W21
+ IS_STRING=yes
++ grep -n OUTPUTS_DIRECTORY ./inputs/elmfire.data
++ cut -d: -f1
+ LINE=25
+ sed -i '25 d' ./inputs/elmfire.data
+ '[' yes = yes ']'
+ sed -i '25 i OUTPUTS_DIRECTORY = '\''./outputs_C20.0_W21'\''' ./inputs/elmfire.data
+ '[' -d ./outputs_C20.0_W21 ']'
+ mkdir ./outputs_C20.0_W21
+ gdal_calc.py -A ./scratch/float.tif --co=COMPRESS=DEFLATE --co=ZLEVEL=9 --NoDataValue=-9999 --outfile=./inputs/ws.tif '--calc=A + 21'
0...10...20...30...40...50...60...70...80...90...100 - done.
+ /home/dwip/binYiren_SU2/elmfire_2024.0916 ./inputs/elmfire.data
 ELMFIRE 2024.0916
 Reading &MISCELLANEOUS namelist group
 Reading &INPUTS namelist group
 Reading &OUTPUTS namelist group
 Reading &COMPUTATIONAL_DOMAIN namelist group
 Reading &TIME_CONTROL namelist group
 Reading &SIMULATOR namelist group
 Reading &WUI namelist group
 Reading &CALIBRATION namelist group
 Reading &SUPPRESSION namelist group
 Reading &SPOTTING namelist group
 Reading &SMOKE namelist group
 Reading &MONTE_CARLO namelist group
 Reading headers for fuels/topography and weather rasters
/usr/bin/gdal_translate -of ENVI -co "INTERLEAVE=BSQ" ./inputs/asp.tif ./scratch/asp.bsq
Input file size is 600, 600
0...10...20...30...40...50...60...70...80...90...100 - done.
/usr/bin/gdal_translate -of ENVI -co "INTERLEAVE=BSQ" ./inputs/ws.tif ./scratch/ws.bsq
Input file size is 600, 600
0...10...20...30...40...50...60...70...80...90...100 - done.
 Setting up shared memory, part 1
 Reading weather, fuel, and topography rasters
/bin/rm -f ./scratch/ws.bsq ./scratch/ws.hdr ./scratch/ws.prj ./scratch/ws.bsq.aux.xml
/usr/bin/gdal_translate -of ENVI -co "INTERLEAVE=BSQ" ./inputs/ws.tif ./scratch/ws.bsq
Input file size is 600, 600
0...10...20...30...40...50...60...70...80...90...100 - done.
/bin/rm -f ./scratch/wd.bsq ./scratch/wd.hdr ./scratch/wd.prj ./scratch/wd.bsq.aux.xml
/usr/bin/gdal_translate -of ENVI -co "INTERLEAVE=BSQ" ./inputs/wd.tif ./scratch/wd.bsq
Input file size is 600, 600
0...10...20...30...40...50...60...70...80...90...100 - done.
/bin/rm -f ./scratch/m1.bsq ./scratch/m1.hdr ./scratch/m1.prj ./scratch/m1.bsq.aux.xml
/usr/bin/gdal_translate -of ENVI -co "INTERLEAVE=BSQ" ./inputs/m1.tif ./scratch/m1.bsq
Input file size is 600, 600
0...10...20...30...40...50...60...70...80...90...100 - done.
/bin/rm -f ./scratch/m10.bsq ./scratch/m10.hdr ./scratch/m10.prj ./scratch/m10.bsq.aux.xml
/usr/bin/gdal_translate -of ENVI -co "INTERLEAVE=BSQ" ./inputs/m10.tif ./scratch/m10.bsq
Input file size is 600, 600
0...10...20...30...40...50...60...70...80...90...100 - done.
/bin/rm -f ./scratch/m100.bsq ./scratch/m100.hdr ./scratch/m100.prj ./scratch/m100.bsq.aux.xml
/usr/bin/gdal_translate -of ENVI -co "INTERLEAVE=BSQ" ./inputs/m100.tif ./scratch/m100.bsq
Input file size is 600, 600
0...10...20...30...40...50...60...70...80...90...100 - done.
 Reading fuel and topography rasters
/bin/rm -f ./scratch/asp.bsq ./scratch/asp.hdr ./scratch/asp.prj ./scratch/asp.bsq.aux.xml
/usr/bin/gdal_translate -of ENVI -co "INTERLEAVE=BSQ" ./inputs/asp.tif ./scratch/asp.bsq
Input file size is 600, 600
0...10...20...30...40...50...60...70...80...90...100 - done.
/bin/rm -f ./scratch/cbh.bsq ./scratch/cbh.hdr ./scratch/cbh.prj ./scratch/cbh.bsq.aux.xml
/usr/bin/gdal_translate -of ENVI -co "INTERLEAVE=BSQ" ./inputs/cbh.tif ./scratch/cbh.bsq
Input file size is 600, 600
0...10...20...30...40...50...60...70...80...90...100 - done.
/bin/rm -f ./scratch/cbd.bsq ./scratch/cbd.hdr ./scratch/cbd.prj ./scratch/cbd.bsq.aux.xml
/usr/bin/gdal_translate -of ENVI -co "INTERLEAVE=BSQ" ./inputs/cbd.tif ./scratch/cbd.bsq
Input file size is 600, 600
0...10...20...30...40...50...60...70...80...90...100 - done.
/bin/rm -f ./scratch/cc.bsq ./scratch/cc.hdr ./scratch/cc.prj ./scratch/cc.bsq.aux.xml
/usr/bin/gdal_translate -of ENVI -co "INTERLEAVE=BSQ" ./inputs/cc.tif ./scratch/cc.bsq
Input file size is 600, 600
0...10...20...30...40...50...60...70...80...90...100 - done.
/bin/rm -f ./scratch/ch.bsq ./scratch/ch.hdr ./scratch/ch.prj ./scratch/ch.bsq.aux.xml
/usr/bin/gdal_translate -of ENVI -co "INTERLEAVE=BSQ" ./inputs/ch.tif ./scratch/ch.bsq
Input file size is 600, 600
0...10...20...30...40...50...60...70...80...90...100 - done.
/bin/rm -f ./scratch/dem.bsq ./scratch/dem.hdr ./scratch/dem.prj ./scratch/dem.bsq.aux.xml
/usr/bin/gdal_translate -of ENVI -co "INTERLEAVE=BSQ" ./inputs/dem.tif ./scratch/dem.bsq
Input file size is 600, 600
0...10...20...30...40...50...60...70...80...90...100 - done.
/bin/rm -f ./scratch/fbfm40.bsq ./scratch/fbfm40.hdr ./scratch/fbfm40.prj ./scratch/fbfm40.bsq.aux.xml
/usr/bin/gdal_translate -of ENVI -co "INTERLEAVE=BSQ" ./inputs/fbfm40.tif ./scratch/fbfm40.bsq
Input file size is 600, 600
0...10...20...30...40...50...60...70...80...90...100 - done.
/bin/rm -f ./scratch/slp.bsq ./scratch/slp.hdr ./scratch/slp.prj ./scratch/slp.bsq.aux.xml
/usr/bin/gdal_translate -of ENVI -co "INTERLEAVE=BSQ" ./inputs/slp.tif ./scratch/slp.bsq
Input file size is 600, 600
0...10...20...30...40...50...60...70...80...90...100 - done.
/bin/rm -f ./scratch/adj.bsq ./scratch/adj.hdr ./scratch/adj.prj ./scratch/adj.bsq.aux.xml
/usr/bin/gdal_translate -of ENVI -co "INTERLEAVE=BSQ" ./inputs/adj.tif ./scratch/adj.bsq
Input file size is 600, 600
0...10...20...30...40...50...60...70...80...90...100 - done.
/bin/rm -f ./scratch/phi.bsq ./scratch/phi.hdr ./scratch/phi.prj ./scratch/phi.bsq.aux.xml
/usr/bin/gdal_translate -of ENVI -co "INTERLEAVE=BSQ" ./inputs/phi.tif ./scratch/phi.bsq
Input file size is 600, 600
0...10...20...30...40...50...60...70...80...90...100 - done.
 Allocating additional rasters
 Setting up shared memory, part 2
 Setting up statistics arrays
 ELMFIRE is running each ensemble member
Meteorology band      1: Case #       1 complete.  Fire area:   3137.1 acres.
 End of simulation reached successfully. Shutting down.
+ for f in $OUTPUTS_DIR/*.bil
++ basename ./outputs_C20.0_W21/flin_0000001_0043267.bil
++ cut -d. -f1
+ gdal_translate -a_srs 'EPSG: 32610' -co COMPRESS=DEFLATE -co ZLEVEL=9 ./outputs_C20.0_W21/flin_0000001_0043267.bil ./outputs_C20.0_W21/flin_0000001_0043267.tif
Input file size is 600, 600
0...10...20...30...40...50...60...70...80...90...100 - done.
+ for f in $OUTPUTS_DIR/*.bil
++ basename ./outputs_C20.0_W21/time_of_arrival_0000001_0043267.bil
++ cut -d. -f1
+ gdal_translate -a_srs 'EPSG: 32610' -co COMPRESS=DEFLATE -co ZLEVEL=9 ./outputs_C20.0_W21/time_of_arrival_0000001_0043267.bil ./outputs_C20.0_W21/time_of_arrival_0000001_0043267.tif
Input file size is 600, 600
0...10...20...30...40...50...60...70...80...90...100 - done.
+ for f in $OUTPUTS_DIR/*.bil
++ basename ./outputs_C20.0_W21/vs_0000001_0043267.bil
++ cut -d. -f1
+ gdal_translate -a_srs 'EPSG: 32610' -co COMPRESS=DEFLATE -co ZLEVEL=9 ./outputs_C20.0_W21/vs_0000001_0043267.bil ./outputs_C20.0_W21/vs_0000001_0043267.tif
Input file size is 600, 600
0...10...20...30...40...50...60...70...80...90...100 - done.
+ rm -f -r ./outputs_C20.0_W21/fire_size_stats.csv ./outputs_C20.0_W21/timings_firelabserver.csv ./outputs_C20.0_W21/flin_0000001_0043267.bil ./outputs_C20.0_W21/time_of_arrival_0000001_0043267.bil ./outputs_C20.0_W21/vs_0000001_0043267.bil ./outputs_C20.0_W21/flin_0000001_0043267.hdr ./outputs_C20.0_W21/time_of_arrival_0000001_0043267.hdr ./outputs_C20.0_W21/vs_0000001_0043267.hdr ./inputs/ws.tif
+ for WIND_SPEED in $(seq 0 1 30)
+ OUTPUTS_DIR=./outputs_C20.0_W22
+ replace_line OUTPUTS_DIRECTORY ./outputs_C20.0_W22 yes
+ MATCH_PATTERN=OUTPUTS_DIRECTORY
+ NEW_VALUE=./outputs_C20.0_W22
+ IS_STRING=yes
++ grep -n OUTPUTS_DIRECTORY ./inputs/elmfire.data
++ cut -d: -f1
+ LINE=25
+ sed -i '25 d' ./inputs/elmfire.data
+ '[' yes = yes ']'
+ sed -i '25 i OUTPUTS_DIRECTORY = '\''./outputs_C20.0_W22'\''' ./inputs/elmfire.data
+ '[' -d ./outputs_C20.0_W22 ']'
+ mkdir ./outputs_C20.0_W22
+ gdal_calc.py -A ./scratch/float.tif --co=COMPRESS=DEFLATE --co=ZLEVEL=9 --NoDataValue=-9999 --outfile=./inputs/ws.tif '--calc=A + 22'
0...10...20...30...40...50...60...70...80...90...100 - done.
+ /home/dwip/binYiren_SU2/elmfire_2024.0916 ./inputs/elmfire.data
 ELMFIRE 2024.0916
 Reading &MISCELLANEOUS namelist group
 Reading &INPUTS namelist group
 Reading &OUTPUTS namelist group
 Reading &COMPUTATIONAL_DOMAIN namelist group
 Reading &TIME_CONTROL namelist group
 Reading &SIMULATOR namelist group
 Reading &WUI namelist group
 Reading &CALIBRATION namelist group
 Reading &SUPPRESSION namelist group
 Reading &SPOTTING namelist group
 Reading &SMOKE namelist group
 Reading &MONTE_CARLO namelist group
 Reading headers for fuels/topography and weather rasters
/usr/bin/gdal_translate -of ENVI -co "INTERLEAVE=BSQ" ./inputs/asp.tif ./scratch/asp.bsq
Input file size is 600, 600
0...10...20...30...40...50...60...70...80...90...100 - done.
/usr/bin/gdal_translate -of ENVI -co "INTERLEAVE=BSQ" ./inputs/ws.tif ./scratch/ws.bsq
Input file size is 600, 600
0...10...20...30...40...50...60...70...80...90...100 - done.
 Setting up shared memory, part 1
 Reading weather, fuel, and topography rasters
/bin/rm -f ./scratch/ws.bsq ./scratch/ws.hdr ./scratch/ws.prj ./scratch/ws.bsq.aux.xml
/usr/bin/gdal_translate -of ENVI -co "INTERLEAVE=BSQ" ./inputs/ws.tif ./scratch/ws.bsq
Input file size is 600, 600
0...10...20...30...40...50...60...70...80...90...100 - done.
/bin/rm -f ./scratch/wd.bsq ./scratch/wd.hdr ./scratch/wd.prj ./scratch/wd.bsq.aux.xml
/usr/bin/gdal_translate -of ENVI -co "INTERLEAVE=BSQ" ./inputs/wd.tif ./scratch/wd.bsq
Input file size is 600, 600
0...10...20...30...40...50...60...70...80...90...100 - done.
/bin/rm -f ./scratch/m1.bsq ./scratch/m1.hdr ./scratch/m1.prj ./scratch/m1.bsq.aux.xml
/usr/bin/gdal_translate -of ENVI -co "INTERLEAVE=BSQ" ./inputs/m1.tif ./scratch/m1.bsq
Input file size is 600, 600
0...10...20...30...40...50...60...70...80...90...100 - done.
/bin/rm -f ./scratch/m10.bsq ./scratch/m10.hdr ./scratch/m10.prj ./scratch/m10.bsq.aux.xml
/usr/bin/gdal_translate -of ENVI -co "INTERLEAVE=BSQ" ./inputs/m10.tif ./scratch/m10.bsq
Input file size is 600, 600
0...10...20...30...40...50...60...70...80...90...100 - done.
/bin/rm -f ./scratch/m100.bsq ./scratch/m100.hdr ./scratch/m100.prj ./scratch/m100.bsq.aux.xml
/usr/bin/gdal_translate -of ENVI -co "INTERLEAVE=BSQ" ./inputs/m100.tif ./scratch/m100.bsq
Input file size is 600, 600
0...10...20...30...40...50...60...70...80...90...100 - done.
 Reading fuel and topography rasters
/bin/rm -f ./scratch/asp.bsq ./scratch/asp.hdr ./scratch/asp.prj ./scratch/asp.bsq.aux.xml
/usr/bin/gdal_translate -of ENVI -co "INTERLEAVE=BSQ" ./inputs/asp.tif ./scratch/asp.bsq
Input file size is 600, 600
0...10...20...30...40...50...60...70...80...90...100 - done.
/bin/rm -f ./scratch/cbh.bsq ./scratch/cbh.hdr ./scratch/cbh.prj ./scratch/cbh.bsq.aux.xml
/usr/bin/gdal_translate -of ENVI -co "INTERLEAVE=BSQ" ./inputs/cbh.tif ./scratch/cbh.bsq
Input file size is 600, 600
0...10...20...30...40...50...60...70...80...90...100 - done.
/bin/rm -f ./scratch/cbd.bsq ./scratch/cbd.hdr ./scratch/cbd.prj ./scratch/cbd.bsq.aux.xml
/usr/bin/gdal_translate -of ENVI -co "INTERLEAVE=BSQ" ./inputs/cbd.tif ./scratch/cbd.bsq
Input file size is 600, 600
0...10...20...30...40...50...60...70...80...90...100 - done.
/bin/rm -f ./scratch/cc.bsq ./scratch/cc.hdr ./scratch/cc.prj ./scratch/cc.bsq.aux.xml
/usr/bin/gdal_translate -of ENVI -co "INTERLEAVE=BSQ" ./inputs/cc.tif ./scratch/cc.bsq
Input file size is 600, 600
0...10...20...30...40...50...60...70...80...90...100 - done.
/bin/rm -f ./scratch/ch.bsq ./scratch/ch.hdr ./scratch/ch.prj ./scratch/ch.bsq.aux.xml
/usr/bin/gdal_translate -of ENVI -co "INTERLEAVE=BSQ" ./inputs/ch.tif ./scratch/ch.bsq
Input file size is 600, 600
0...10...20...30...40...50...60...70...80...90...100 - done.
/bin/rm -f ./scratch/dem.bsq ./scratch/dem.hdr ./scratch/dem.prj ./scratch/dem.bsq.aux.xml
/usr/bin/gdal_translate -of ENVI -co "INTERLEAVE=BSQ" ./inputs/dem.tif ./scratch/dem.bsq
Input file size is 600, 600
0...10...20...30...40...50...60...70...80...90...100 - done.
/bin/rm -f ./scratch/fbfm40.bsq ./scratch/fbfm40.hdr ./scratch/fbfm40.prj ./scratch/fbfm40.bsq.aux.xml
/usr/bin/gdal_translate -of ENVI -co "INTERLEAVE=BSQ" ./inputs/fbfm40.tif ./scratch/fbfm40.bsq
Input file size is 600, 600
0...10...20...30...40...50...60...70...80...90...100 - done.
/bin/rm -f ./scratch/slp.bsq ./scratch/slp.hdr ./scratch/slp.prj ./scratch/slp.bsq.aux.xml
/usr/bin/gdal_translate -of ENVI -co "INTERLEAVE=BSQ" ./inputs/slp.tif ./scratch/slp.bsq
Input file size is 600, 600
0...10...20...30...40...50...60...70...80...90...100 - done.
/bin/rm -f ./scratch/adj.bsq ./scratch/adj.hdr ./scratch/adj.prj ./scratch/adj.bsq.aux.xml
/usr/bin/gdal_translate -of ENVI -co "INTERLEAVE=BSQ" ./inputs/adj.tif ./scratch/adj.bsq
Input file size is 600, 600
0...10...20...30...40...50...60...70...80...90...100 - done.
/bin/rm -f ./scratch/phi.bsq ./scratch/phi.hdr ./scratch/phi.prj ./scratch/phi.bsq.aux.xml
/usr/bin/gdal_translate -of ENVI -co "INTERLEAVE=BSQ" ./inputs/phi.tif ./scratch/phi.bsq
Input file size is 600, 600
0...10...20...30...40...50...60...70...80...90...100 - done.
 Allocating additional rasters
 Setting up shared memory, part 2
 Setting up statistics arrays
 ELMFIRE is running each ensemble member
Meteorology band      1: Case #       1 complete.  Fire area:   4463.9 acres.
 End of simulation reached successfully. Shutting down.
+ for f in $OUTPUTS_DIR/*.bil
++ basename ./outputs_C20.0_W22/flin_0000001_0043238.bil
++ cut -d. -f1
+ gdal_translate -a_srs 'EPSG: 32610' -co COMPRESS=DEFLATE -co ZLEVEL=9 ./outputs_C20.0_W22/flin_0000001_0043238.bil ./outputs_C20.0_W22/flin_0000001_0043238.tif
Input file size is 600, 600
0...10...20...30...40...50...60...70...80...90...100 - done.
+ for f in $OUTPUTS_DIR/*.bil
++ basename ./outputs_C20.0_W22/time_of_arrival_0000001_0043238.bil
++ cut -d. -f1
+ gdal_translate -a_srs 'EPSG: 32610' -co COMPRESS=DEFLATE -co ZLEVEL=9 ./outputs_C20.0_W22/time_of_arrival_0000001_0043238.bil ./outputs_C20.0_W22/time_of_arrival_0000001_0043238.tif
Input file size is 600, 600
0...10...20...30...40...50...60...70...80...90...100 - done.
+ for f in $OUTPUTS_DIR/*.bil
++ basename ./outputs_C20.0_W22/vs_0000001_0043238.bil
++ cut -d. -f1
+ gdal_translate -a_srs 'EPSG: 32610' -co COMPRESS=DEFLATE -co ZLEVEL=9 ./outputs_C20.0_W22/vs_0000001_0043238.bil ./outputs_C20.0_W22/vs_0000001_0043238.tif
Input file size is 600, 600
0...10...20...30...40...50...60...70...80...90...100 - done.
+ rm -f -r ./outputs_C20.0_W22/fire_size_stats.csv ./outputs_C20.0_W22/timings_firelabserver.csv ./outputs_C20.0_W22/flin_0000001_0043238.bil ./outputs_C20.0_W22/time_of_arrival_0000001_0043238.bil ./outputs_C20.0_W22/vs_0000001_0043238.bil ./outputs_C20.0_W22/flin_0000001_0043238.hdr ./outputs_C20.0_W22/time_of_arrival_0000001_0043238.hdr ./outputs_C20.0_W22/vs_0000001_0043238.hdr ./inputs/ws.tif
+ for WIND_SPEED in $(seq 0 1 30)
+ OUTPUTS_DIR=./outputs_C20.0_W23
+ replace_line OUTPUTS_DIRECTORY ./outputs_C20.0_W23 yes
+ MATCH_PATTERN=OUTPUTS_DIRECTORY
+ NEW_VALUE=./outputs_C20.0_W23
+ IS_STRING=yes
++ grep -n OUTPUTS_DIRECTORY ./inputs/elmfire.data
++ cut -d: -f1
+ LINE=25
+ sed -i '25 d' ./inputs/elmfire.data
+ '[' yes = yes ']'
+ sed -i '25 i OUTPUTS_DIRECTORY = '\''./outputs_C20.0_W23'\''' ./inputs/elmfire.data
+ '[' -d ./outputs_C20.0_W23 ']'
+ mkdir ./outputs_C20.0_W23
+ gdal_calc.py -A ./scratch/float.tif --co=COMPRESS=DEFLATE --co=ZLEVEL=9 --NoDataValue=-9999 --outfile=./inputs/ws.tif '--calc=A + 23'
0...10...20...30...40...50...60...70...80...90...100 - done.
+ /home/dwip/binYiren_SU2/elmfire_2024.0916 ./inputs/elmfire.data
 ELMFIRE 2024.0916
 Reading &MISCELLANEOUS namelist group
 Reading &INPUTS namelist group
 Reading &OUTPUTS namelist group
 Reading &COMPUTATIONAL_DOMAIN namelist group
 Reading &TIME_CONTROL namelist group
 Reading &SIMULATOR namelist group
 Reading &WUI namelist group
 Reading &CALIBRATION namelist group
 Reading &SUPPRESSION namelist group
 Reading &SPOTTING namelist group
 Reading &SMOKE namelist group
 Reading &MONTE_CARLO namelist group
 Reading headers for fuels/topography and weather rasters
/usr/bin/gdal_translate -of ENVI -co "INTERLEAVE=BSQ" ./inputs/asp.tif ./scratch/asp.bsq
Input file size is 600, 600
0...10...20...30...40...50...60...70...80...90...100 - done.
/usr/bin/gdal_translate -of ENVI -co "INTERLEAVE=BSQ" ./inputs/ws.tif ./scratch/ws.bsq
Input file size is 600, 600
0...10...20...30...40...50...60...70...80...90...100 - done.
 Setting up shared memory, part 1
 Reading weather, fuel, and topography rasters
/bin/rm -f ./scratch/ws.bsq ./scratch/ws.hdr ./scratch/ws.prj ./scratch/ws.bsq.aux.xml
/usr/bin/gdal_translate -of ENVI -co "INTERLEAVE=BSQ" ./inputs/ws.tif ./scratch/ws.bsq
Input file size is 600, 600
0...10...20...30...40...50...60...70...80...90...100 - done.
/bin/rm -f ./scratch/wd.bsq ./scratch/wd.hdr ./scratch/wd.prj ./scratch/wd.bsq.aux.xml
/usr/bin/gdal_translate -of ENVI -co "INTERLEAVE=BSQ" ./inputs/wd.tif ./scratch/wd.bsq
Input file size is 600, 600
0...10...20...30...40...50...60...70...80...90...100 - done.
/bin/rm -f ./scratch/m1.bsq ./scratch/m1.hdr ./scratch/m1.prj ./scratch/m1.bsq.aux.xml
/usr/bin/gdal_translate -of ENVI -co "INTERLEAVE=BSQ" ./inputs/m1.tif ./scratch/m1.bsq
Input file size is 600, 600
0...10...20...30...40...50...60...70...80...90...100 - done.
/bin/rm -f ./scratch/m10.bsq ./scratch/m10.hdr ./scratch/m10.prj ./scratch/m10.bsq.aux.xml
/usr/bin/gdal_translate -of ENVI -co "INTERLEAVE=BSQ" ./inputs/m10.tif ./scratch/m10.bsq
Input file size is 600, 600
0...10...20...30...40...50...60...70...80...90...100 - done.
/bin/rm -f ./scratch/m100.bsq ./scratch/m100.hdr ./scratch/m100.prj ./scratch/m100.bsq.aux.xml
/usr/bin/gdal_translate -of ENVI -co "INTERLEAVE=BSQ" ./inputs/m100.tif ./scratch/m100.bsq
Input file size is 600, 600
0...10...20...30...40...50...60...70...80...90...100 - done.
 Reading fuel and topography rasters
/bin/rm -f ./scratch/asp.bsq ./scratch/asp.hdr ./scratch/asp.prj ./scratch/asp.bsq.aux.xml
/usr/bin/gdal_translate -of ENVI -co "INTERLEAVE=BSQ" ./inputs/asp.tif ./scratch/asp.bsq
Input file size is 600, 600
0...10...20...30...40...50...60...70...80...90...100 - done.
/bin/rm -f ./scratch/cbh.bsq ./scratch/cbh.hdr ./scratch/cbh.prj ./scratch/cbh.bsq.aux.xml
/usr/bin/gdal_translate -of ENVI -co "INTERLEAVE=BSQ" ./inputs/cbh.tif ./scratch/cbh.bsq
Input file size is 600, 600
0...10...20...30...40...50...60...70...80...90...100 - done.
/bin/rm -f ./scratch/cbd.bsq ./scratch/cbd.hdr ./scratch/cbd.prj ./scratch/cbd.bsq.aux.xml
/usr/bin/gdal_translate -of ENVI -co "INTERLEAVE=BSQ" ./inputs/cbd.tif ./scratch/cbd.bsq
Input file size is 600, 600
0...10...20...30...40...50...60...70...80...90...100 - done.
/bin/rm -f ./scratch/cc.bsq ./scratch/cc.hdr ./scratch/cc.prj ./scratch/cc.bsq.aux.xml
/usr/bin/gdal_translate -of ENVI -co "INTERLEAVE=BSQ" ./inputs/cc.tif ./scratch/cc.bsq
Input file size is 600, 600
0...10...20...30...40...50...60...70...80...90...100 - done.
/bin/rm -f ./scratch/ch.bsq ./scratch/ch.hdr ./scratch/ch.prj ./scratch/ch.bsq.aux.xml
/usr/bin/gdal_translate -of ENVI -co "INTERLEAVE=BSQ" ./inputs/ch.tif ./scratch/ch.bsq
Input file size is 600, 600
0...10...20...30...40...50...60...70...80...90...100 - done.
/bin/rm -f ./scratch/dem.bsq ./scratch/dem.hdr ./scratch/dem.prj ./scratch/dem.bsq.aux.xml
/usr/bin/gdal_translate -of ENVI -co "INTERLEAVE=BSQ" ./inputs/dem.tif ./scratch/dem.bsq
Input file size is 600, 600
0...10...20...30...40...50...60...70...80...90...100 - done.
/bin/rm -f ./scratch/fbfm40.bsq ./scratch/fbfm40.hdr ./scratch/fbfm40.prj ./scratch/fbfm40.bsq.aux.xml
/usr/bin/gdal_translate -of ENVI -co "INTERLEAVE=BSQ" ./inputs/fbfm40.tif ./scratch/fbfm40.bsq
Input file size is 600, 600
0...10...20...30...40...50...60...70...80...90...100 - done.
/bin/rm -f ./scratch/slp.bsq ./scratch/slp.hdr ./scratch/slp.prj ./scratch/slp.bsq.aux.xml
/usr/bin/gdal_translate -of ENVI -co "INTERLEAVE=BSQ" ./inputs/slp.tif ./scratch/slp.bsq
Input file size is 600, 600
0...10...20...30...40...50...60...70...80...90...100 - done.
/bin/rm -f ./scratch/adj.bsq ./scratch/adj.hdr ./scratch/adj.prj ./scratch/adj.bsq.aux.xml
/usr/bin/gdal_translate -of ENVI -co "INTERLEAVE=BSQ" ./inputs/adj.tif ./scratch/adj.bsq
Input file size is 600, 600
0...10...20...30...40...50...60...70...80...90...100 - done.
/bin/rm -f ./scratch/phi.bsq ./scratch/phi.hdr ./scratch/phi.prj ./scratch/phi.bsq.aux.xml
/usr/bin/gdal_translate -of ENVI -co "INTERLEAVE=BSQ" ./inputs/phi.tif ./scratch/phi.bsq
Input file size is 600, 600
0...10...20...30...40...50...60...70...80...90...100 - done.
 Allocating additional rasters
 Setting up shared memory, part 2
 Setting up statistics arrays
 ELMFIRE is running each ensemble member
Meteorology band      1: Case #       1 complete.  Fire area:   4208.1 acres.
 End of simulation reached successfully. Shutting down.
+ for f in $OUTPUTS_DIR/*.bil
++ basename ./outputs_C20.0_W23/flin_0000001_0043236.bil
++ cut -d. -f1
+ gdal_translate -a_srs 'EPSG: 32610' -co COMPRESS=DEFLATE -co ZLEVEL=9 ./outputs_C20.0_W23/flin_0000001_0043236.bil ./outputs_C20.0_W23/flin_0000001_0043236.tif
Input file size is 600, 600
0...10...20...30...40...50...60...70...80...90...100 - done.
+ for f in $OUTPUTS_DIR/*.bil
++ basename ./outputs_C20.0_W23/time_of_arrival_0000001_0043236.bil
++ cut -d. -f1
+ gdal_translate -a_srs 'EPSG: 32610' -co COMPRESS=DEFLATE -co ZLEVEL=9 ./outputs_C20.0_W23/time_of_arrival_0000001_0043236.bil ./outputs_C20.0_W23/time_of_arrival_0000001_0043236.tif
Input file size is 600, 600
0...10...20...30...40...50...60...70...80...90...100 - done.
+ for f in $OUTPUTS_DIR/*.bil
++ basename ./outputs_C20.0_W23/vs_0000001_0043236.bil
++ cut -d. -f1
+ gdal_translate -a_srs 'EPSG: 32610' -co COMPRESS=DEFLATE -co ZLEVEL=9 ./outputs_C20.0_W23/vs_0000001_0043236.bil ./outputs_C20.0_W23/vs_0000001_0043236.tif
Input file size is 600, 600
0...10...20...30...40...50...60...70...80...90...100 - done.
+ rm -f -r ./outputs_C20.0_W23/fire_size_stats.csv ./outputs_C20.0_W23/timings_firelabserver.csv ./outputs_C20.0_W23/flin_0000001_0043236.bil ./outputs_C20.0_W23/time_of_arrival_0000001_0043236.bil ./outputs_C20.0_W23/vs_0000001_0043236.bil ./outputs_C20.0_W23/flin_0000001_0043236.hdr ./outputs_C20.0_W23/time_of_arrival_0000001_0043236.hdr ./outputs_C20.0_W23/vs_0000001_0043236.hdr ./inputs/ws.tif
+ for WIND_SPEED in $(seq 0 1 30)
+ OUTPUTS_DIR=./outputs_C20.0_W24
+ replace_line OUTPUTS_DIRECTORY ./outputs_C20.0_W24 yes
+ MATCH_PATTERN=OUTPUTS_DIRECTORY
+ NEW_VALUE=./outputs_C20.0_W24
+ IS_STRING=yes
++ grep -n OUTPUTS_DIRECTORY ./inputs/elmfire.data
++ cut -d: -f1
+ LINE=25
+ sed -i '25 d' ./inputs/elmfire.data
+ '[' yes = yes ']'
+ sed -i '25 i OUTPUTS_DIRECTORY = '\''./outputs_C20.0_W24'\''' ./inputs/elmfire.data
+ '[' -d ./outputs_C20.0_W24 ']'
+ mkdir ./outputs_C20.0_W24
+ gdal_calc.py -A ./scratch/float.tif --co=COMPRESS=DEFLATE --co=ZLEVEL=9 --NoDataValue=-9999 --outfile=./inputs/ws.tif '--calc=A + 24'
0...10...20...30...40...50...60...70...80...90...100 - done.
+ /home/dwip/binYiren_SU2/elmfire_2024.0916 ./inputs/elmfire.data
 ELMFIRE 2024.0916
 Reading &MISCELLANEOUS namelist group
 Reading &INPUTS namelist group
 Reading &OUTPUTS namelist group
 Reading &COMPUTATIONAL_DOMAIN namelist group
 Reading &TIME_CONTROL namelist group
 Reading &SIMULATOR namelist group
 Reading &WUI namelist group
 Reading &CALIBRATION namelist group
 Reading &SUPPRESSION namelist group
 Reading &SPOTTING namelist group
 Reading &SMOKE namelist group
 Reading &MONTE_CARLO namelist group
 Reading headers for fuels/topography and weather rasters
/usr/bin/gdal_translate -of ENVI -co "INTERLEAVE=BSQ" ./inputs/asp.tif ./scratch/asp.bsq
Input file size is 600, 600
0...10...20...30...40...50...60...70...80...90...100 - done.
/usr/bin/gdal_translate -of ENVI -co "INTERLEAVE=BSQ" ./inputs/ws.tif ./scratch/ws.bsq
Input file size is 600, 600
0...10...20...30...40...50...60...70...80...90...100 - done.
 Setting up shared memory, part 1
 Reading weather, fuel, and topography rasters
/bin/rm -f ./scratch/ws.bsq ./scratch/ws.hdr ./scratch/ws.prj ./scratch/ws.bsq.aux.xml
/usr/bin/gdal_translate -of ENVI -co "INTERLEAVE=BSQ" ./inputs/ws.tif ./scratch/ws.bsq
Input file size is 600, 600
0...10...20...30...40...50...60...70...80...90...100 - done.
/bin/rm -f ./scratch/wd.bsq ./scratch/wd.hdr ./scratch/wd.prj ./scratch/wd.bsq.aux.xml
/usr/bin/gdal_translate -of ENVI -co "INTERLEAVE=BSQ" ./inputs/wd.tif ./scratch/wd.bsq
Input file size is 600, 600
0...10...20...30...40...50...60...70...80...90...100 - done.
/bin/rm -f ./scratch/m1.bsq ./scratch/m1.hdr ./scratch/m1.prj ./scratch/m1.bsq.aux.xml
/usr/bin/gdal_translate -of ENVI -co "INTERLEAVE=BSQ" ./inputs/m1.tif ./scratch/m1.bsq
Input file size is 600, 600
0...10...20...30...40...50...60...70...80...90...100 - done.
/bin/rm -f ./scratch/m10.bsq ./scratch/m10.hdr ./scratch/m10.prj ./scratch/m10.bsq.aux.xml
/usr/bin/gdal_translate -of ENVI -co "INTERLEAVE=BSQ" ./inputs/m10.tif ./scratch/m10.bsq
Input file size is 600, 600
0...10...20...30...40...50...60...70...80...90...100 - done.
/bin/rm -f ./scratch/m100.bsq ./scratch/m100.hdr ./scratch/m100.prj ./scratch/m100.bsq.aux.xml
/usr/bin/gdal_translate -of ENVI -co "INTERLEAVE=BSQ" ./inputs/m100.tif ./scratch/m100.bsq
Input file size is 600, 600
0...10...20...30...40...50...60...70...80...90...100 - done.
 Reading fuel and topography rasters
/bin/rm -f ./scratch/asp.bsq ./scratch/asp.hdr ./scratch/asp.prj ./scratch/asp.bsq.aux.xml
/usr/bin/gdal_translate -of ENVI -co "INTERLEAVE=BSQ" ./inputs/asp.tif ./scratch/asp.bsq
Input file size is 600, 600
0...10...20...30...40...50...60...70...80...90...100 - done.
/bin/rm -f ./scratch/cbh.bsq ./scratch/cbh.hdr ./scratch/cbh.prj ./scratch/cbh.bsq.aux.xml
/usr/bin/gdal_translate -of ENVI -co "INTERLEAVE=BSQ" ./inputs/cbh.tif ./scratch/cbh.bsq
Input file size is 600, 600
0...10...20...30...40...50...60...70...80...90...100 - done.
/bin/rm -f ./scratch/cbd.bsq ./scratch/cbd.hdr ./scratch/cbd.prj ./scratch/cbd.bsq.aux.xml
/usr/bin/gdal_translate -of ENVI -co "INTERLEAVE=BSQ" ./inputs/cbd.tif ./scratch/cbd.bsq
Input file size is 600, 600
0...10...20...30...40...50...60...70...80...90...100 - done.
/bin/rm -f ./scratch/cc.bsq ./scratch/cc.hdr ./scratch/cc.prj ./scratch/cc.bsq.aux.xml
/usr/bin/gdal_translate -of ENVI -co "INTERLEAVE=BSQ" ./inputs/cc.tif ./scratch/cc.bsq
Input file size is 600, 600
0...10...20...30...40...50...60...70...80...90...100 - done.
/bin/rm -f ./scratch/ch.bsq ./scratch/ch.hdr ./scratch/ch.prj ./scratch/ch.bsq.aux.xml
/usr/bin/gdal_translate -of ENVI -co "INTERLEAVE=BSQ" ./inputs/ch.tif ./scratch/ch.bsq
Input file size is 600, 600
0...10...20...30...40...50...60...70...80...90...100 - done.
/bin/rm -f ./scratch/dem.bsq ./scratch/dem.hdr ./scratch/dem.prj ./scratch/dem.bsq.aux.xml
/usr/bin/gdal_translate -of ENVI -co "INTERLEAVE=BSQ" ./inputs/dem.tif ./scratch/dem.bsq
Input file size is 600, 600
0...10...20...30...40...50...60...70...80...90...100 - done.
/bin/rm -f ./scratch/fbfm40.bsq ./scratch/fbfm40.hdr ./scratch/fbfm40.prj ./scratch/fbfm40.bsq.aux.xml
/usr/bin/gdal_translate -of ENVI -co "INTERLEAVE=BSQ" ./inputs/fbfm40.tif ./scratch/fbfm40.bsq
Input file size is 600, 600
0...10...20...30...40...50...60...70...80...90...100 - done.
/bin/rm -f ./scratch/slp.bsq ./scratch/slp.hdr ./scratch/slp.prj ./scratch/slp.bsq.aux.xml
/usr/bin/gdal_translate -of ENVI -co "INTERLEAVE=BSQ" ./inputs/slp.tif ./scratch/slp.bsq
Input file size is 600, 600
0...10...20...30...40...50...60...70...80...90...100 - done.
/bin/rm -f ./scratch/adj.bsq ./scratch/adj.hdr ./scratch/adj.prj ./scratch/adj.bsq.aux.xml
/usr/bin/gdal_translate -of ENVI -co "INTERLEAVE=BSQ" ./inputs/adj.tif ./scratch/adj.bsq
Input file size is 600, 600
0...10...20...30...40...50...60...70...80...90...100 - done.
/bin/rm -f ./scratch/phi.bsq ./scratch/phi.hdr ./scratch/phi.prj ./scratch/phi.bsq.aux.xml
/usr/bin/gdal_translate -of ENVI -co "INTERLEAVE=BSQ" ./inputs/phi.tif ./scratch/phi.bsq
Input file size is 600, 600
0...10...20...30...40...50...60...70...80...90...100 - done.
 Allocating additional rasters
 Setting up shared memory, part 2
 Setting up statistics arrays
 ELMFIRE is running each ensemble member
Meteorology band      1: Case #       1 complete.  Fire area:   5021.3 acres.
 End of simulation reached successfully. Shutting down.
+ for f in $OUTPUTS_DIR/*.bil
++ basename ./outputs_C20.0_W24/flin_0000001_0043233.bil
++ cut -d. -f1
+ gdal_translate -a_srs 'EPSG: 32610' -co COMPRESS=DEFLATE -co ZLEVEL=9 ./outputs_C20.0_W24/flin_0000001_0043233.bil ./outputs_C20.0_W24/flin_0000001_0043233.tif
Input file size is 600, 600
0...10...20...30...40...50...60...70...80...90...100 - done.
+ for f in $OUTPUTS_DIR/*.bil
++ basename ./outputs_C20.0_W24/time_of_arrival_0000001_0043233.bil
++ cut -d. -f1
+ gdal_translate -a_srs 'EPSG: 32610' -co COMPRESS=DEFLATE -co ZLEVEL=9 ./outputs_C20.0_W24/time_of_arrival_0000001_0043233.bil ./outputs_C20.0_W24/time_of_arrival_0000001_0043233.tif
Input file size is 600, 600
0...10...20...30...40...50...60...70...80...90...100 - done.
+ for f in $OUTPUTS_DIR/*.bil
++ basename ./outputs_C20.0_W24/vs_0000001_0043233.bil
++ cut -d. -f1
+ gdal_translate -a_srs 'EPSG: 32610' -co COMPRESS=DEFLATE -co ZLEVEL=9 ./outputs_C20.0_W24/vs_0000001_0043233.bil ./outputs_C20.0_W24/vs_0000001_0043233.tif
Input file size is 600, 600
0...10...20...30...40...50...60...70...80...90...100 - done.
+ rm -f -r ./outputs_C20.0_W24/fire_size_stats.csv ./outputs_C20.0_W24/timings_firelabserver.csv ./outputs_C20.0_W24/flin_0000001_0043233.bil ./outputs_C20.0_W24/time_of_arrival_0000001_0043233.bil ./outputs_C20.0_W24/vs_0000001_0043233.bil ./outputs_C20.0_W24/flin_0000001_0043233.hdr ./outputs_C20.0_W24/time_of_arrival_0000001_0043233.hdr ./outputs_C20.0_W24/vs_0000001_0043233.hdr ./inputs/ws.tif
+ for WIND_SPEED in $(seq 0 1 30)
+ OUTPUTS_DIR=./outputs_C20.0_W25
+ replace_line OUTPUTS_DIRECTORY ./outputs_C20.0_W25 yes
+ MATCH_PATTERN=OUTPUTS_DIRECTORY
+ NEW_VALUE=./outputs_C20.0_W25
+ IS_STRING=yes
++ grep -n OUTPUTS_DIRECTORY ./inputs/elmfire.data
++ cut -d: -f1
+ LINE=25
+ sed -i '25 d' ./inputs/elmfire.data
+ '[' yes = yes ']'
+ sed -i '25 i OUTPUTS_DIRECTORY = '\''./outputs_C20.0_W25'\''' ./inputs/elmfire.data
+ '[' -d ./outputs_C20.0_W25 ']'
+ mkdir ./outputs_C20.0_W25
+ gdal_calc.py -A ./scratch/float.tif --co=COMPRESS=DEFLATE --co=ZLEVEL=9 --NoDataValue=-9999 --outfile=./inputs/ws.tif '--calc=A + 25'
0...10...20...30...40...50...60...70...80...90...100 - done.
+ /home/dwip/binYiren_SU2/elmfire_2024.0916 ./inputs/elmfire.data
 ELMFIRE 2024.0916
 Reading &MISCELLANEOUS namelist group
 Reading &INPUTS namelist group
 Reading &OUTPUTS namelist group
 Reading &COMPUTATIONAL_DOMAIN namelist group
 Reading &TIME_CONTROL namelist group
 Reading &SIMULATOR namelist group
 Reading &WUI namelist group
 Reading &CALIBRATION namelist group
 Reading &SUPPRESSION namelist group
 Reading &SPOTTING namelist group
 Reading &SMOKE namelist group
 Reading &MONTE_CARLO namelist group
 Reading headers for fuels/topography and weather rasters
/usr/bin/gdal_translate -of ENVI -co "INTERLEAVE=BSQ" ./inputs/asp.tif ./scratch/asp.bsq
Input file size is 600, 600
0...10...20...30...40...50...60...70...80...90...100 - done.
/usr/bin/gdal_translate -of ENVI -co "INTERLEAVE=BSQ" ./inputs/ws.tif ./scratch/ws.bsq
Input file size is 600, 600
0...10...20...30...40...50...60...70...80...90...100 - done.
 Setting up shared memory, part 1
 Reading weather, fuel, and topography rasters
/bin/rm -f ./scratch/ws.bsq ./scratch/ws.hdr ./scratch/ws.prj ./scratch/ws.bsq.aux.xml
/usr/bin/gdal_translate -of ENVI -co "INTERLEAVE=BSQ" ./inputs/ws.tif ./scratch/ws.bsq
Input file size is 600, 600
0...10...20...30...40...50...60...70...80...90...100 - done.
/bin/rm -f ./scratch/wd.bsq ./scratch/wd.hdr ./scratch/wd.prj ./scratch/wd.bsq.aux.xml
/usr/bin/gdal_translate -of ENVI -co "INTERLEAVE=BSQ" ./inputs/wd.tif ./scratch/wd.bsq
Input file size is 600, 600
0...10...20...30...40...50...60...70...80...90...100 - done.
/bin/rm -f ./scratch/m1.bsq ./scratch/m1.hdr ./scratch/m1.prj ./scratch/m1.bsq.aux.xml
/usr/bin/gdal_translate -of ENVI -co "INTERLEAVE=BSQ" ./inputs/m1.tif ./scratch/m1.bsq
Input file size is 600, 600
0...10...20...30...40...50...60...70...80...90...100 - done.
/bin/rm -f ./scratch/m10.bsq ./scratch/m10.hdr ./scratch/m10.prj ./scratch/m10.bsq.aux.xml
/usr/bin/gdal_translate -of ENVI -co "INTERLEAVE=BSQ" ./inputs/m10.tif ./scratch/m10.bsq
Input file size is 600, 600
0...10...20...30...40...50...60...70...80...90...100 - done.
/bin/rm -f ./scratch/m100.bsq ./scratch/m100.hdr ./scratch/m100.prj ./scratch/m100.bsq.aux.xml
/usr/bin/gdal_translate -of ENVI -co "INTERLEAVE=BSQ" ./inputs/m100.tif ./scratch/m100.bsq
Input file size is 600, 600
0...10...20...30...40...50...60...70...80...90...100 - done.
 Reading fuel and topography rasters
/bin/rm -f ./scratch/asp.bsq ./scratch/asp.hdr ./scratch/asp.prj ./scratch/asp.bsq.aux.xml
/usr/bin/gdal_translate -of ENVI -co "INTERLEAVE=BSQ" ./inputs/asp.tif ./scratch/asp.bsq
Input file size is 600, 600
0...10...20...30...40...50...60...70...80...90...100 - done.
/bin/rm -f ./scratch/cbh.bsq ./scratch/cbh.hdr ./scratch/cbh.prj ./scratch/cbh.bsq.aux.xml
/usr/bin/gdal_translate -of ENVI -co "INTERLEAVE=BSQ" ./inputs/cbh.tif ./scratch/cbh.bsq
Input file size is 600, 600
0...10...20...30...40...50...60...70...80...90...100 - done.
/bin/rm -f ./scratch/cbd.bsq ./scratch/cbd.hdr ./scratch/cbd.prj ./scratch/cbd.bsq.aux.xml
/usr/bin/gdal_translate -of ENVI -co "INTERLEAVE=BSQ" ./inputs/cbd.tif ./scratch/cbd.bsq
Input file size is 600, 600
0...10...20...30...40...50...60...70...80...90...100 - done.
/bin/rm -f ./scratch/cc.bsq ./scratch/cc.hdr ./scratch/cc.prj ./scratch/cc.bsq.aux.xml
/usr/bin/gdal_translate -of ENVI -co "INTERLEAVE=BSQ" ./inputs/cc.tif ./scratch/cc.bsq
Input file size is 600, 600
0...10...20...30...40...50...60...70...80...90...100 - done.
/bin/rm -f ./scratch/ch.bsq ./scratch/ch.hdr ./scratch/ch.prj ./scratch/ch.bsq.aux.xml
/usr/bin/gdal_translate -of ENVI -co "INTERLEAVE=BSQ" ./inputs/ch.tif ./scratch/ch.bsq
Input file size is 600, 600
0...10...20...30...40...50...60...70...80...90...100 - done.
/bin/rm -f ./scratch/dem.bsq ./scratch/dem.hdr ./scratch/dem.prj ./scratch/dem.bsq.aux.xml
/usr/bin/gdal_translate -of ENVI -co "INTERLEAVE=BSQ" ./inputs/dem.tif ./scratch/dem.bsq
Input file size is 600, 600
0...10...20...30...40...50...60...70...80...90...100 - done.
/bin/rm -f ./scratch/fbfm40.bsq ./scratch/fbfm40.hdr ./scratch/fbfm40.prj ./scratch/fbfm40.bsq.aux.xml
/usr/bin/gdal_translate -of ENVI -co "INTERLEAVE=BSQ" ./inputs/fbfm40.tif ./scratch/fbfm40.bsq
Input file size is 600, 600
0...10...20...30...40...50...60...70...80...90...100 - done.
/bin/rm -f ./scratch/slp.bsq ./scratch/slp.hdr ./scratch/slp.prj ./scratch/slp.bsq.aux.xml
/usr/bin/gdal_translate -of ENVI -co "INTERLEAVE=BSQ" ./inputs/slp.tif ./scratch/slp.bsq
Input file size is 600, 600
0...10...20...30...40...50...60...70...80...90...100 - done.
/bin/rm -f ./scratch/adj.bsq ./scratch/adj.hdr ./scratch/adj.prj ./scratch/adj.bsq.aux.xml
/usr/bin/gdal_translate -of ENVI -co "INTERLEAVE=BSQ" ./inputs/adj.tif ./scratch/adj.bsq
Input file size is 600, 600
0...10...20...30...40...50...60...70...80...90...100 - done.
/bin/rm -f ./scratch/phi.bsq ./scratch/phi.hdr ./scratch/phi.prj ./scratch/phi.bsq.aux.xml
/usr/bin/gdal_translate -of ENVI -co "INTERLEAVE=BSQ" ./inputs/phi.tif ./scratch/phi.bsq
Input file size is 600, 600
0...10...20...30...40...50...60...70...80...90...100 - done.
 Allocating additional rasters
 Setting up shared memory, part 2
 Setting up statistics arrays
 ELMFIRE is running each ensemble member
Meteorology band      1: Case #       1 complete.  Fire area:   4470.7 acres.
 End of simulation reached successfully. Shutting down.
+ for f in $OUTPUTS_DIR/*.bil
++ basename ./outputs_C20.0_W25/flin_0000001_0043235.bil
++ cut -d. -f1
+ gdal_translate -a_srs 'EPSG: 32610' -co COMPRESS=DEFLATE -co ZLEVEL=9 ./outputs_C20.0_W25/flin_0000001_0043235.bil ./outputs_C20.0_W25/flin_0000001_0043235.tif
Input file size is 600, 600
0...10...20...30...40...50...60...70...80...90...100 - done.
+ for f in $OUTPUTS_DIR/*.bil
++ basename ./outputs_C20.0_W25/time_of_arrival_0000001_0043235.bil
++ cut -d. -f1
+ gdal_translate -a_srs 'EPSG: 32610' -co COMPRESS=DEFLATE -co ZLEVEL=9 ./outputs_C20.0_W25/time_of_arrival_0000001_0043235.bil ./outputs_C20.0_W25/time_of_arrival_0000001_0043235.tif
Input file size is 600, 600
0...10...20...30...40...50...60...70...80...90...100 - done.
+ for f in $OUTPUTS_DIR/*.bil
++ basename ./outputs_C20.0_W25/vs_0000001_0043235.bil
++ cut -d. -f1
+ gdal_translate -a_srs 'EPSG: 32610' -co COMPRESS=DEFLATE -co ZLEVEL=9 ./outputs_C20.0_W25/vs_0000001_0043235.bil ./outputs_C20.0_W25/vs_0000001_0043235.tif
Input file size is 600, 600
0...10...20...30...40...50...60...70...80...90...100 - done.
+ rm -f -r ./outputs_C20.0_W25/fire_size_stats.csv ./outputs_C20.0_W25/timings_firelabserver.csv ./outputs_C20.0_W25/flin_0000001_0043235.bil ./outputs_C20.0_W25/time_of_arrival_0000001_0043235.bil ./outputs_C20.0_W25/vs_0000001_0043235.bil ./outputs_C20.0_W25/flin_0000001_0043235.hdr ./outputs_C20.0_W25/time_of_arrival_0000001_0043235.hdr ./outputs_C20.0_W25/vs_0000001_0043235.hdr ./inputs/ws.tif
+ for WIND_SPEED in $(seq 0 1 30)
+ OUTPUTS_DIR=./outputs_C20.0_W26
+ replace_line OUTPUTS_DIRECTORY ./outputs_C20.0_W26 yes
+ MATCH_PATTERN=OUTPUTS_DIRECTORY
+ NEW_VALUE=./outputs_C20.0_W26
+ IS_STRING=yes
++ cut -d: -f1
++ grep -n OUTPUTS_DIRECTORY ./inputs/elmfire.data
+ LINE=25
+ sed -i '25 d' ./inputs/elmfire.data
+ '[' yes = yes ']'
+ sed -i '25 i OUTPUTS_DIRECTORY = '\''./outputs_C20.0_W26'\''' ./inputs/elmfire.data
+ '[' -d ./outputs_C20.0_W26 ']'
+ mkdir ./outputs_C20.0_W26
+ gdal_calc.py -A ./scratch/float.tif --co=COMPRESS=DEFLATE --co=ZLEVEL=9 --NoDataValue=-9999 --outfile=./inputs/ws.tif '--calc=A + 26'
0...10...20...30...40...50...60...70...80...90...100 - done.
+ /home/dwip/binYiren_SU2/elmfire_2024.0916 ./inputs/elmfire.data
 ELMFIRE 2024.0916
 Reading &MISCELLANEOUS namelist group
 Reading &INPUTS namelist group
 Reading &OUTPUTS namelist group
 Reading &COMPUTATIONAL_DOMAIN namelist group
 Reading &TIME_CONTROL namelist group
 Reading &SIMULATOR namelist group
 Reading &WUI namelist group
 Reading &CALIBRATION namelist group
 Reading &SUPPRESSION namelist group
 Reading &SPOTTING namelist group
 Reading &SMOKE namelist group
 Reading &MONTE_CARLO namelist group
 Reading headers for fuels/topography and weather rasters
/usr/bin/gdal_translate -of ENVI -co "INTERLEAVE=BSQ" ./inputs/asp.tif ./scratch/asp.bsq
Input file size is 600, 600
0...10...20...30...40...50...60...70...80...90...100 - done.
/usr/bin/gdal_translate -of ENVI -co "INTERLEAVE=BSQ" ./inputs/ws.tif ./scratch/ws.bsq
Input file size is 600, 600
0...10...20...30...40...50...60...70...80...90...100 - done.
 Setting up shared memory, part 1
 Reading weather, fuel, and topography rasters
/bin/rm -f ./scratch/ws.bsq ./scratch/ws.hdr ./scratch/ws.prj ./scratch/ws.bsq.aux.xml
/usr/bin/gdal_translate -of ENVI -co "INTERLEAVE=BSQ" ./inputs/ws.tif ./scratch/ws.bsq
Input file size is 600, 600
0...10...20...30...40...50...60...70...80...90...100 - done.
/bin/rm -f ./scratch/wd.bsq ./scratch/wd.hdr ./scratch/wd.prj ./scratch/wd.bsq.aux.xml
/usr/bin/gdal_translate -of ENVI -co "INTERLEAVE=BSQ" ./inputs/wd.tif ./scratch/wd.bsq
Input file size is 600, 600
0...10...20...30...40...50...60...70...80...90...100 - done.
/bin/rm -f ./scratch/m1.bsq ./scratch/m1.hdr ./scratch/m1.prj ./scratch/m1.bsq.aux.xml
/usr/bin/gdal_translate -of ENVI -co "INTERLEAVE=BSQ" ./inputs/m1.tif ./scratch/m1.bsq
Input file size is 600, 600
0...10...20...30...40...50...60...70...80...90...100 - done.
/bin/rm -f ./scratch/m10.bsq ./scratch/m10.hdr ./scratch/m10.prj ./scratch/m10.bsq.aux.xml
/usr/bin/gdal_translate -of ENVI -co "INTERLEAVE=BSQ" ./inputs/m10.tif ./scratch/m10.bsq
Input file size is 600, 600
0...10...20...30...40...50...60...70...80...90...100 - done.
/bin/rm -f ./scratch/m100.bsq ./scratch/m100.hdr ./scratch/m100.prj ./scratch/m100.bsq.aux.xml
/usr/bin/gdal_translate -of ENVI -co "INTERLEAVE=BSQ" ./inputs/m100.tif ./scratch/m100.bsq
Input file size is 600, 600
0...10...20...30...40...50...60...70...80...90...100 - done.
 Reading fuel and topography rasters
/bin/rm -f ./scratch/asp.bsq ./scratch/asp.hdr ./scratch/asp.prj ./scratch/asp.bsq.aux.xml
/usr/bin/gdal_translate -of ENVI -co "INTERLEAVE=BSQ" ./inputs/asp.tif ./scratch/asp.bsq
Input file size is 600, 600
0...10...20...30...40...50...60...70...80...90...100 - done.
/bin/rm -f ./scratch/cbh.bsq ./scratch/cbh.hdr ./scratch/cbh.prj ./scratch/cbh.bsq.aux.xml
/usr/bin/gdal_translate -of ENVI -co "INTERLEAVE=BSQ" ./inputs/cbh.tif ./scratch/cbh.bsq
Input file size is 600, 600
0...10...20...30...40...50...60...70...80...90...100 - done.
/bin/rm -f ./scratch/cbd.bsq ./scratch/cbd.hdr ./scratch/cbd.prj ./scratch/cbd.bsq.aux.xml
/usr/bin/gdal_translate -of ENVI -co "INTERLEAVE=BSQ" ./inputs/cbd.tif ./scratch/cbd.bsq
Input file size is 600, 600
0...10...20...30...40...50...60...70...80...90...100 - done.
/bin/rm -f ./scratch/cc.bsq ./scratch/cc.hdr ./scratch/cc.prj ./scratch/cc.bsq.aux.xml
/usr/bin/gdal_translate -of ENVI -co "INTERLEAVE=BSQ" ./inputs/cc.tif ./scratch/cc.bsq
Input file size is 600, 600
0...10...20...30...40...50...60...70...80...90...100 - done.
/bin/rm -f ./scratch/ch.bsq ./scratch/ch.hdr ./scratch/ch.prj ./scratch/ch.bsq.aux.xml
/usr/bin/gdal_translate -of ENVI -co "INTERLEAVE=BSQ" ./inputs/ch.tif ./scratch/ch.bsq
Input file size is 600, 600
0...10...20...30...40...50...60...70...80...90...100 - done.
/bin/rm -f ./scratch/dem.bsq ./scratch/dem.hdr ./scratch/dem.prj ./scratch/dem.bsq.aux.xml
/usr/bin/gdal_translate -of ENVI -co "INTERLEAVE=BSQ" ./inputs/dem.tif ./scratch/dem.bsq
Input file size is 600, 600
0...10...20...30...40...50...60...70...80...90...100 - done.
/bin/rm -f ./scratch/fbfm40.bsq ./scratch/fbfm40.hdr ./scratch/fbfm40.prj ./scratch/fbfm40.bsq.aux.xml
/usr/bin/gdal_translate -of ENVI -co "INTERLEAVE=BSQ" ./inputs/fbfm40.tif ./scratch/fbfm40.bsq
Input file size is 600, 600
0...10...20...30...40...50...60...70...80...90...100 - done.
/bin/rm -f ./scratch/slp.bsq ./scratch/slp.hdr ./scratch/slp.prj ./scratch/slp.bsq.aux.xml
/usr/bin/gdal_translate -of ENVI -co "INTERLEAVE=BSQ" ./inputs/slp.tif ./scratch/slp.bsq
Input file size is 600, 600
0...10...20...30...40...50...60...70...80...90...100 - done.
/bin/rm -f ./scratch/adj.bsq ./scratch/adj.hdr ./scratch/adj.prj ./scratch/adj.bsq.aux.xml
/usr/bin/gdal_translate -of ENVI -co "INTERLEAVE=BSQ" ./inputs/adj.tif ./scratch/adj.bsq
Input file size is 600, 600
0...10...20...30...40...50...60...70...80...90...100 - done.
/bin/rm -f ./scratch/phi.bsq ./scratch/phi.hdr ./scratch/phi.prj ./scratch/phi.bsq.aux.xml
/usr/bin/gdal_translate -of ENVI -co "INTERLEAVE=BSQ" ./inputs/phi.tif ./scratch/phi.bsq
Input file size is 600, 600
0...10...20...30...40...50...60...70...80...90...100 - done.
 Allocating additional rasters
 Setting up shared memory, part 2
 Setting up statistics arrays
 ELMFIRE is running each ensemble member
Meteorology band      1: Case #       1 complete.  Fire area:   4466.3 acres.
 End of simulation reached successfully. Shutting down.
+ for f in $OUTPUTS_DIR/*.bil
++ basename ./outputs_C20.0_W26/flin_0000001_0043248.bil
++ cut -d. -f1
+ gdal_translate -a_srs 'EPSG: 32610' -co COMPRESS=DEFLATE -co ZLEVEL=9 ./outputs_C20.0_W26/flin_0000001_0043248.bil ./outputs_C20.0_W26/flin_0000001_0043248.tif
Input file size is 600, 600
0...10...20...30...40...50...60...70...80...90...100 - done.
+ for f in $OUTPUTS_DIR/*.bil
++ basename ./outputs_C20.0_W26/time_of_arrival_0000001_0043248.bil
++ cut -d. -f1
+ gdal_translate -a_srs 'EPSG: 32610' -co COMPRESS=DEFLATE -co ZLEVEL=9 ./outputs_C20.0_W26/time_of_arrival_0000001_0043248.bil ./outputs_C20.0_W26/time_of_arrival_0000001_0043248.tif
Input file size is 600, 600
0...10...20...30...40...50...60...70...80...90...100 - done.
+ for f in $OUTPUTS_DIR/*.bil
++ basename ./outputs_C20.0_W26/vs_0000001_0043248.bil
++ cut -d. -f1
+ gdal_translate -a_srs 'EPSG: 32610' -co COMPRESS=DEFLATE -co ZLEVEL=9 ./outputs_C20.0_W26/vs_0000001_0043248.bil ./outputs_C20.0_W26/vs_0000001_0043248.tif
Input file size is 600, 600
0...10...20...30...40...50...60...70...80...90...100 - done.
+ rm -f -r ./outputs_C20.0_W26/fire_size_stats.csv ./outputs_C20.0_W26/timings_firelabserver.csv ./outputs_C20.0_W26/flin_0000001_0043248.bil ./outputs_C20.0_W26/time_of_arrival_0000001_0043248.bil ./outputs_C20.0_W26/vs_0000001_0043248.bil ./outputs_C20.0_W26/flin_0000001_0043248.hdr ./outputs_C20.0_W26/time_of_arrival_0000001_0043248.hdr ./outputs_C20.0_W26/vs_0000001_0043248.hdr ./inputs/ws.tif
+ for WIND_SPEED in $(seq 0 1 30)
+ OUTPUTS_DIR=./outputs_C20.0_W27
+ replace_line OUTPUTS_DIRECTORY ./outputs_C20.0_W27 yes
+ MATCH_PATTERN=OUTPUTS_DIRECTORY
+ NEW_VALUE=./outputs_C20.0_W27
+ IS_STRING=yes
++ grep -n OUTPUTS_DIRECTORY ./inputs/elmfire.data
++ cut -d: -f1
+ LINE=25
+ sed -i '25 d' ./inputs/elmfire.data
+ '[' yes = yes ']'
+ sed -i '25 i OUTPUTS_DIRECTORY = '\''./outputs_C20.0_W27'\''' ./inputs/elmfire.data
+ '[' -d ./outputs_C20.0_W27 ']'
+ mkdir ./outputs_C20.0_W27
+ gdal_calc.py -A ./scratch/float.tif --co=COMPRESS=DEFLATE --co=ZLEVEL=9 --NoDataValue=-9999 --outfile=./inputs/ws.tif '--calc=A + 27'
0...10...20...30...40...50...60...70...80...90...100 - done.
+ /home/dwip/binYiren_SU2/elmfire_2024.0916 ./inputs/elmfire.data
 ELMFIRE 2024.0916
 Reading &MISCELLANEOUS namelist group
 Reading &INPUTS namelist group
 Reading &OUTPUTS namelist group
 Reading &COMPUTATIONAL_DOMAIN namelist group
 Reading &TIME_CONTROL namelist group
 Reading &SIMULATOR namelist group
 Reading &WUI namelist group
 Reading &CALIBRATION namelist group
 Reading &SUPPRESSION namelist group
 Reading &SPOTTING namelist group
 Reading &SMOKE namelist group
 Reading &MONTE_CARLO namelist group
 Reading headers for fuels/topography and weather rasters
/usr/bin/gdal_translate -of ENVI -co "INTERLEAVE=BSQ" ./inputs/asp.tif ./scratch/asp.bsq
Input file size is 600, 600
0...10...20...30...40...50...60...70...80...90...100 - done.
/usr/bin/gdal_translate -of ENVI -co "INTERLEAVE=BSQ" ./inputs/ws.tif ./scratch/ws.bsq
Input file size is 600, 600
0...10...20...30...40...50...60...70...80...90...100 - done.
 Setting up shared memory, part 1
 Reading weather, fuel, and topography rasters
/bin/rm -f ./scratch/ws.bsq ./scratch/ws.hdr ./scratch/ws.prj ./scratch/ws.bsq.aux.xml
/usr/bin/gdal_translate -of ENVI -co "INTERLEAVE=BSQ" ./inputs/ws.tif ./scratch/ws.bsq
Input file size is 600, 600
0...10...20...30...40...50...60...70...80...90...100 - done.
/bin/rm -f ./scratch/wd.bsq ./scratch/wd.hdr ./scratch/wd.prj ./scratch/wd.bsq.aux.xml
/usr/bin/gdal_translate -of ENVI -co "INTERLEAVE=BSQ" ./inputs/wd.tif ./scratch/wd.bsq
Input file size is 600, 600
0...10...20...30...40...50...60...70...80...90...100 - done.
/bin/rm -f ./scratch/m1.bsq ./scratch/m1.hdr ./scratch/m1.prj ./scratch/m1.bsq.aux.xml
/usr/bin/gdal_translate -of ENVI -co "INTERLEAVE=BSQ" ./inputs/m1.tif ./scratch/m1.bsq
Input file size is 600, 600
0...10...20...30...40...50...60...70...80...90...100 - done.
/bin/rm -f ./scratch/m10.bsq ./scratch/m10.hdr ./scratch/m10.prj ./scratch/m10.bsq.aux.xml
/usr/bin/gdal_translate -of ENVI -co "INTERLEAVE=BSQ" ./inputs/m10.tif ./scratch/m10.bsq
Input file size is 600, 600
0...10...20...30...40...50...60...70...80...90...100 - done.
/bin/rm -f ./scratch/m100.bsq ./scratch/m100.hdr ./scratch/m100.prj ./scratch/m100.bsq.aux.xml
/usr/bin/gdal_translate -of ENVI -co "INTERLEAVE=BSQ" ./inputs/m100.tif ./scratch/m100.bsq
Input file size is 600, 600
0...10...20...30...40...50...60...70...80...90...100 - done.
 Reading fuel and topography rasters
/bin/rm -f ./scratch/asp.bsq ./scratch/asp.hdr ./scratch/asp.prj ./scratch/asp.bsq.aux.xml
/usr/bin/gdal_translate -of ENVI -co "INTERLEAVE=BSQ" ./inputs/asp.tif ./scratch/asp.bsq
Input file size is 600, 600
0...10...20...30...40...50...60...70...80...90...100 - done.
/bin/rm -f ./scratch/cbh.bsq ./scratch/cbh.hdr ./scratch/cbh.prj ./scratch/cbh.bsq.aux.xml
/usr/bin/gdal_translate -of ENVI -co "INTERLEAVE=BSQ" ./inputs/cbh.tif ./scratch/cbh.bsq
Input file size is 600, 600
0...10...20...30...40...50...60...70...80...90...100 - done.
/bin/rm -f ./scratch/cbd.bsq ./scratch/cbd.hdr ./scratch/cbd.prj ./scratch/cbd.bsq.aux.xml
/usr/bin/gdal_translate -of ENVI -co "INTERLEAVE=BSQ" ./inputs/cbd.tif ./scratch/cbd.bsq
Input file size is 600, 600
0...10...20...30...40...50...60...70...80...90...100 - done.
/bin/rm -f ./scratch/cc.bsq ./scratch/cc.hdr ./scratch/cc.prj ./scratch/cc.bsq.aux.xml
/usr/bin/gdal_translate -of ENVI -co "INTERLEAVE=BSQ" ./inputs/cc.tif ./scratch/cc.bsq
Input file size is 600, 600
0...10...20...30...40...50...60...70...80...90...100 - done.
/bin/rm -f ./scratch/ch.bsq ./scratch/ch.hdr ./scratch/ch.prj ./scratch/ch.bsq.aux.xml
/usr/bin/gdal_translate -of ENVI -co "INTERLEAVE=BSQ" ./inputs/ch.tif ./scratch/ch.bsq
Input file size is 600, 600
0...10...20...30...40...50...60...70...80...90...100 - done.
/bin/rm -f ./scratch/dem.bsq ./scratch/dem.hdr ./scratch/dem.prj ./scratch/dem.bsq.aux.xml
/usr/bin/gdal_translate -of ENVI -co "INTERLEAVE=BSQ" ./inputs/dem.tif ./scratch/dem.bsq
Input file size is 600, 600
0...10...20...30...40...50...60...70...80...90...100 - done.
/bin/rm -f ./scratch/fbfm40.bsq ./scratch/fbfm40.hdr ./scratch/fbfm40.prj ./scratch/fbfm40.bsq.aux.xml
/usr/bin/gdal_translate -of ENVI -co "INTERLEAVE=BSQ" ./inputs/fbfm40.tif ./scratch/fbfm40.bsq
Input file size is 600, 600
0...10...20...30...40...50...60...70...80...90...100 - done.
/bin/rm -f ./scratch/slp.bsq ./scratch/slp.hdr ./scratch/slp.prj ./scratch/slp.bsq.aux.xml
/usr/bin/gdal_translate -of ENVI -co "INTERLEAVE=BSQ" ./inputs/slp.tif ./scratch/slp.bsq
Input file size is 600, 600
0...10...20...30...40...50...60...70...80...90...100 - done.
/bin/rm -f ./scratch/adj.bsq ./scratch/adj.hdr ./scratch/adj.prj ./scratch/adj.bsq.aux.xml
/usr/bin/gdal_translate -of ENVI -co "INTERLEAVE=BSQ" ./inputs/adj.tif ./scratch/adj.bsq
Input file size is 600, 600
0...10...20...30...40...50...60...70...80...90...100 - done.
/bin/rm -f ./scratch/phi.bsq ./scratch/phi.hdr ./scratch/phi.prj ./scratch/phi.bsq.aux.xml
/usr/bin/gdal_translate -of ENVI -co "INTERLEAVE=BSQ" ./inputs/phi.tif ./scratch/phi.bsq
Input file size is 600, 600
0...10...20...30...40...50...60...70...80...90...100 - done.
 Allocating additional rasters
 Setting up shared memory, part 2
 Setting up statistics arrays
 ELMFIRE is running each ensemble member
Meteorology band      1: Case #       1 complete.  Fire area:   4801.6 acres.
 End of simulation reached successfully. Shutting down.
+ for f in $OUTPUTS_DIR/*.bil
++ basename ./outputs_C20.0_W27/flin_0000001_0043219.bil
++ cut -d. -f1
+ gdal_translate -a_srs 'EPSG: 32610' -co COMPRESS=DEFLATE -co ZLEVEL=9 ./outputs_C20.0_W27/flin_0000001_0043219.bil ./outputs_C20.0_W27/flin_0000001_0043219.tif
Input file size is 600, 600
0...10...20...30...40...50...60...70...80...90...100 - done.
+ for f in $OUTPUTS_DIR/*.bil
++ basename ./outputs_C20.0_W27/time_of_arrival_0000001_0043219.bil
++ cut -d. -f1
+ gdal_translate -a_srs 'EPSG: 32610' -co COMPRESS=DEFLATE -co ZLEVEL=9 ./outputs_C20.0_W27/time_of_arrival_0000001_0043219.bil ./outputs_C20.0_W27/time_of_arrival_0000001_0043219.tif
Input file size is 600, 600
0...10...20...30...40...50...60...70...80...90...100 - done.
+ for f in $OUTPUTS_DIR/*.bil
++ cut -d. -f1
++ basename ./outputs_C20.0_W27/vs_0000001_0043219.bil
+ gdal_translate -a_srs 'EPSG: 32610' -co COMPRESS=DEFLATE -co ZLEVEL=9 ./outputs_C20.0_W27/vs_0000001_0043219.bil ./outputs_C20.0_W27/vs_0000001_0043219.tif
Input file size is 600, 600
0...10...20...30...40...50...60...70...80...90...100 - done.
+ rm -f -r ./outputs_C20.0_W27/fire_size_stats.csv ./outputs_C20.0_W27/timings_firelabserver.csv ./outputs_C20.0_W27/flin_0000001_0043219.bil ./outputs_C20.0_W27/time_of_arrival_0000001_0043219.bil ./outputs_C20.0_W27/vs_0000001_0043219.bil ./outputs_C20.0_W27/flin_0000001_0043219.hdr ./outputs_C20.0_W27/time_of_arrival_0000001_0043219.hdr ./outputs_C20.0_W27/vs_0000001_0043219.hdr ./inputs/ws.tif
+ for WIND_SPEED in $(seq 0 1 30)
+ OUTPUTS_DIR=./outputs_C20.0_W28
+ replace_line OUTPUTS_DIRECTORY ./outputs_C20.0_W28 yes
+ MATCH_PATTERN=OUTPUTS_DIRECTORY
+ NEW_VALUE=./outputs_C20.0_W28
+ IS_STRING=yes
++ grep -n OUTPUTS_DIRECTORY ./inputs/elmfire.data
++ cut -d: -f1
+ LINE=25
+ sed -i '25 d' ./inputs/elmfire.data
+ '[' yes = yes ']'
+ sed -i '25 i OUTPUTS_DIRECTORY = '\''./outputs_C20.0_W28'\''' ./inputs/elmfire.data
+ '[' -d ./outputs_C20.0_W28 ']'
+ mkdir ./outputs_C20.0_W28
+ gdal_calc.py -A ./scratch/float.tif --co=COMPRESS=DEFLATE --co=ZLEVEL=9 --NoDataValue=-9999 --outfile=./inputs/ws.tif '--calc=A + 28'
0...10...20...30...40...50...60...70...80...90...100 - done.
+ /home/dwip/binYiren_SU2/elmfire_2024.0916 ./inputs/elmfire.data
 ELMFIRE 2024.0916
 Reading &MISCELLANEOUS namelist group
 Reading &INPUTS namelist group
 Reading &OUTPUTS namelist group
 Reading &COMPUTATIONAL_DOMAIN namelist group
 Reading &TIME_CONTROL namelist group
 Reading &SIMULATOR namelist group
 Reading &WUI namelist group
 Reading &CALIBRATION namelist group
 Reading &SUPPRESSION namelist group
 Reading &SPOTTING namelist group
 Reading &SMOKE namelist group
 Reading &MONTE_CARLO namelist group
 Reading headers for fuels/topography and weather rasters
/usr/bin/gdal_translate -of ENVI -co "INTERLEAVE=BSQ" ./inputs/asp.tif ./scratch/asp.bsq
Input file size is 600, 600
0...10...20...30...40...50...60...70...80...90...100 - done.
/usr/bin/gdal_translate -of ENVI -co "INTERLEAVE=BSQ" ./inputs/ws.tif ./scratch/ws.bsq
Input file size is 600, 600
0...10...20...30...40...50...60...70...80...90...100 - done.
 Setting up shared memory, part 1
 Reading weather, fuel, and topography rasters
/bin/rm -f ./scratch/ws.bsq ./scratch/ws.hdr ./scratch/ws.prj ./scratch/ws.bsq.aux.xml
/usr/bin/gdal_translate -of ENVI -co "INTERLEAVE=BSQ" ./inputs/ws.tif ./scratch/ws.bsq
Input file size is 600, 600
0...10...20...30...40...50...60...70...80...90...100 - done.
/bin/rm -f ./scratch/wd.bsq ./scratch/wd.hdr ./scratch/wd.prj ./scratch/wd.bsq.aux.xml
/usr/bin/gdal_translate -of ENVI -co "INTERLEAVE=BSQ" ./inputs/wd.tif ./scratch/wd.bsq
Input file size is 600, 600
0...10...20...30...40...50...60...70...80...90...100 - done.
/bin/rm -f ./scratch/m1.bsq ./scratch/m1.hdr ./scratch/m1.prj ./scratch/m1.bsq.aux.xml
/usr/bin/gdal_translate -of ENVI -co "INTERLEAVE=BSQ" ./inputs/m1.tif ./scratch/m1.bsq
Input file size is 600, 600
0...10...20...30...40...50...60...70...80...90...100 - done.
/bin/rm -f ./scratch/m10.bsq ./scratch/m10.hdr ./scratch/m10.prj ./scratch/m10.bsq.aux.xml
/usr/bin/gdal_translate -of ENVI -co "INTERLEAVE=BSQ" ./inputs/m10.tif ./scratch/m10.bsq
Input file size is 600, 600
0...10...20...30...40...50...60...70...80...90...100 - done.
/bin/rm -f ./scratch/m100.bsq ./scratch/m100.hdr ./scratch/m100.prj ./scratch/m100.bsq.aux.xml
/usr/bin/gdal_translate -of ENVI -co "INTERLEAVE=BSQ" ./inputs/m100.tif ./scratch/m100.bsq
Input file size is 600, 600
0...10...20...30...40...50...60...70...80...90...100 - done.
 Reading fuel and topography rasters
/bin/rm -f ./scratch/asp.bsq ./scratch/asp.hdr ./scratch/asp.prj ./scratch/asp.bsq.aux.xml
/usr/bin/gdal_translate -of ENVI -co "INTERLEAVE=BSQ" ./inputs/asp.tif ./scratch/asp.bsq
Input file size is 600, 600
0...10...20...30...40...50...60...70...80...90...100 - done.
/bin/rm -f ./scratch/cbh.bsq ./scratch/cbh.hdr ./scratch/cbh.prj ./scratch/cbh.bsq.aux.xml
/usr/bin/gdal_translate -of ENVI -co "INTERLEAVE=BSQ" ./inputs/cbh.tif ./scratch/cbh.bsq
Input file size is 600, 600
0...10...20...30...40...50...60...70...80...90...100 - done.
/bin/rm -f ./scratch/cbd.bsq ./scratch/cbd.hdr ./scratch/cbd.prj ./scratch/cbd.bsq.aux.xml
/usr/bin/gdal_translate -of ENVI -co "INTERLEAVE=BSQ" ./inputs/cbd.tif ./scratch/cbd.bsq
Input file size is 600, 600
0...10...20...30...40...50...60...70...80...90...100 - done.
/bin/rm -f ./scratch/cc.bsq ./scratch/cc.hdr ./scratch/cc.prj ./scratch/cc.bsq.aux.xml
/usr/bin/gdal_translate -of ENVI -co "INTERLEAVE=BSQ" ./inputs/cc.tif ./scratch/cc.bsq
Input file size is 600, 600
0...10...20...30...40...50...60...70...80...90...100 - done.
/bin/rm -f ./scratch/ch.bsq ./scratch/ch.hdr ./scratch/ch.prj ./scratch/ch.bsq.aux.xml
/usr/bin/gdal_translate -of ENVI -co "INTERLEAVE=BSQ" ./inputs/ch.tif ./scratch/ch.bsq
Input file size is 600, 600
0...10...20...30...40...50...60...70...80...90...100 - done.
/bin/rm -f ./scratch/dem.bsq ./scratch/dem.hdr ./scratch/dem.prj ./scratch/dem.bsq.aux.xml
/usr/bin/gdal_translate -of ENVI -co "INTERLEAVE=BSQ" ./inputs/dem.tif ./scratch/dem.bsq
Input file size is 600, 600
0...10...20...30...40...50...60...70...80...90...100 - done.
/bin/rm -f ./scratch/fbfm40.bsq ./scratch/fbfm40.hdr ./scratch/fbfm40.prj ./scratch/fbfm40.bsq.aux.xml
/usr/bin/gdal_translate -of ENVI -co "INTERLEAVE=BSQ" ./inputs/fbfm40.tif ./scratch/fbfm40.bsq
Input file size is 600, 600
0...10...20...30...40...50...60...70...80...90...100 - done.
/bin/rm -f ./scratch/slp.bsq ./scratch/slp.hdr ./scratch/slp.prj ./scratch/slp.bsq.aux.xml
/usr/bin/gdal_translate -of ENVI -co "INTERLEAVE=BSQ" ./inputs/slp.tif ./scratch/slp.bsq
Input file size is 600, 600
0...10...20...30...40...50...60...70...80...90...100 - done.
/bin/rm -f ./scratch/adj.bsq ./scratch/adj.hdr ./scratch/adj.prj ./scratch/adj.bsq.aux.xml
/usr/bin/gdal_translate -of ENVI -co "INTERLEAVE=BSQ" ./inputs/adj.tif ./scratch/adj.bsq
Input file size is 600, 600
0...10...20...30...40...50...60...70...80...90...100 - done.
/bin/rm -f ./scratch/phi.bsq ./scratch/phi.hdr ./scratch/phi.prj ./scratch/phi.bsq.aux.xml
/usr/bin/gdal_translate -of ENVI -co "INTERLEAVE=BSQ" ./inputs/phi.tif ./scratch/phi.bsq
Input file size is 600, 600
0...10...20...30...40...50...60...70...80...90...100 - done.
 Allocating additional rasters
 Setting up shared memory, part 2
 Setting up statistics arrays
 ELMFIRE is running each ensemble member
Meteorology band      1: Case #       1 complete.  Fire area:   4300.2 acres.
 End of simulation reached successfully. Shutting down.
+ for f in $OUTPUTS_DIR/*.bil
++ basename ./outputs_C20.0_W28/flin_0000001_0043225.bil
++ cut -d. -f1
+ gdal_translate -a_srs 'EPSG: 32610' -co COMPRESS=DEFLATE -co ZLEVEL=9 ./outputs_C20.0_W28/flin_0000001_0043225.bil ./outputs_C20.0_W28/flin_0000001_0043225.tif
Input file size is 600, 600
0...10...20...30...40...50...60...70...80...90...100 - done.
+ for f in $OUTPUTS_DIR/*.bil
++ basename ./outputs_C20.0_W28/time_of_arrival_0000001_0043225.bil
++ cut -d. -f1
+ gdal_translate -a_srs 'EPSG: 32610' -co COMPRESS=DEFLATE -co ZLEVEL=9 ./outputs_C20.0_W28/time_of_arrival_0000001_0043225.bil ./outputs_C20.0_W28/time_of_arrival_0000001_0043225.tif
Input file size is 600, 600
0...10...20...30...40...50...60...70...80...90...100 - done.
+ for f in $OUTPUTS_DIR/*.bil
++ basename ./outputs_C20.0_W28/vs_0000001_0043225.bil
++ cut -d. -f1
+ gdal_translate -a_srs 'EPSG: 32610' -co COMPRESS=DEFLATE -co ZLEVEL=9 ./outputs_C20.0_W28/vs_0000001_0043225.bil ./outputs_C20.0_W28/vs_0000001_0043225.tif
Input file size is 600, 600
0...10...20...30...40...50...60...70...80...90...100 - done.
+ rm -f -r ./outputs_C20.0_W28/fire_size_stats.csv ./outputs_C20.0_W28/timings_firelabserver.csv ./outputs_C20.0_W28/flin_0000001_0043225.bil ./outputs_C20.0_W28/time_of_arrival_0000001_0043225.bil ./outputs_C20.0_W28/vs_0000001_0043225.bil ./outputs_C20.0_W28/flin_0000001_0043225.hdr ./outputs_C20.0_W28/time_of_arrival_0000001_0043225.hdr ./outputs_C20.0_W28/vs_0000001_0043225.hdr ./inputs/ws.tif
+ for WIND_SPEED in $(seq 0 1 30)
+ OUTPUTS_DIR=./outputs_C20.0_W29
+ replace_line OUTPUTS_DIRECTORY ./outputs_C20.0_W29 yes
+ MATCH_PATTERN=OUTPUTS_DIRECTORY
+ NEW_VALUE=./outputs_C20.0_W29
+ IS_STRING=yes
++ grep -n OUTPUTS_DIRECTORY ./inputs/elmfire.data
++ cut -d: -f1
+ LINE=25
+ sed -i '25 d' ./inputs/elmfire.data
+ '[' yes = yes ']'
+ sed -i '25 i OUTPUTS_DIRECTORY = '\''./outputs_C20.0_W29'\''' ./inputs/elmfire.data
+ '[' -d ./outputs_C20.0_W29 ']'
+ mkdir ./outputs_C20.0_W29
+ gdal_calc.py -A ./scratch/float.tif --co=COMPRESS=DEFLATE --co=ZLEVEL=9 --NoDataValue=-9999 --outfile=./inputs/ws.tif '--calc=A + 29'
0...10...20...30...40...50...60...70...80...90...100 - done.
+ /home/dwip/binYiren_SU2/elmfire_2024.0916 ./inputs/elmfire.data
 ELMFIRE 2024.0916
 Reading &MISCELLANEOUS namelist group
 Reading &INPUTS namelist group
 Reading &OUTPUTS namelist group
 Reading &COMPUTATIONAL_DOMAIN namelist group
 Reading &TIME_CONTROL namelist group
 Reading &SIMULATOR namelist group
 Reading &WUI namelist group
 Reading &CALIBRATION namelist group
 Reading &SUPPRESSION namelist group
 Reading &SPOTTING namelist group
 Reading &SMOKE namelist group
 Reading &MONTE_CARLO namelist group
 Reading headers for fuels/topography and weather rasters
/usr/bin/gdal_translate -of ENVI -co "INTERLEAVE=BSQ" ./inputs/asp.tif ./scratch/asp.bsq
Input file size is 600, 600
0...10...20...30...40...50...60...70...80...90...100 - done.
/usr/bin/gdal_translate -of ENVI -co "INTERLEAVE=BSQ" ./inputs/ws.tif ./scratch/ws.bsq
Input file size is 600, 600
0...10...20...30...40...50...60...70...80...90...100 - done.
 Setting up shared memory, part 1
 Reading weather, fuel, and topography rasters
/bin/rm -f ./scratch/ws.bsq ./scratch/ws.hdr ./scratch/ws.prj ./scratch/ws.bsq.aux.xml
/usr/bin/gdal_translate -of ENVI -co "INTERLEAVE=BSQ" ./inputs/ws.tif ./scratch/ws.bsq
Input file size is 600, 600
0...10...20...30...40...50...60...70...80...90...100 - done.
/bin/rm -f ./scratch/wd.bsq ./scratch/wd.hdr ./scratch/wd.prj ./scratch/wd.bsq.aux.xml
/usr/bin/gdal_translate -of ENVI -co "INTERLEAVE=BSQ" ./inputs/wd.tif ./scratch/wd.bsq
Input file size is 600, 600
0...10...20...30...40...50...60...70...80...90...100 - done.
/bin/rm -f ./scratch/m1.bsq ./scratch/m1.hdr ./scratch/m1.prj ./scratch/m1.bsq.aux.xml
/usr/bin/gdal_translate -of ENVI -co "INTERLEAVE=BSQ" ./inputs/m1.tif ./scratch/m1.bsq
Input file size is 600, 600
0...10...20...30...40...50...60...70...80...90...100 - done.
/bin/rm -f ./scratch/m10.bsq ./scratch/m10.hdr ./scratch/m10.prj ./scratch/m10.bsq.aux.xml
/usr/bin/gdal_translate -of ENVI -co "INTERLEAVE=BSQ" ./inputs/m10.tif ./scratch/m10.bsq
Input file size is 600, 600
0...10...20...30...40...50...60...70...80...90...100 - done.
/bin/rm -f ./scratch/m100.bsq ./scratch/m100.hdr ./scratch/m100.prj ./scratch/m100.bsq.aux.xml
/usr/bin/gdal_translate -of ENVI -co "INTERLEAVE=BSQ" ./inputs/m100.tif ./scratch/m100.bsq
Input file size is 600, 600
0...10...20...30...40...50...60...70...80...90...100 - done.
 Reading fuel and topography rasters
/bin/rm -f ./scratch/asp.bsq ./scratch/asp.hdr ./scratch/asp.prj ./scratch/asp.bsq.aux.xml
/usr/bin/gdal_translate -of ENVI -co "INTERLEAVE=BSQ" ./inputs/asp.tif ./scratch/asp.bsq
Input file size is 600, 600
0...10...20...30...40...50...60...70...80...90...100 - done.
/bin/rm -f ./scratch/cbh.bsq ./scratch/cbh.hdr ./scratch/cbh.prj ./scratch/cbh.bsq.aux.xml
/usr/bin/gdal_translate -of ENVI -co "INTERLEAVE=BSQ" ./inputs/cbh.tif ./scratch/cbh.bsq
Input file size is 600, 600
0...10...20...30...40...50...60...70...80...90...100 - done.
/bin/rm -f ./scratch/cbd.bsq ./scratch/cbd.hdr ./scratch/cbd.prj ./scratch/cbd.bsq.aux.xml
/usr/bin/gdal_translate -of ENVI -co "INTERLEAVE=BSQ" ./inputs/cbd.tif ./scratch/cbd.bsq
Input file size is 600, 600
0...10...20...30...40...50...60...70...80...90...100 - done.
/bin/rm -f ./scratch/cc.bsq ./scratch/cc.hdr ./scratch/cc.prj ./scratch/cc.bsq.aux.xml
/usr/bin/gdal_translate -of ENVI -co "INTERLEAVE=BSQ" ./inputs/cc.tif ./scratch/cc.bsq
Input file size is 600, 600
0...10...20...30...40...50...60...70...80...90...100 - done.
/bin/rm -f ./scratch/ch.bsq ./scratch/ch.hdr ./scratch/ch.prj ./scratch/ch.bsq.aux.xml
/usr/bin/gdal_translate -of ENVI -co "INTERLEAVE=BSQ" ./inputs/ch.tif ./scratch/ch.bsq
Input file size is 600, 600
0...10...20...30...40...50...60...70...80...90...100 - done.
/bin/rm -f ./scratch/dem.bsq ./scratch/dem.hdr ./scratch/dem.prj ./scratch/dem.bsq.aux.xml
/usr/bin/gdal_translate -of ENVI -co "INTERLEAVE=BSQ" ./inputs/dem.tif ./scratch/dem.bsq
Input file size is 600, 600
0...10...20...30...40...50...60...70...80...90...100 - done.
/bin/rm -f ./scratch/fbfm40.bsq ./scratch/fbfm40.hdr ./scratch/fbfm40.prj ./scratch/fbfm40.bsq.aux.xml
/usr/bin/gdal_translate -of ENVI -co "INTERLEAVE=BSQ" ./inputs/fbfm40.tif ./scratch/fbfm40.bsq
Input file size is 600, 600
0...10...20...30...40...50...60...70...80...90...100 - done.
/bin/rm -f ./scratch/slp.bsq ./scratch/slp.hdr ./scratch/slp.prj ./scratch/slp.bsq.aux.xml
/usr/bin/gdal_translate -of ENVI -co "INTERLEAVE=BSQ" ./inputs/slp.tif ./scratch/slp.bsq
Input file size is 600, 600
0...10...20...30...40...50...60...70...80...90...100 - done.
/bin/rm -f ./scratch/adj.bsq ./scratch/adj.hdr ./scratch/adj.prj ./scratch/adj.bsq.aux.xml
/usr/bin/gdal_translate -of ENVI -co "INTERLEAVE=BSQ" ./inputs/adj.tif ./scratch/adj.bsq
Input file size is 600, 600
0...10...20...30...40...50...60...70...80...90...100 - done.
/bin/rm -f ./scratch/phi.bsq ./scratch/phi.hdr ./scratch/phi.prj ./scratch/phi.bsq.aux.xml
/usr/bin/gdal_translate -of ENVI -co "INTERLEAVE=BSQ" ./inputs/phi.tif ./scratch/phi.bsq
Input file size is 600, 600
0...10...20...30...40...50...60...70...80...90...100 - done.
 Allocating additional rasters
 Setting up shared memory, part 2
 Setting up statistics arrays
 ELMFIRE is running each ensemble member
Meteorology band      1: Case #       1 complete.  Fire area:   4753.4 acres.
 End of simulation reached successfully. Shutting down.
+ for f in $OUTPUTS_DIR/*.bil
++ basename ./outputs_C20.0_W29/flin_0000001_0043241.bil
++ cut -d. -f1
+ gdal_translate -a_srs 'EPSG: 32610' -co COMPRESS=DEFLATE -co ZLEVEL=9 ./outputs_C20.0_W29/flin_0000001_0043241.bil ./outputs_C20.0_W29/flin_0000001_0043241.tif
Input file size is 600, 600
0...10...20...30...40...50...60...70...80...90...100 - done.
+ for f in $OUTPUTS_DIR/*.bil
++ basename ./outputs_C20.0_W29/time_of_arrival_0000001_0043241.bil
++ cut -d. -f1
+ gdal_translate -a_srs 'EPSG: 32610' -co COMPRESS=DEFLATE -co ZLEVEL=9 ./outputs_C20.0_W29/time_of_arrival_0000001_0043241.bil ./outputs_C20.0_W29/time_of_arrival_0000001_0043241.tif
Input file size is 600, 600
0...10...20...30...40...50...60...70...80...90...100 - done.
+ for f in $OUTPUTS_DIR/*.bil
++ basename ./outputs_C20.0_W29/vs_0000001_0043241.bil
++ cut -d. -f1
+ gdal_translate -a_srs 'EPSG: 32610' -co COMPRESS=DEFLATE -co ZLEVEL=9 ./outputs_C20.0_W29/vs_0000001_0043241.bil ./outputs_C20.0_W29/vs_0000001_0043241.tif
Input file size is 600, 600
0...10...20...30...40...50...60...70...80...90...100 - done.
+ rm -f -r ./outputs_C20.0_W29/fire_size_stats.csv ./outputs_C20.0_W29/timings_firelabserver.csv ./outputs_C20.0_W29/flin_0000001_0043241.bil ./outputs_C20.0_W29/time_of_arrival_0000001_0043241.bil ./outputs_C20.0_W29/vs_0000001_0043241.bil ./outputs_C20.0_W29/flin_0000001_0043241.hdr ./outputs_C20.0_W29/time_of_arrival_0000001_0043241.hdr ./outputs_C20.0_W29/vs_0000001_0043241.hdr ./inputs/ws.tif
+ for WIND_SPEED in $(seq 0 1 30)
+ OUTPUTS_DIR=./outputs_C20.0_W30
+ replace_line OUTPUTS_DIRECTORY ./outputs_C20.0_W30 yes
+ MATCH_PATTERN=OUTPUTS_DIRECTORY
+ NEW_VALUE=./outputs_C20.0_W30
+ IS_STRING=yes
++ grep -n OUTPUTS_DIRECTORY ./inputs/elmfire.data
++ cut -d: -f1
+ LINE=25
+ sed -i '25 d' ./inputs/elmfire.data
+ '[' yes = yes ']'
+ sed -i '25 i OUTPUTS_DIRECTORY = '\''./outputs_C20.0_W30'\''' ./inputs/elmfire.data
+ '[' -d ./outputs_C20.0_W30 ']'
+ mkdir ./outputs_C20.0_W30
+ gdal_calc.py -A ./scratch/float.tif --co=COMPRESS=DEFLATE --co=ZLEVEL=9 --NoDataValue=-9999 --outfile=./inputs/ws.tif '--calc=A + 30'
0...10...20...30...40...50...60...70...80...90...100 - done.
+ /home/dwip/binYiren_SU2/elmfire_2024.0916 ./inputs/elmfire.data
 ELMFIRE 2024.0916
 Reading &MISCELLANEOUS namelist group
 Reading &INPUTS namelist group
 Reading &OUTPUTS namelist group
 Reading &COMPUTATIONAL_DOMAIN namelist group
 Reading &TIME_CONTROL namelist group
 Reading &SIMULATOR namelist group
 Reading &WUI namelist group
 Reading &CALIBRATION namelist group
 Reading &SUPPRESSION namelist group
 Reading &SPOTTING namelist group
 Reading &SMOKE namelist group
 Reading &MONTE_CARLO namelist group
 Reading headers for fuels/topography and weather rasters
/usr/bin/gdal_translate -of ENVI -co "INTERLEAVE=BSQ" ./inputs/asp.tif ./scratch/asp.bsq
Input file size is 600, 600
0...10...20...30...40...50...60...70...80...90...100 - done.
/usr/bin/gdal_translate -of ENVI -co "INTERLEAVE=BSQ" ./inputs/ws.tif ./scratch/ws.bsq
Input file size is 600, 600
0...10...20...30...40...50...60...70...80...90...100 - done.
 Setting up shared memory, part 1
 Reading weather, fuel, and topography rasters
/bin/rm -f ./scratch/ws.bsq ./scratch/ws.hdr ./scratch/ws.prj ./scratch/ws.bsq.aux.xml
/usr/bin/gdal_translate -of ENVI -co "INTERLEAVE=BSQ" ./inputs/ws.tif ./scratch/ws.bsq
Input file size is 600, 600
0...10...20...30...40...50...60...70...80...90...100 - done.
/bin/rm -f ./scratch/wd.bsq ./scratch/wd.hdr ./scratch/wd.prj ./scratch/wd.bsq.aux.xml
/usr/bin/gdal_translate -of ENVI -co "INTERLEAVE=BSQ" ./inputs/wd.tif ./scratch/wd.bsq
Input file size is 600, 600
0...10...20...30...40...50...60...70...80...90...100 - done.
/bin/rm -f ./scratch/m1.bsq ./scratch/m1.hdr ./scratch/m1.prj ./scratch/m1.bsq.aux.xml
/usr/bin/gdal_translate -of ENVI -co "INTERLEAVE=BSQ" ./inputs/m1.tif ./scratch/m1.bsq
Input file size is 600, 600
0...10...20...30...40...50...60...70...80...90...100 - done.
/bin/rm -f ./scratch/m10.bsq ./scratch/m10.hdr ./scratch/m10.prj ./scratch/m10.bsq.aux.xml
/usr/bin/gdal_translate -of ENVI -co "INTERLEAVE=BSQ" ./inputs/m10.tif ./scratch/m10.bsq
Input file size is 600, 600
0...10...20...30...40...50...60...70...80...90...100 - done.
/bin/rm -f ./scratch/m100.bsq ./scratch/m100.hdr ./scratch/m100.prj ./scratch/m100.bsq.aux.xml
/usr/bin/gdal_translate -of ENVI -co "INTERLEAVE=BSQ" ./inputs/m100.tif ./scratch/m100.bsq
Input file size is 600, 600
0...10...20...30...40...50...60...70...80...90...100 - done.
 Reading fuel and topography rasters
/bin/rm -f ./scratch/asp.bsq ./scratch/asp.hdr ./scratch/asp.prj ./scratch/asp.bsq.aux.xml
/usr/bin/gdal_translate -of ENVI -co "INTERLEAVE=BSQ" ./inputs/asp.tif ./scratch/asp.bsq
Input file size is 600, 600
0...10...20...30...40...50...60...70...80...90...100 - done.
/bin/rm -f ./scratch/cbh.bsq ./scratch/cbh.hdr ./scratch/cbh.prj ./scratch/cbh.bsq.aux.xml
/usr/bin/gdal_translate -of ENVI -co "INTERLEAVE=BSQ" ./inputs/cbh.tif ./scratch/cbh.bsq
Input file size is 600, 600
0...10...20...30...40...50...60...70...80...90...100 - done.
/bin/rm -f ./scratch/cbd.bsq ./scratch/cbd.hdr ./scratch/cbd.prj ./scratch/cbd.bsq.aux.xml
/usr/bin/gdal_translate -of ENVI -co "INTERLEAVE=BSQ" ./inputs/cbd.tif ./scratch/cbd.bsq
Input file size is 600, 600
0...10...20...30...40...50...60...70...80...90...100 - done.
/bin/rm -f ./scratch/cc.bsq ./scratch/cc.hdr ./scratch/cc.prj ./scratch/cc.bsq.aux.xml
/usr/bin/gdal_translate -of ENVI -co "INTERLEAVE=BSQ" ./inputs/cc.tif ./scratch/cc.bsq
Input file size is 600, 600
0...10...20...30...40...50...60...70...80...90...100 - done.
/bin/rm -f ./scratch/ch.bsq ./scratch/ch.hdr ./scratch/ch.prj ./scratch/ch.bsq.aux.xml
/usr/bin/gdal_translate -of ENVI -co "INTERLEAVE=BSQ" ./inputs/ch.tif ./scratch/ch.bsq
Input file size is 600, 600
0...10...20...30...40...50...60...70...80...90...100 - done.
/bin/rm -f ./scratch/dem.bsq ./scratch/dem.hdr ./scratch/dem.prj ./scratch/dem.bsq.aux.xml
/usr/bin/gdal_translate -of ENVI -co "INTERLEAVE=BSQ" ./inputs/dem.tif ./scratch/dem.bsq
Input file size is 600, 600
0...10...20...30...40...50...60...70...80...90...100 - done.
/bin/rm -f ./scratch/fbfm40.bsq ./scratch/fbfm40.hdr ./scratch/fbfm40.prj ./scratch/fbfm40.bsq.aux.xml
/usr/bin/gdal_translate -of ENVI -co "INTERLEAVE=BSQ" ./inputs/fbfm40.tif ./scratch/fbfm40.bsq
Input file size is 600, 600
0...10...20...30...40...50...60...70...80...90...100 - done.
/bin/rm -f ./scratch/slp.bsq ./scratch/slp.hdr ./scratch/slp.prj ./scratch/slp.bsq.aux.xml
/usr/bin/gdal_translate -of ENVI -co "INTERLEAVE=BSQ" ./inputs/slp.tif ./scratch/slp.bsq
Input file size is 600, 600
0...10...20...30...40...50...60...70...80...90...100 - done.
/bin/rm -f ./scratch/adj.bsq ./scratch/adj.hdr ./scratch/adj.prj ./scratch/adj.bsq.aux.xml
/usr/bin/gdal_translate -of ENVI -co "INTERLEAVE=BSQ" ./inputs/adj.tif ./scratch/adj.bsq
Input file size is 600, 600
0...10...20...30...40...50...60...70...80...90...100 - done.
/bin/rm -f ./scratch/phi.bsq ./scratch/phi.hdr ./scratch/phi.prj ./scratch/phi.bsq.aux.xml
/usr/bin/gdal_translate -of ENVI -co "INTERLEAVE=BSQ" ./inputs/phi.tif ./scratch/phi.bsq
Input file size is 600, 600
0...10...20...30...40...50...60...70...80...90...100 - done.
 Allocating additional rasters
 Setting up shared memory, part 2
 Setting up statistics arrays
 ELMFIRE is running each ensemble member
Meteorology band      1: Case #       1 complete.  Fire area:   5197.0 acres.
 End of simulation reached successfully. Shutting down.
+ for f in $OUTPUTS_DIR/*.bil
++ basename ./outputs_C20.0_W30/flin_0000001_0043252.bil
++ cut -d. -f1
+ gdal_translate -a_srs 'EPSG: 32610' -co COMPRESS=DEFLATE -co ZLEVEL=9 ./outputs_C20.0_W30/flin_0000001_0043252.bil ./outputs_C20.0_W30/flin_0000001_0043252.tif
Input file size is 600, 600
0...10...20...30...40...50...60...70...80...90...100 - done.
+ for f in $OUTPUTS_DIR/*.bil
++ basename ./outputs_C20.0_W30/time_of_arrival_0000001_0043252.bil
++ cut -d. -f1
+ gdal_translate -a_srs 'EPSG: 32610' -co COMPRESS=DEFLATE -co ZLEVEL=9 ./outputs_C20.0_W30/time_of_arrival_0000001_0043252.bil ./outputs_C20.0_W30/time_of_arrival_0000001_0043252.tif
Input file size is 600, 600
0...10...20...30...40...50...60...70...80...90...100 - done.
+ for f in $OUTPUTS_DIR/*.bil
++ cut -d. -f1
++ basename ./outputs_C20.0_W30/vs_0000001_0043252.bil
+ gdal_translate -a_srs 'EPSG: 32610' -co COMPRESS=DEFLATE -co ZLEVEL=9 ./outputs_C20.0_W30/vs_0000001_0043252.bil ./outputs_C20.0_W30/vs_0000001_0043252.tif
Input file size is 600, 600
0...10...20...30...40...50...60...70...80...90...100 - done.
+ rm -f -r ./outputs_C20.0_W30/fire_size_stats.csv ./outputs_C20.0_W30/timings_firelabserver.csv ./outputs_C20.0_W30/flin_0000001_0043252.bil ./outputs_C20.0_W30/time_of_arrival_0000001_0043252.bil ./outputs_C20.0_W30/vs_0000001_0043252.bil ./outputs_C20.0_W30/flin_0000001_0043252.hdr ./outputs_C20.0_W30/time_of_arrival_0000001_0043252.hdr ./outputs_C20.0_W30/vs_0000001_0043252.hdr ./inputs/ws.tif
+ '[' -d outputsSingle ']'
+ rm -r outputsSingle
+ mkdir outputsSingle
+ mv outputs_C20.0_W0 outputs_C20.0_W1 outputs_C20.0_W10 outputs_C20.0_W11 outputs_C20.0_W12 outputs_C20.0_W13 outputs_C20.0_W14 outputs_C20.0_W15 outputs_C20.0_W16 outputs_C20.0_W17 outputs_C20.0_W18 outputs_C20.0_W19 outputs_C20.0_W2 outputs_C20.0_W20 outputs_C20.0_W21 outputs_C20.0_W22 outputs_C20.0_W23 outputs_C20.0_W24 outputs_C20.0_W25 outputs_C20.0_W26 outputs_C20.0_W27 outputs_C20.0_W28 outputs_C20.0_W29 outputs_C20.0_W3 outputs_C20.0_W30 outputs_C20.0_W4 outputs_C20.0_W5 outputs_C20.0_W6 outputs_C20.0_W7 outputs_C20.0_W8 outputs_C20.0_W9 outputsSingle
+ exit 0
+ CELLSIZE=5.0
+ DOMAINSIZE=12000.0
+ SIMULATION_TSTOP=43200.0
+ NUM_FLOAT_RASTERS=7
+ FLOAT_RASTER[2]=wd
+ FLOAT_VAL[2]=0.0
+ FLOAT_RASTER[3]=m1
+ FLOAT_VAL[3]=3.0
+ FLOAT_RASTER[4]=m10
+ FLOAT_VAL[4]=4.0
+ FLOAT_RASTER[5]=m100
+ FLOAT_VAL[5]=5.0
+ FLOAT_RASTER[6]=adj
+ FLOAT_VAL[6]=1.0
+ FLOAT_RASTER[7]=phi
+ FLOAT_VAL[7]=1.0
+ NUM_INT_RASTERS=8
+ INT_RASTER[1]=slp
+ INT_VAL[1]=0
+ INT_RASTER[2]=asp
+ INT_VAL[2]=0
+ INT_RASTER[3]=dem
+ INT_VAL[3]=0
+ INT_RASTER[4]=fbfm40
+ INT_VAL[4]=91
+ INT_RASTER[5]=cc
+ INT_VAL[5]=0
+ INT_RASTER[6]=ch
+ INT_VAL[6]=0
+ INT_RASTER[7]=cbh
+ INT_VAL[7]=0
+ INT_RASTER[8]=cbd
+ INT_VAL[8]=0
+ LH_MOISTURE_CONTENT=30.0
+ LW_MOISTURE_CONTENT=60.0
+ A_SRS='EPSG: 32610'
+ ELMFIRE_VER=2024.0916
++ echo '0.0 - 0.5 * 12000.0'
++ bc -l
+ XMIN=-6000.00
++ echo '0.0 + 0.5 * 12000.0'
++ bc -l
+ XMAX=6000.00
+ YMIN=-6000.00
+ YMAX=6000.00
+ TR='5.0 5.0'
+ TE='-6000.00 -6000.00 6000.00 6000.00'
+ SCRATCH=./scratch
+ INPUTS=./inputs
+ MISC=./misc
+ rm -f -r ./scratch ./inputs
+ mkdir ./inputs ./scratch
+ cp elmfire.data.in ./inputs/elmfire.data
+ printf 'x,y,z\n-100000,-100000,0\n100000,-100000,0\n-100000,100000,0\n100000,100000,0\n'
+ gdalwarp -tr 200000 200000 -te -100000 -100000 100000 100000 -s_srs 'EPSG: 32610' -t_srs 'EPSG: 32610' ./scratch/dummy.xyz ./scratch/dummy.tif
Creating output file that is 1P x 1L.
Processing ./scratch/dummy.xyz [1/1] : 0...10...20...30...40...50...60...70...80...90...100 - done.
+ gdalwarp -dstnodata -9999 -ot Float32 -tr 5.0 5.0 -te -6000.00 -6000.00 6000.00 6000.00 ./scratch/dummy.tif ./scratch/float.tif
Creating output file that is 2400P x 2400L.
Processing ./scratch/dummy.tif [1/1] : 0...10...20...30...40...50...60...70...80...90...100 - done.
+ gdalwarp -dstnodata -9999 -ot Int16 -tr 5.0 5.0 -te -6000.00 -6000.00 6000.00 6000.00 ./scratch/dummy.tif ./scratch/int.tif
Creating output file that is 2400P x 2400L.
Processing ./scratch/dummy.tif [1/1] : 0...10...20...30...40...50...60...70...80...90...100 - done.
++ eval echo '{2..7}'
+++ echo 2 3 4 5 6 7
+ for i in $(eval echo "{2..$NUM_FLOAT_RASTERS}")
+ gdal_calc.py -A ./scratch/float.tif --co=COMPRESS=DEFLATE --co=ZLEVEL=9 --NoDataValue=-9999 --outfile=./inputs/wd.tif '--calc=A + 0.0'
0...10...20...30...40...50...60...70...80...90...100 - done.
+ for i in $(eval echo "{2..$NUM_FLOAT_RASTERS}")
+ gdal_calc.py -A ./scratch/float.tif --co=COMPRESS=DEFLATE --co=ZLEVEL=9 --NoDataValue=-9999 --outfile=./inputs/m1.tif '--calc=A + 3.0'
0...10...20...30...40...50...60...70...80...90...100 - done.
+ for i in $(eval echo "{2..$NUM_FLOAT_RASTERS}")
+ gdal_calc.py -A ./scratch/float.tif --co=COMPRESS=DEFLATE --co=ZLEVEL=9 --NoDataValue=-9999 --outfile=./inputs/m10.tif '--calc=A + 4.0'
0...10...20...30...40...50...60...70...80...90...100 - done.
+ for i in $(eval echo "{2..$NUM_FLOAT_RASTERS}")
+ gdal_calc.py -A ./scratch/float.tif --co=COMPRESS=DEFLATE --co=ZLEVEL=9 --NoDataValue=-9999 --outfile=./inputs/m100.tif '--calc=A + 5.0'
0...10...20...30...40...50...60...70...80...90...100 - done.
+ for i in $(eval echo "{2..$NUM_FLOAT_RASTERS}")
+ gdal_calc.py -A ./scratch/float.tif --co=COMPRESS=DEFLATE --co=ZLEVEL=9 --NoDataValue=-9999 --outfile=./inputs/adj.tif '--calc=A + 1.0'
0...10...20...30...40...50...60...70...80...90...100 - done.
+ for i in $(eval echo "{2..$NUM_FLOAT_RASTERS}")
+ gdal_calc.py -A ./scratch/float.tif --co=COMPRESS=DEFLATE --co=ZLEVEL=9 --NoDataValue=-9999 --outfile=./inputs/phi.tif '--calc=A + 1.0'
0...10...20...30...40...50...60...70...80...90...100 - done.
++ eval echo '{1..8}'
+++ echo 1 2 3 4 5 6 7 8
+ for i in $(eval echo "{1..$NUM_INT_RASTERS}")
+ gdal_calc.py -A ./scratch/int.tif --co=COMPRESS=DEFLATE --co=ZLEVEL=9 --NoDataValue=-9999 --outfile=./inputs/slp.tif '--calc=A + 0'
0...10...20...30...40...50...60...70...80...90...100 - done.
+ for i in $(eval echo "{1..$NUM_INT_RASTERS}")
+ gdal_calc.py -A ./scratch/int.tif --co=COMPRESS=DEFLATE --co=ZLEVEL=9 --NoDataValue=-9999 --outfile=./inputs/asp.tif '--calc=A + 0'
0...10...20...30...40...50...60...70...80...90...100 - done.
+ for i in $(eval echo "{1..$NUM_INT_RASTERS}")
+ gdal_calc.py -A ./scratch/int.tif --co=COMPRESS=DEFLATE --co=ZLEVEL=9 --NoDataValue=-9999 --outfile=./inputs/dem.tif '--calc=A + 0'
0...10...20...30...40...50...60...70...80...90...100 - done.
+ for i in $(eval echo "{1..$NUM_INT_RASTERS}")
+ gdal_calc.py -A ./scratch/int.tif --co=COMPRESS=DEFLATE --co=ZLEVEL=9 --NoDataValue=-9999 --outfile=./inputs/fbfm40.tif '--calc=A + 91'
0...10...20...30...40...50...60...70...80...90...100 - done.
+ for i in $(eval echo "{1..$NUM_INT_RASTERS}")
+ gdal_calc.py -A ./scratch/int.tif --co=COMPRESS=DEFLATE --co=ZLEVEL=9 --NoDataValue=-9999 --outfile=./inputs/cc.tif '--calc=A + 0'
0...10...20...30...40...50...60...70...80...90...100 - done.
+ for i in $(eval echo "{1..$NUM_INT_RASTERS}")
+ gdal_calc.py -A ./scratch/int.tif --co=COMPRESS=DEFLATE --co=ZLEVEL=9 --NoDataValue=-9999 --outfile=./inputs/ch.tif '--calc=A + 0'
0...10...20...30...40...50...60...70...80...90...100 - done.
+ for i in $(eval echo "{1..$NUM_INT_RASTERS}")
+ gdal_calc.py -A ./scratch/int.tif --co=COMPRESS=DEFLATE --co=ZLEVEL=9 --NoDataValue=-9999 --outfile=./inputs/cbh.tif '--calc=A + 0'
0...10...20...30...40...50...60...70...80...90...100 - done.
+ for i in $(eval echo "{1..$NUM_INT_RASTERS}")
+ gdal_calc.py -A ./scratch/int.tif --co=COMPRESS=DEFLATE --co=ZLEVEL=9 --NoDataValue=-9999 --outfile=./inputs/cbd.tif '--calc=A + 0'
0...10...20...30...40...50...60...70...80...90...100 - done.
+ replace_line COMPUTATIONAL_DOMAIN_XLLCORNER -6000.00 no
+ MATCH_PATTERN=COMPUTATIONAL_DOMAIN_XLLCORNER
+ NEW_VALUE=-6000.00
+ IS_STRING=no
++ grep -n COMPUTATIONAL_DOMAIN_XLLCORNER ./inputs/elmfire.data
++ cut -d: -f1
+ LINE=41
+ sed -i '41 d' ./inputs/elmfire.data
+ '[' no = yes ']'
+ sed -i '41 i COMPUTATIONAL_DOMAIN_XLLCORNER = -6000.00' ./inputs/elmfire.data
+ replace_line COMPUTATIONAL_DOMAIN_YLLCORNER -6000.00 no
+ MATCH_PATTERN=COMPUTATIONAL_DOMAIN_YLLCORNER
+ NEW_VALUE=-6000.00
+ IS_STRING=no
++ grep -n COMPUTATIONAL_DOMAIN_YLLCORNER ./inputs/elmfire.data
++ cut -d: -f1
+ LINE=42
+ sed -i '42 d' ./inputs/elmfire.data
+ '[' no = yes ']'
+ sed -i '42 i COMPUTATIONAL_DOMAIN_YLLCORNER = -6000.00' ./inputs/elmfire.data
+ replace_line COMPUTATIONAL_DOMAIN_CELLSIZE 5.0 no
+ MATCH_PATTERN=COMPUTATIONAL_DOMAIN_CELLSIZE
+ NEW_VALUE=5.0
+ IS_STRING=no
++ grep -n COMPUTATIONAL_DOMAIN_CELLSIZE ./inputs/elmfire.data
++ cut -d: -f1
+ LINE=40
+ sed -i '40 d' ./inputs/elmfire.data
+ '[' no = yes ']'
+ sed -i '40 i COMPUTATIONAL_DOMAIN_CELLSIZE = 5.0' ./inputs/elmfire.data
+ replace_line SIMULATION_TSTOP 43200.0 no
+ MATCH_PATTERN=SIMULATION_TSTOP
+ NEW_VALUE=43200.0
+ IS_STRING=no
++ grep -n SIMULATION_TSTOP ./inputs/elmfire.data
++ cut -d: -f1
+ LINE=47
+ sed -i '47 d' ./inputs/elmfire.data
+ '[' no = yes ']'
+ sed -i '47 i SIMULATION_TSTOP = 43200.0' ./inputs/elmfire.data
+ replace_line LH_MOISTURE_CONTENT 30.0 no
+ MATCH_PATTERN=LH_MOISTURE_CONTENT
+ NEW_VALUE=30.0
+ IS_STRING=no
++ grep -n LH_MOISTURE_CONTENT ./inputs/elmfire.data
++ cut -d: -f1
+ LINE=20
+ sed -i '20 d' ./inputs/elmfire.data
+ '[' no = yes ']'
+ sed -i '20 i LH_MOISTURE_CONTENT = 30.0' ./inputs/elmfire.data
+ replace_line LW_MOISTURE_CONTENT 60.0 no
+ MATCH_PATTERN=LW_MOISTURE_CONTENT
+ NEW_VALUE=60.0
+ IS_STRING=no
++ grep -n LW_MOISTURE_CONTENT ./inputs/elmfire.data
++ cut -d: -f1
+ LINE=21
+ sed -i '21 d' ./inputs/elmfire.data
+ '[' no = yes ']'
+ sed -i '21 i LW_MOISTURE_CONTENT = 60.0' ./inputs/elmfire.data
+ replace_line A_SRS 'EPSG: 32610' yes
+ MATCH_PATTERN=A_SRS
+ NEW_VALUE='EPSG: 32610'
+ IS_STRING=yes
++ grep -n A_SRS ./inputs/elmfire.data
++ cut -d: -f1
+ LINE=39
+ sed -i '39 d' ./inputs/elmfire.data
+ '[' yes = yes ']'
+ sed -i '39 i A_SRS = '\''EPSG: 32610'\''' ./inputs/elmfire.data
+ for WIND_SPEED in 0.0 15.0 30.0
+ OUTPUTS_DIR=./outputs_C5.0_W0.0
+ replace_line OUTPUTS_DIRECTORY ./outputs_C5.0_W0.0 yes
+ MATCH_PATTERN=OUTPUTS_DIRECTORY
+ NEW_VALUE=./outputs_C5.0_W0.0
+ IS_STRING=yes
++ grep -n OUTPUTS_DIRECTORY ./inputs/elmfire.data
++ cut -d: -f1
+ LINE=25
+ sed -i '25 d' ./inputs/elmfire.data
+ '[' yes = yes ']'
+ sed -i '25 i OUTPUTS_DIRECTORY = '\''./outputs_C5.0_W0.0'\''' ./inputs/elmfire.data
+ '[' -d ./outputs_C5.0_W0.0 ']'
+ mkdir ./outputs_C5.0_W0.0
+ gdal_calc.py -A ./scratch/float.tif --co=COMPRESS=DEFLATE --co=ZLEVEL=9 --NoDataValue=-9999 --outfile=./inputs/ws.tif '--calc=A + 0.0'
0...10...20...30...40...50...60...70...80...90...100 - done.
+ /home/dwip/binYiren_SU2/elmfire_2024.0916 ./inputs/elmfire.data
 ELMFIRE 2024.0916
 Reading &MISCELLANEOUS namelist group
 Reading &INPUTS namelist group
 Reading &OUTPUTS namelist group
 Reading &COMPUTATIONAL_DOMAIN namelist group
 Reading &TIME_CONTROL namelist group
 Reading &SIMULATOR namelist group
 Reading &WUI namelist group
 Reading &CALIBRATION namelist group
 Reading &SUPPRESSION namelist group
 Reading &SPOTTING namelist group
 Reading &SMOKE namelist group
 Reading &MONTE_CARLO namelist group
 Reading headers for fuels/topography and weather rasters
/usr/bin/gdal_translate -of ENVI -co "INTERLEAVE=BSQ" ./inputs/asp.tif ./scratch/asp.bsq
Input file size is 2400, 2400
0...10...20...30...40...50...60...70...80...90...100 - done.
/usr/bin/gdal_translate -of ENVI -co "INTERLEAVE=BSQ" ./inputs/ws.tif ./scratch/ws.bsq
Input file size is 2400, 2400
0...10...20...30...40...50...60...70...80...90...100 - done.
 Setting up shared memory, part 1
 Reading weather, fuel, and topography rasters
/bin/rm -f ./scratch/ws.bsq ./scratch/ws.hdr ./scratch/ws.prj ./scratch/ws.bsq.aux.xml
/usr/bin/gdal_translate -of ENVI -co "INTERLEAVE=BSQ" ./inputs/ws.tif ./scratch/ws.bsq
Input file size is 2400, 2400
0...10...20...30...40...50...60...70...80...90...100 - done.
/bin/rm -f ./scratch/wd.bsq ./scratch/wd.hdr ./scratch/wd.prj ./scratch/wd.bsq.aux.xml
/usr/bin/gdal_translate -of ENVI -co "INTERLEAVE=BSQ" ./inputs/wd.tif ./scratch/wd.bsq
Input file size is 2400, 2400
0...10...20...30...40...50...60...70...80...90...100 - done.
/bin/rm -f ./scratch/m1.bsq ./scratch/m1.hdr ./scratch/m1.prj ./scratch/m1.bsq.aux.xml
/usr/bin/gdal_translate -of ENVI -co "INTERLEAVE=BSQ" ./inputs/m1.tif ./scratch/m1.bsq
Input file size is 2400, 2400
0...10...20...30...40...50...60...70...80...90...100 - done.
/bin/rm -f ./scratch/m10.bsq ./scratch/m10.hdr ./scratch/m10.prj ./scratch/m10.bsq.aux.xml
/usr/bin/gdal_translate -of ENVI -co "INTERLEAVE=BSQ" ./inputs/m10.tif ./scratch/m10.bsq
Input file size is 2400, 2400
0...10...20...30...40...50...60...70...80...90...100 - done.
/bin/rm -f ./scratch/m100.bsq ./scratch/m100.hdr ./scratch/m100.prj ./scratch/m100.bsq.aux.xml
/usr/bin/gdal_translate -of ENVI -co "INTERLEAVE=BSQ" ./inputs/m100.tif ./scratch/m100.bsq
Input file size is 2400, 2400
0...10...20...30...40...50...60...70...80...90...100 - done.
 Reading fuel and topography rasters
/bin/rm -f ./scratch/asp.bsq ./scratch/asp.hdr ./scratch/asp.prj ./scratch/asp.bsq.aux.xml
/usr/bin/gdal_translate -of ENVI -co "INTERLEAVE=BSQ" ./inputs/asp.tif ./scratch/asp.bsq
Input file size is 2400, 2400
0...10...20...30...40...50...60...70...80...90...100 - done.
/bin/rm -f ./scratch/cbh.bsq ./scratch/cbh.hdr ./scratch/cbh.prj ./scratch/cbh.bsq.aux.xml
/usr/bin/gdal_translate -of ENVI -co "INTERLEAVE=BSQ" ./inputs/cbh.tif ./scratch/cbh.bsq
Input file size is 2400, 2400
0...10...20...30...40...50...60...70...80...90...100 - done.
/bin/rm -f ./scratch/cbd.bsq ./scratch/cbd.hdr ./scratch/cbd.prj ./scratch/cbd.bsq.aux.xml
/usr/bin/gdal_translate -of ENVI -co "INTERLEAVE=BSQ" ./inputs/cbd.tif ./scratch/cbd.bsq
Input file size is 2400, 2400
0...10...20...30...40...50...60...70...80...90...100 - done.
/bin/rm -f ./scratch/cc.bsq ./scratch/cc.hdr ./scratch/cc.prj ./scratch/cc.bsq.aux.xml
/usr/bin/gdal_translate -of ENVI -co "INTERLEAVE=BSQ" ./inputs/cc.tif ./scratch/cc.bsq
Input file size is 2400, 2400
0...10...20...30...40...50...60...70...80...90...100 - done.
/bin/rm -f ./scratch/ch.bsq ./scratch/ch.hdr ./scratch/ch.prj ./scratch/ch.bsq.aux.xml
/usr/bin/gdal_translate -of ENVI -co "INTERLEAVE=BSQ" ./inputs/ch.tif ./scratch/ch.bsq
Input file size is 2400, 2400
0...10...20...30...40...50...60...70...80...90...100 - done.
/bin/rm -f ./scratch/dem.bsq ./scratch/dem.hdr ./scratch/dem.prj ./scratch/dem.bsq.aux.xml
/usr/bin/gdal_translate -of ENVI -co "INTERLEAVE=BSQ" ./inputs/dem.tif ./scratch/dem.bsq
Input file size is 2400, 2400
0...10...20...30...40...50...60...70...80...90...100 - done.
/bin/rm -f ./scratch/fbfm40.bsq ./scratch/fbfm40.hdr ./scratch/fbfm40.prj ./scratch/fbfm40.bsq.aux.xml
/usr/bin/gdal_translate -of ENVI -co "INTERLEAVE=BSQ" ./inputs/fbfm40.tif ./scratch/fbfm40.bsq
Input file size is 2400, 2400
0...10...20...30...40...50...60...70...80...90...100 - done.
/bin/rm -f ./scratch/slp.bsq ./scratch/slp.hdr ./scratch/slp.prj ./scratch/slp.bsq.aux.xml
/usr/bin/gdal_translate -of ENVI -co "INTERLEAVE=BSQ" ./inputs/slp.tif ./scratch/slp.bsq
Input file size is 2400, 2400
0...10...20...30...40...50...60...70...80...90...100 - done.
/bin/rm -f ./scratch/adj.bsq ./scratch/adj.hdr ./scratch/adj.prj ./scratch/adj.bsq.aux.xml
/usr/bin/gdal_translate -of ENVI -co "INTERLEAVE=BSQ" ./inputs/adj.tif ./scratch/adj.bsq
Input file size is 2400, 2400
0...10...20...30...40...50...60...70...80...90...100 - done.
/bin/rm -f ./scratch/phi.bsq ./scratch/phi.hdr ./scratch/phi.prj ./scratch/phi.bsq.aux.xml
/usr/bin/gdal_translate -of ENVI -co "INTERLEAVE=BSQ" ./inputs/phi.tif ./scratch/phi.bsq
Input file size is 2400, 2400
0...10...20...30...40...50...60...70...80...90...100 - done.
 Allocating additional rasters
 Setting up shared memory, part 2
 Setting up statistics arrays
 ELMFIRE is running each ensemble member
Meteorology band      1: Case #       1 complete.  Fire area:      0.0 acres.
 End of simulation reached successfully. Shutting down.
+ for f in $OUTPUTS_DIR/*.bil
++ basename ./outputs_C5.0_W0.0/flin_0000001_0043980.bil
++ cut -d. -f1
+ gdal_translate -a_srs 'EPSG: 32610' -co COMPRESS=DEFLATE -co ZLEVEL=9 ./outputs_C5.0_W0.0/flin_0000001_0043980.bil ./outputs_C5.0_W0.0/flin_0000001_0043980.tif
Input file size is 2400, 2400
0...10...20...30...40...50...60...70...80...90...100 - done.
+ for f in $OUTPUTS_DIR/*.bil
++ basename ./outputs_C5.0_W0.0/time_of_arrival_0000001_0043980.bil
++ cut -d. -f1
+ gdal_translate -a_srs 'EPSG: 32610' -co COMPRESS=DEFLATE -co ZLEVEL=9 ./outputs_C5.0_W0.0/time_of_arrival_0000001_0043980.bil ./outputs_C5.0_W0.0/time_of_arrival_0000001_0043980.tif
Input file size is 2400, 2400
0...10...20...30...40...50...60...70...80...90...100 - done.
+ for f in $OUTPUTS_DIR/*.bil
++ basename ./outputs_C5.0_W0.0/vs_0000001_0043980.bil
++ cut -d. -f1
+ gdal_translate -a_srs 'EPSG: 32610' -co COMPRESS=DEFLATE -co ZLEVEL=9 ./outputs_C5.0_W0.0/vs_0000001_0043980.bil ./outputs_C5.0_W0.0/vs_0000001_0043980.tif
Input file size is 2400, 2400
0...10...20...30...40...50...60...70...80...90...100 - done.
+ rm -f -r ./outputs_C5.0_W0.0/fire_size_stats.csv ./outputs_C5.0_W0.0/timings_firelabserver.csv ./outputs_C5.0_W0.0/flin_0000001_0043980.bil ./outputs_C5.0_W0.0/time_of_arrival_0000001_0043980.bil ./outputs_C5.0_W0.0/vs_0000001_0043980.bil ./outputs_C5.0_W0.0/flin_0000001_0043980.hdr ./outputs_C5.0_W0.0/time_of_arrival_0000001_0043980.hdr ./outputs_C5.0_W0.0/vs_0000001_0043980.hdr ./inputs/ws.tif
+ for WIND_SPEED in 0.0 15.0 30.0
+ OUTPUTS_DIR=./outputs_C5.0_W15.0
+ replace_line OUTPUTS_DIRECTORY ./outputs_C5.0_W15.0 yes
+ MATCH_PATTERN=OUTPUTS_DIRECTORY
+ NEW_VALUE=./outputs_C5.0_W15.0
+ IS_STRING=yes
++ grep -n OUTPUTS_DIRECTORY ./inputs/elmfire.data
++ cut -d: -f1
+ LINE=25
+ sed -i '25 d' ./inputs/elmfire.data
+ '[' yes = yes ']'
+ sed -i '25 i OUTPUTS_DIRECTORY = '\''./outputs_C5.0_W15.0'\''' ./inputs/elmfire.data
+ '[' -d ./outputs_C5.0_W15.0 ']'
+ mkdir ./outputs_C5.0_W15.0
+ gdal_calc.py -A ./scratch/float.tif --co=COMPRESS=DEFLATE --co=ZLEVEL=9 --NoDataValue=-9999 --outfile=./inputs/ws.tif '--calc=A + 15.0'
0...10...20...30...40...50...60...70...80...90...100 - done.
+ /home/dwip/binYiren_SU2/elmfire_2024.0916 ./inputs/elmfire.data
 ELMFIRE 2024.0916
 Reading &MISCELLANEOUS namelist group
 Reading &INPUTS namelist group
 Reading &OUTPUTS namelist group
 Reading &COMPUTATIONAL_DOMAIN namelist group
 Reading &TIME_CONTROL namelist group
 Reading &SIMULATOR namelist group
 Reading &WUI namelist group
 Reading &CALIBRATION namelist group
 Reading &SUPPRESSION namelist group
 Reading &SPOTTING namelist group
 Reading &SMOKE namelist group
 Reading &MONTE_CARLO namelist group
 Reading headers for fuels/topography and weather rasters
/usr/bin/gdal_translate -of ENVI -co "INTERLEAVE=BSQ" ./inputs/asp.tif ./scratch/asp.bsq
Input file size is 2400, 2400
0...10...20...30...40...50...60...70...80...90...100 - done.
/usr/bin/gdal_translate -of ENVI -co "INTERLEAVE=BSQ" ./inputs/ws.tif ./scratch/ws.bsq
Input file size is 2400, 2400
0...10...20...30...40...50...60...70...80...90...100 - done.
 Setting up shared memory, part 1
 Reading weather, fuel, and topography rasters
/bin/rm -f ./scratch/ws.bsq ./scratch/ws.hdr ./scratch/ws.prj ./scratch/ws.bsq.aux.xml
/usr/bin/gdal_translate -of ENVI -co "INTERLEAVE=BSQ" ./inputs/ws.tif ./scratch/ws.bsq
Input file size is 2400, 2400
0...10...20...30...40...50...60...70...80...90...100 - done.
/bin/rm -f ./scratch/wd.bsq ./scratch/wd.hdr ./scratch/wd.prj ./scratch/wd.bsq.aux.xml
/usr/bin/gdal_translate -of ENVI -co "INTERLEAVE=BSQ" ./inputs/wd.tif ./scratch/wd.bsq
Input file size is 2400, 2400
0...10...20...30...40...50...60...70...80...90...100 - done.
/bin/rm -f ./scratch/m1.bsq ./scratch/m1.hdr ./scratch/m1.prj ./scratch/m1.bsq.aux.xml
/usr/bin/gdal_translate -of ENVI -co "INTERLEAVE=BSQ" ./inputs/m1.tif ./scratch/m1.bsq
Input file size is 2400, 2400
0...10...20...30...40...50...60...70...80...90...100 - done.
/bin/rm -f ./scratch/m10.bsq ./scratch/m10.hdr ./scratch/m10.prj ./scratch/m10.bsq.aux.xml
/usr/bin/gdal_translate -of ENVI -co "INTERLEAVE=BSQ" ./inputs/m10.tif ./scratch/m10.bsq
Input file size is 2400, 2400
0...10...20...30...40...50...60...70...80...90...100 - done.
/bin/rm -f ./scratch/m100.bsq ./scratch/m100.hdr ./scratch/m100.prj ./scratch/m100.bsq.aux.xml
/usr/bin/gdal_translate -of ENVI -co "INTERLEAVE=BSQ" ./inputs/m100.tif ./scratch/m100.bsq
Input file size is 2400, 2400
0...10...20...30...40...50...60...70...80...90...100 - done.
 Reading fuel and topography rasters
/bin/rm -f ./scratch/asp.bsq ./scratch/asp.hdr ./scratch/asp.prj ./scratch/asp.bsq.aux.xml
/usr/bin/gdal_translate -of ENVI -co "INTERLEAVE=BSQ" ./inputs/asp.tif ./scratch/asp.bsq
Input file size is 2400, 2400
0...10...20...30...40...50...60...70...80...90...100 - done.
/bin/rm -f ./scratch/cbh.bsq ./scratch/cbh.hdr ./scratch/cbh.prj ./scratch/cbh.bsq.aux.xml
/usr/bin/gdal_translate -of ENVI -co "INTERLEAVE=BSQ" ./inputs/cbh.tif ./scratch/cbh.bsq
Input file size is 2400, 2400
0...10...20...30...40...50...60...70...80...90...100 - done.
/bin/rm -f ./scratch/cbd.bsq ./scratch/cbd.hdr ./scratch/cbd.prj ./scratch/cbd.bsq.aux.xml
/usr/bin/gdal_translate -of ENVI -co "INTERLEAVE=BSQ" ./inputs/cbd.tif ./scratch/cbd.bsq
Input file size is 2400, 2400
0...10...20...30...40...50...60...70...80...90...100 - done.
/bin/rm -f ./scratch/cc.bsq ./scratch/cc.hdr ./scratch/cc.prj ./scratch/cc.bsq.aux.xml
/usr/bin/gdal_translate -of ENVI -co "INTERLEAVE=BSQ" ./inputs/cc.tif ./scratch/cc.bsq
Input file size is 2400, 2400
0...10...20...30...40...50...60...70...80...90...100 - done.
/bin/rm -f ./scratch/ch.bsq ./scratch/ch.hdr ./scratch/ch.prj ./scratch/ch.bsq.aux.xml
/usr/bin/gdal_translate -of ENVI -co "INTERLEAVE=BSQ" ./inputs/ch.tif ./scratch/ch.bsq
Input file size is 2400, 2400
0...10...20...30...40...50...60...70...80...90...100 - done.
/bin/rm -f ./scratch/dem.bsq ./scratch/dem.hdr ./scratch/dem.prj ./scratch/dem.bsq.aux.xml
/usr/bin/gdal_translate -of ENVI -co "INTERLEAVE=BSQ" ./inputs/dem.tif ./scratch/dem.bsq
Input file size is 2400, 2400
0...10...20...30...40...50...60...70...80...90...100 - done.
/bin/rm -f ./scratch/fbfm40.bsq ./scratch/fbfm40.hdr ./scratch/fbfm40.prj ./scratch/fbfm40.bsq.aux.xml
/usr/bin/gdal_translate -of ENVI -co "INTERLEAVE=BSQ" ./inputs/fbfm40.tif ./scratch/fbfm40.bsq
Input file size is 2400, 2400
0...10...20...30...40...50...60...70...80...90...100 - done.
/bin/rm -f ./scratch/slp.bsq ./scratch/slp.hdr ./scratch/slp.prj ./scratch/slp.bsq.aux.xml
/usr/bin/gdal_translate -of ENVI -co "INTERLEAVE=BSQ" ./inputs/slp.tif ./scratch/slp.bsq
Input file size is 2400, 2400
0...10...20...30...40...50...60...70...80...90...100 - done.
/bin/rm -f ./scratch/adj.bsq ./scratch/adj.hdr ./scratch/adj.prj ./scratch/adj.bsq.aux.xml
/usr/bin/gdal_translate -of ENVI -co "INTERLEAVE=BSQ" ./inputs/adj.tif ./scratch/adj.bsq
Input file size is 2400, 2400
0...10...20...30...40...50...60...70...80...90...100 - done.
/bin/rm -f ./scratch/phi.bsq ./scratch/phi.hdr ./scratch/phi.prj ./scratch/phi.bsq.aux.xml
/usr/bin/gdal_translate -of ENVI -co "INTERLEAVE=BSQ" ./inputs/phi.tif ./scratch/phi.bsq
Input file size is 2400, 2400
0...10...20...30...40...50...60...70...80...90...100 - done.
 Allocating additional rasters
 Setting up shared memory, part 2
 Setting up statistics arrays
 ELMFIRE is running each ensemble member
Meteorology band      1: Case #       1 complete.  Fire area:      0.0 acres.
 End of simulation reached successfully. Shutting down.
+ for f in $OUTPUTS_DIR/*.bil
++ basename ./outputs_C5.0_W15.0/flin_0000001_0043980.bil
++ cut -d. -f1
+ gdal_translate -a_srs 'EPSG: 32610' -co COMPRESS=DEFLATE -co ZLEVEL=9 ./outputs_C5.0_W15.0/flin_0000001_0043980.bil ./outputs_C5.0_W15.0/flin_0000001_0043980.tif
Input file size is 2400, 2400
0...10...20...30...40...50...60...70...80...90...100 - done.
+ for f in $OUTPUTS_DIR/*.bil
++ basename ./outputs_C5.0_W15.0/time_of_arrival_0000001_0043980.bil
++ cut -d. -f1
+ gdal_translate -a_srs 'EPSG: 32610' -co COMPRESS=DEFLATE -co ZLEVEL=9 ./outputs_C5.0_W15.0/time_of_arrival_0000001_0043980.bil ./outputs_C5.0_W15.0/time_of_arrival_0000001_0043980.tif
Input file size is 2400, 2400
0...10...20...30...40...50...60...70...80...90...100 - done.
+ for f in $OUTPUTS_DIR/*.bil
++ basename ./outputs_C5.0_W15.0/vs_0000001_0043980.bil
++ cut -d. -f1
+ gdal_translate -a_srs 'EPSG: 32610' -co COMPRESS=DEFLATE -co ZLEVEL=9 ./outputs_C5.0_W15.0/vs_0000001_0043980.bil ./outputs_C5.0_W15.0/vs_0000001_0043980.tif
Input file size is 2400, 2400
0...10...20...30...40...50...60...70...80...90...100 - done.
+ rm -f -r ./outputs_C5.0_W15.0/fire_size_stats.csv ./outputs_C5.0_W15.0/timings_firelabserver.csv ./outputs_C5.0_W15.0/flin_0000001_0043980.bil ./outputs_C5.0_W15.0/time_of_arrival_0000001_0043980.bil ./outputs_C5.0_W15.0/vs_0000001_0043980.bil ./outputs_C5.0_W15.0/flin_0000001_0043980.hdr ./outputs_C5.0_W15.0/time_of_arrival_0000001_0043980.hdr ./outputs_C5.0_W15.0/vs_0000001_0043980.hdr ./inputs/ws.tif
+ for WIND_SPEED in 0.0 15.0 30.0
+ OUTPUTS_DIR=./outputs_C5.0_W30.0
+ replace_line OUTPUTS_DIRECTORY ./outputs_C5.0_W30.0 yes
+ MATCH_PATTERN=OUTPUTS_DIRECTORY
+ NEW_VALUE=./outputs_C5.0_W30.0
+ IS_STRING=yes
++ grep -n OUTPUTS_DIRECTORY ./inputs/elmfire.data
++ cut -d: -f1
+ LINE=25
+ sed -i '25 d' ./inputs/elmfire.data
+ '[' yes = yes ']'
+ sed -i '25 i OUTPUTS_DIRECTORY = '\''./outputs_C5.0_W30.0'\''' ./inputs/elmfire.data
+ '[' -d ./outputs_C5.0_W30.0 ']'
+ mkdir ./outputs_C5.0_W30.0
+ gdal_calc.py -A ./scratch/float.tif --co=COMPRESS=DEFLATE --co=ZLEVEL=9 --NoDataValue=-9999 --outfile=./inputs/ws.tif '--calc=A + 30.0'
0...10...20...30...40...50...60...70...80...90...100 - done.
+ /home/dwip/binYiren_SU2/elmfire_2024.0916 ./inputs/elmfire.data
 ELMFIRE 2024.0916
 Reading &MISCELLANEOUS namelist group
 Reading &INPUTS namelist group
 Reading &OUTPUTS namelist group
 Reading &COMPUTATIONAL_DOMAIN namelist group
 Reading &TIME_CONTROL namelist group
 Reading &SIMULATOR namelist group
 Reading &WUI namelist group
 Reading &CALIBRATION namelist group
 Reading &SUPPRESSION namelist group
 Reading &SPOTTING namelist group
 Reading &SMOKE namelist group
 Reading &MONTE_CARLO namelist group
 Reading headers for fuels/topography and weather rasters
/usr/bin/gdal_translate -of ENVI -co "INTERLEAVE=BSQ" ./inputs/asp.tif ./scratch/asp.bsq
Input file size is 2400, 2400
0...10...20...30...40...50...60...70...80...90...100 - done.
/usr/bin/gdal_translate -of ENVI -co "INTERLEAVE=BSQ" ./inputs/ws.tif ./scratch/ws.bsq
Input file size is 2400, 2400
0...10...20...30...40...50...60...70...80...90...100 - done.
 Setting up shared memory, part 1
 Reading weather, fuel, and topography rasters
/bin/rm -f ./scratch/ws.bsq ./scratch/ws.hdr ./scratch/ws.prj ./scratch/ws.bsq.aux.xml
/usr/bin/gdal_translate -of ENVI -co "INTERLEAVE=BSQ" ./inputs/ws.tif ./scratch/ws.bsq
Input file size is 2400, 2400
0...10...20...30...40...50...60...70...80...90...100 - done.
/bin/rm -f ./scratch/wd.bsq ./scratch/wd.hdr ./scratch/wd.prj ./scratch/wd.bsq.aux.xml
/usr/bin/gdal_translate -of ENVI -co "INTERLEAVE=BSQ" ./inputs/wd.tif ./scratch/wd.bsq
Input file size is 2400, 2400
0...10...20...30...40...50...60...70...80...90...100 - done.
/bin/rm -f ./scratch/m1.bsq ./scratch/m1.hdr ./scratch/m1.prj ./scratch/m1.bsq.aux.xml
/usr/bin/gdal_translate -of ENVI -co "INTERLEAVE=BSQ" ./inputs/m1.tif ./scratch/m1.bsq
Input file size is 2400, 2400
0...10...20...30...40...50...60...70...80...90...100 - done.
/bin/rm -f ./scratch/m10.bsq ./scratch/m10.hdr ./scratch/m10.prj ./scratch/m10.bsq.aux.xml
/usr/bin/gdal_translate -of ENVI -co "INTERLEAVE=BSQ" ./inputs/m10.tif ./scratch/m10.bsq
Input file size is 2400, 2400
0...10...20...30...40...50...60...70...80...90...100 - done.
/bin/rm -f ./scratch/m100.bsq ./scratch/m100.hdr ./scratch/m100.prj ./scratch/m100.bsq.aux.xml
/usr/bin/gdal_translate -of ENVI -co "INTERLEAVE=BSQ" ./inputs/m100.tif ./scratch/m100.bsq
Input file size is 2400, 2400
0...10...20...30...40...50...60...70...80...90...100 - done.
 Reading fuel and topography rasters
/bin/rm -f ./scratch/asp.bsq ./scratch/asp.hdr ./scratch/asp.prj ./scratch/asp.bsq.aux.xml
/usr/bin/gdal_translate -of ENVI -co "INTERLEAVE=BSQ" ./inputs/asp.tif ./scratch/asp.bsq
Input file size is 2400, 2400
0...10...20...30...40...50...60...70...80...90...100 - done.
/bin/rm -f ./scratch/cbh.bsq ./scratch/cbh.hdr ./scratch/cbh.prj ./scratch/cbh.bsq.aux.xml
/usr/bin/gdal_translate -of ENVI -co "INTERLEAVE=BSQ" ./inputs/cbh.tif ./scratch/cbh.bsq
Input file size is 2400, 2400
0...10...20...30...40...50...60...70...80...90...100 - done.
/bin/rm -f ./scratch/cbd.bsq ./scratch/cbd.hdr ./scratch/cbd.prj ./scratch/cbd.bsq.aux.xml
/usr/bin/gdal_translate -of ENVI -co "INTERLEAVE=BSQ" ./inputs/cbd.tif ./scratch/cbd.bsq
Input file size is 2400, 2400
0...10...20...30...40...50...60...70...80...90...100 - done.
/bin/rm -f ./scratch/cc.bsq ./scratch/cc.hdr ./scratch/cc.prj ./scratch/cc.bsq.aux.xml
/usr/bin/gdal_translate -of ENVI -co "INTERLEAVE=BSQ" ./inputs/cc.tif ./scratch/cc.bsq
Input file size is 2400, 2400
0...10...20...30...40...50...60...70...80...90...100 - done.
/bin/rm -f ./scratch/ch.bsq ./scratch/ch.hdr ./scratch/ch.prj ./scratch/ch.bsq.aux.xml
/usr/bin/gdal_translate -of ENVI -co "INTERLEAVE=BSQ" ./inputs/ch.tif ./scratch/ch.bsq
Input file size is 2400, 2400
0...10...20...30...40...50...60...70...80...90...100 - done.
/bin/rm -f ./scratch/dem.bsq ./scratch/dem.hdr ./scratch/dem.prj ./scratch/dem.bsq.aux.xml
/usr/bin/gdal_translate -of ENVI -co "INTERLEAVE=BSQ" ./inputs/dem.tif ./scratch/dem.bsq
Input file size is 2400, 2400
0...10...20...30...40...50...60...70...80...90...100 - done.
/bin/rm -f ./scratch/fbfm40.bsq ./scratch/fbfm40.hdr ./scratch/fbfm40.prj ./scratch/fbfm40.bsq.aux.xml
/usr/bin/gdal_translate -of ENVI -co "INTERLEAVE=BSQ" ./inputs/fbfm40.tif ./scratch/fbfm40.bsq
Input file size is 2400, 2400
0...10...20...30...40...50...60...70...80...90...100 - done.
/bin/rm -f ./scratch/slp.bsq ./scratch/slp.hdr ./scratch/slp.prj ./scratch/slp.bsq.aux.xml
/usr/bin/gdal_translate -of ENVI -co "INTERLEAVE=BSQ" ./inputs/slp.tif ./scratch/slp.bsq
Input file size is 2400, 2400
0...10...20...30...40...50...60...70...80...90...100 - done.
/bin/rm -f ./scratch/adj.bsq ./scratch/adj.hdr ./scratch/adj.prj ./scratch/adj.bsq.aux.xml
/usr/bin/gdal_translate -of ENVI -co "INTERLEAVE=BSQ" ./inputs/adj.tif ./scratch/adj.bsq
Input file size is 2400, 2400
0...10...20...30...40...50...60...70...80...90...100 - done.
/bin/rm -f ./scratch/phi.bsq ./scratch/phi.hdr ./scratch/phi.prj ./scratch/phi.bsq.aux.xml
/usr/bin/gdal_translate -of ENVI -co "INTERLEAVE=BSQ" ./inputs/phi.tif ./scratch/phi.bsq
Input file size is 2400, 2400
0...10...20...30...40...50...60...70...80...90...100 - done.
Terminated
+ for f in $OUTPUTS_DIR/*.bil
++ basename './outputs_C5.0_W30.0/*.bil'
++ cut -d. -f1
+ gdal_translate -a_srs 'EPSG: 32610' -co COMPRESS=DEFLATE -co ZLEVEL=9 './outputs_C5.0_W30.0/*.bil' './outputs_C5.0_W30.0/*.tif'
ERROR 4: ./outputs_C5.0_W30.0/*.bil: No such file or directory
+ rm -f -r './outputs_C5.0_W30.0/*.csv' './outputs_C5.0_W30.0/*.bil' './outputs_C5.0_W30.0/*.hdr' ./inputs/ws.tif
+ '[' -d outputsSingle ']'
+ rm -r outputsSingle
+ mkdir outputsSingle
+ mv outputs_C5.0_W0.0 outputs_C5.0_W15.0 outputs_C5.0_W30.0 outputsSingle
+ exit 0
+ CELLSIZE=10.0
+ DOMAINSIZE=12000.0
+ SIMULATION_TSTOP=43200.0
+ NUM_FLOAT_RASTERS=7
+ FLOAT_RASTER[2]=wd
+ FLOAT_VAL[2]=0.0
+ FLOAT_RASTER[3]=m1
+ FLOAT_VAL[3]=3.0
+ FLOAT_RASTER[4]=m10
+ FLOAT_VAL[4]=4.0
+ FLOAT_RASTER[5]=m100
+ FLOAT_VAL[5]=5.0
+ FLOAT_RASTER[6]=adj
+ FLOAT_VAL[6]=1.0
+ FLOAT_RASTER[7]=phi
+ FLOAT_VAL[7]=1.0
+ NUM_INT_RASTERS=8
+ INT_RASTER[1]=slp
+ INT_VAL[1]=0
+ INT_RASTER[2]=asp
+ INT_VAL[2]=0
+ INT_RASTER[3]=dem
+ INT_VAL[3]=0
+ INT_RASTER[4]=fbfm40
+ INT_VAL[4]=91
+ INT_RASTER[5]=cc
+ INT_VAL[5]=0
+ INT_RASTER[6]=ch
+ INT_VAL[6]=0
+ INT_RASTER[7]=cbh
+ INT_VAL[7]=0
+ INT_RASTER[8]=cbd
+ INT_VAL[8]=0
+ LH_MOISTURE_CONTENT=30.0
+ LW_MOISTURE_CONTENT=60.0
+ A_SRS='EPSG: 32610'
+ ELMFIRE_VER=2024.0916
++ echo '0.0 - 0.5 * 12000.0'
++ bc -l
+ XMIN=-6000.00
++ echo '0.0 + 0.5 * 12000.0'
++ bc -l
+ XMAX=6000.00
+ YMIN=-6000.00
+ YMAX=6000.00
+ TR='10.0 10.0'
+ TE='-6000.00 -6000.00 6000.00 6000.00'
+ SCRATCH=./scratch
+ INPUTS=./inputs
+ MISC=./misc
+ rm -f -r ./scratch ./inputs
+ mkdir ./inputs ./scratch
+ cp elmfire.data.in ./inputs/elmfire.data
+ printf 'x,y,z\n-100000,-100000,0\n100000,-100000,0\n-100000,100000,0\n100000,100000,0\n'
+ gdalwarp -tr 200000 200000 -te -100000 -100000 100000 100000 -s_srs 'EPSG: 32610' -t_srs 'EPSG: 32610' ./scratch/dummy.xyz ./scratch/dummy.tif
Creating output file that is 1P x 1L.
Processing ./scratch/dummy.xyz [1/1] : 0...10...20...30...40...50...60...70...80...90...100 - done.
+ gdalwarp -dstnodata -9999 -ot Float32 -tr 10.0 10.0 -te -6000.00 -6000.00 6000.00 6000.00 ./scratch/dummy.tif ./scratch/float.tif
Creating output file that is 1200P x 1200L.
Processing ./scratch/dummy.tif [1/1] : 0...10...20...30...40...50...60...70...80...90...100 - done.
+ gdalwarp -dstnodata -9999 -ot Int16 -tr 10.0 10.0 -te -6000.00 -6000.00 6000.00 6000.00 ./scratch/dummy.tif ./scratch/int.tif
Creating output file that is 1200P x 1200L.
Processing ./scratch/dummy.tif [1/1] : 0...10...20...30...40...50...60...70...80...90...100 - done.
++ eval echo '{2..7}'
+++ echo 2 3 4 5 6 7
+ for i in $(eval echo "{2..$NUM_FLOAT_RASTERS}")
+ gdal_calc.py -A ./scratch/float.tif --co=COMPRESS=DEFLATE --co=ZLEVEL=9 --NoDataValue=-9999 --outfile=./inputs/wd.tif '--calc=A + 0.0'
0...10...20...30...40...50...60...70...80...90...100 - done.
+ for i in $(eval echo "{2..$NUM_FLOAT_RASTERS}")
+ gdal_calc.py -A ./scratch/float.tif --co=COMPRESS=DEFLATE --co=ZLEVEL=9 --NoDataValue=-9999 --outfile=./inputs/m1.tif '--calc=A + 3.0'
0...10...20...30...40...50...60...70...80...90...100 - done.
+ for i in $(eval echo "{2..$NUM_FLOAT_RASTERS}")
+ gdal_calc.py -A ./scratch/float.tif --co=COMPRESS=DEFLATE --co=ZLEVEL=9 --NoDataValue=-9999 --outfile=./inputs/m10.tif '--calc=A + 4.0'
0...10...20...30...40...50...60...70...80...90...100 - done.
+ for i in $(eval echo "{2..$NUM_FLOAT_RASTERS}")
+ gdal_calc.py -A ./scratch/float.tif --co=COMPRESS=DEFLATE --co=ZLEVEL=9 --NoDataValue=-9999 --outfile=./inputs/m100.tif '--calc=A + 5.0'
0...10...20...30...40...50...60...70...80...90...100 - done.
+ for i in $(eval echo "{2..$NUM_FLOAT_RASTERS}")
+ gdal_calc.py -A ./scratch/float.tif --co=COMPRESS=DEFLATE --co=ZLEVEL=9 --NoDataValue=-9999 --outfile=./inputs/adj.tif '--calc=A + 1.0'
0...10...20...30...40...50...60...70...80...90...100 - done.
+ for i in $(eval echo "{2..$NUM_FLOAT_RASTERS}")
+ gdal_calc.py -A ./scratch/float.tif --co=COMPRESS=DEFLATE --co=ZLEVEL=9 --NoDataValue=-9999 --outfile=./inputs/phi.tif '--calc=A + 1.0'
0...10...20...30...40...50...60...70...80...90...100 - done.
++ eval echo '{1..8}'
+++ echo 1 2 3 4 5 6 7 8
+ for i in $(eval echo "{1..$NUM_INT_RASTERS}")
+ gdal_calc.py -A ./scratch/int.tif --co=COMPRESS=DEFLATE --co=ZLEVEL=9 --NoDataValue=-9999 --outfile=./inputs/slp.tif '--calc=A + 0'
0...10...20...30...40...50...60...70...80...90...100 - done.
+ for i in $(eval echo "{1..$NUM_INT_RASTERS}")
+ gdal_calc.py -A ./scratch/int.tif --co=COMPRESS=DEFLATE --co=ZLEVEL=9 --NoDataValue=-9999 --outfile=./inputs/asp.tif '--calc=A + 0'
0...10...20...30...40...50...60...70...80...90...100 - done.
+ for i in $(eval echo "{1..$NUM_INT_RASTERS}")
+ gdal_calc.py -A ./scratch/int.tif --co=COMPRESS=DEFLATE --co=ZLEVEL=9 --NoDataValue=-9999 --outfile=./inputs/dem.tif '--calc=A + 0'
0...10...20...30...40...50...60...70...80...90...100 - done.
+ for i in $(eval echo "{1..$NUM_INT_RASTERS}")
+ gdal_calc.py -A ./scratch/int.tif --co=COMPRESS=DEFLATE --co=ZLEVEL=9 --NoDataValue=-9999 --outfile=./inputs/fbfm40.tif '--calc=A + 91'
0...10...20...30...40...50...60...70...80...90...100 - done.
+ for i in $(eval echo "{1..$NUM_INT_RASTERS}")
+ gdal_calc.py -A ./scratch/int.tif --co=COMPRESS=DEFLATE --co=ZLEVEL=9 --NoDataValue=-9999 --outfile=./inputs/cc.tif '--calc=A + 0'
0...10...20...30...40...50...60...70...80...90...100 - done.
+ for i in $(eval echo "{1..$NUM_INT_RASTERS}")
+ gdal_calc.py -A ./scratch/int.tif --co=COMPRESS=DEFLATE --co=ZLEVEL=9 --NoDataValue=-9999 --outfile=./inputs/ch.tif '--calc=A + 0'
0...10...20...30...40...50...60...70...80...90...100 - done.
+ for i in $(eval echo "{1..$NUM_INT_RASTERS}")
+ gdal_calc.py -A ./scratch/int.tif --co=COMPRESS=DEFLATE --co=ZLEVEL=9 --NoDataValue=-9999 --outfile=./inputs/cbh.tif '--calc=A + 0'
0...10...20...30...40...50...60...70...80...90...100 - done.
+ for i in $(eval echo "{1..$NUM_INT_RASTERS}")
+ gdal_calc.py -A ./scratch/int.tif --co=COMPRESS=DEFLATE --co=ZLEVEL=9 --NoDataValue=-9999 --outfile=./inputs/cbd.tif '--calc=A + 0'
0...10...20...30...40...50...60...70...80...90...100 - done.
+ replace_line COMPUTATIONAL_DOMAIN_XLLCORNER -6000.00 no
+ MATCH_PATTERN=COMPUTATIONAL_DOMAIN_XLLCORNER
+ NEW_VALUE=-6000.00
+ IS_STRING=no
++ grep -n COMPUTATIONAL_DOMAIN_XLLCORNER ./inputs/elmfire.data
++ cut -d: -f1
+ LINE=41
+ sed -i '41 d' ./inputs/elmfire.data
+ '[' no = yes ']'
+ sed -i '41 i COMPUTATIONAL_DOMAIN_XLLCORNER = -6000.00' ./inputs/elmfire.data
+ replace_line COMPUTATIONAL_DOMAIN_YLLCORNER -6000.00 no
+ MATCH_PATTERN=COMPUTATIONAL_DOMAIN_YLLCORNER
+ NEW_VALUE=-6000.00
+ IS_STRING=no
++ grep -n COMPUTATIONAL_DOMAIN_YLLCORNER ./inputs/elmfire.data
++ cut -d: -f1
+ LINE=42
+ sed -i '42 d' ./inputs/elmfire.data
+ '[' no = yes ']'
+ sed -i '42 i COMPUTATIONAL_DOMAIN_YLLCORNER = -6000.00' ./inputs/elmfire.data
+ replace_line COMPUTATIONAL_DOMAIN_CELLSIZE 10.0 no
+ MATCH_PATTERN=COMPUTATIONAL_DOMAIN_CELLSIZE
+ NEW_VALUE=10.0
+ IS_STRING=no
++ grep -n COMPUTATIONAL_DOMAIN_CELLSIZE ./inputs/elmfire.data
++ cut -d: -f1
+ LINE=40
+ sed -i '40 d' ./inputs/elmfire.data
+ '[' no = yes ']'
+ sed -i '40 i COMPUTATIONAL_DOMAIN_CELLSIZE = 10.0' ./inputs/elmfire.data
+ replace_line SIMULATION_TSTOP 43200.0 no
+ MATCH_PATTERN=SIMULATION_TSTOP
+ NEW_VALUE=43200.0
+ IS_STRING=no
++ grep -n SIMULATION_TSTOP ./inputs/elmfire.data
++ cut -d: -f1
+ LINE=47
+ sed -i '47 d' ./inputs/elmfire.data
+ '[' no = yes ']'
+ sed -i '47 i SIMULATION_TSTOP = 43200.0' ./inputs/elmfire.data
+ replace_line LH_MOISTURE_CONTENT 30.0 no
+ MATCH_PATTERN=LH_MOISTURE_CONTENT
+ NEW_VALUE=30.0
+ IS_STRING=no
++ grep -n LH_MOISTURE_CONTENT ./inputs/elmfire.data
++ cut -d: -f1
+ LINE=20
+ sed -i '20 d' ./inputs/elmfire.data
+ '[' no = yes ']'
+ sed -i '20 i LH_MOISTURE_CONTENT = 30.0' ./inputs/elmfire.data
+ replace_line LW_MOISTURE_CONTENT 60.0 no
+ MATCH_PATTERN=LW_MOISTURE_CONTENT
+ NEW_VALUE=60.0
+ IS_STRING=no
++ grep -n LW_MOISTURE_CONTENT ./inputs/elmfire.data
++ cut -d: -f1
+ LINE=21
+ sed -i '21 d' ./inputs/elmfire.data
+ '[' no = yes ']'
+ sed -i '21 i LW_MOISTURE_CONTENT = 60.0' ./inputs/elmfire.data
+ replace_line A_SRS 'EPSG: 32610' yes
+ MATCH_PATTERN=A_SRS
+ NEW_VALUE='EPSG: 32610'
+ IS_STRING=yes
++ grep -n A_SRS ./inputs/elmfire.data
++ cut -d: -f1
+ LINE=39
+ sed -i '39 d' ./inputs/elmfire.data
+ '[' yes = yes ']'
+ sed -i '39 i A_SRS = '\''EPSG: 32610'\''' ./inputs/elmfire.data
+ for WIND_SPEED in 0.0 15.0 30.0
+ OUTPUTS_DIR=./outputs_C10.0_W0.0
+ replace_line OUTPUTS_DIRECTORY ./outputs_C10.0_W0.0 yes
+ MATCH_PATTERN=OUTPUTS_DIRECTORY
+ NEW_VALUE=./outputs_C10.0_W0.0
+ IS_STRING=yes
++ grep -n OUTPUTS_DIRECTORY ./inputs/elmfire.data
++ cut -d: -f1
+ LINE=25
+ sed -i '25 d' ./inputs/elmfire.data
+ '[' yes = yes ']'
+ sed -i '25 i OUTPUTS_DIRECTORY = '\''./outputs_C10.0_W0.0'\''' ./inputs/elmfire.data
+ '[' -d ./outputs_C10.0_W0.0 ']'
+ mkdir ./outputs_C10.0_W0.0
+ gdal_calc.py -A ./scratch/float.tif --co=COMPRESS=DEFLATE --co=ZLEVEL=9 --NoDataValue=-9999 --outfile=./inputs/ws.tif '--calc=A + 0.0'
0...10...20...30...40...50...60...70...80...90...100 - done.
+ /home/dwip/binYiren_SU2/elmfire_2024.0916 ./inputs/elmfire.data
 ELMFIRE 2024.0916
 Reading &MISCELLANEOUS namelist group
 Reading &INPUTS namelist group
 Reading &OUTPUTS namelist group
 Reading &COMPUTATIONAL_DOMAIN namelist group
 Reading &TIME_CONTROL namelist group
 Reading &SIMULATOR namelist group
 Reading &WUI namelist group
 Reading &CALIBRATION namelist group
 Reading &SUPPRESSION namelist group
 Reading &SPOTTING namelist group
 Reading &SMOKE namelist group
 Reading &MONTE_CARLO namelist group
 Reading headers for fuels/topography and weather rasters
/usr/bin/gdal_translate -of ENVI -co "INTERLEAVE=BSQ" ./inputs/asp.tif ./scratch/asp.bsq
Input file size is 1200, 1200
0...10...20...30...40...50...60...70...80...90...100 - done.
/usr/bin/gdal_translate -of ENVI -co "INTERLEAVE=BSQ" ./inputs/ws.tif ./scratch/ws.bsq
Input file size is 1200, 1200
0...10...20...30...40...50...60...70...80...90...100 - done.
 Setting up shared memory, part 1
 Reading weather, fuel, and topography rasters
/bin/rm -f ./scratch/ws.bsq ./scratch/ws.hdr ./scratch/ws.prj ./scratch/ws.bsq.aux.xml
/usr/bin/gdal_translate -of ENVI -co "INTERLEAVE=BSQ" ./inputs/ws.tif ./scratch/ws.bsq
Input file size is 1200, 1200
0...10...20...30...40...50...60...70...80...90...100 - done.
/bin/rm -f ./scratch/wd.bsq ./scratch/wd.hdr ./scratch/wd.prj ./scratch/wd.bsq.aux.xml
/usr/bin/gdal_translate -of ENVI -co "INTERLEAVE=BSQ" ./inputs/wd.tif ./scratch/wd.bsq
Input file size is 1200, 1200
0...10...20...30...40...50...60...70...80...90...100 - done.
/bin/rm -f ./scratch/m1.bsq ./scratch/m1.hdr ./scratch/m1.prj ./scratch/m1.bsq.aux.xml
/usr/bin/gdal_translate -of ENVI -co "INTERLEAVE=BSQ" ./inputs/m1.tif ./scratch/m1.bsq
Input file size is 1200, 1200
0...10...20...30...40...50...60...70...80...90...100 - done.
/bin/rm -f ./scratch/m10.bsq ./scratch/m10.hdr ./scratch/m10.prj ./scratch/m10.bsq.aux.xml
/usr/bin/gdal_translate -of ENVI -co "INTERLEAVE=BSQ" ./inputs/m10.tif ./scratch/m10.bsq
Input file size is 1200, 1200
0...10...20...30...40...50...60...70...80...90...100 - done.
/bin/rm -f ./scratch/m100.bsq ./scratch/m100.hdr ./scratch/m100.prj ./scratch/m100.bsq.aux.xml
/usr/bin/gdal_translate -of ENVI -co "INTERLEAVE=BSQ" ./inputs/m100.tif ./scratch/m100.bsq
Input file size is 1200, 1200
0...10...20...30...40...50...60...70...80...90...100 - done.
 Reading fuel and topography rasters
/bin/rm -f ./scratch/asp.bsq ./scratch/asp.hdr ./scratch/asp.prj ./scratch/asp.bsq.aux.xml
/usr/bin/gdal_translate -of ENVI -co "INTERLEAVE=BSQ" ./inputs/asp.tif ./scratch/asp.bsq
Input file size is 1200, 1200
0...10...20...30...40...50...60...70...80...90...100 - done.
/bin/rm -f ./scratch/cbh.bsq ./scratch/cbh.hdr ./scratch/cbh.prj ./scratch/cbh.bsq.aux.xml
/usr/bin/gdal_translate -of ENVI -co "INTERLEAVE=BSQ" ./inputs/cbh.tif ./scratch/cbh.bsq
Input file size is 1200, 1200
0...10...20...30...40...50...60...70...80...90...100 - done.
/bin/rm -f ./scratch/cbd.bsq ./scratch/cbd.hdr ./scratch/cbd.prj ./scratch/cbd.bsq.aux.xml
/usr/bin/gdal_translate -of ENVI -co "INTERLEAVE=BSQ" ./inputs/cbd.tif ./scratch/cbd.bsq
Input file size is 1200, 1200
0...10...20...30...40...50...60...70...80...90...100 - done.
/bin/rm -f ./scratch/cc.bsq ./scratch/cc.hdr ./scratch/cc.prj ./scratch/cc.bsq.aux.xml
/usr/bin/gdal_translate -of ENVI -co "INTERLEAVE=BSQ" ./inputs/cc.tif ./scratch/cc.bsq
Input file size is 1200, 1200
0...10...20...30...40...50...60...70...80...90...100 - done.
/bin/rm -f ./scratch/ch.bsq ./scratch/ch.hdr ./scratch/ch.prj ./scratch/ch.bsq.aux.xml
/usr/bin/gdal_translate -of ENVI -co "INTERLEAVE=BSQ" ./inputs/ch.tif ./scratch/ch.bsq
Input file size is 1200, 1200
0...10...20...30...40...50...60...70...80...90...100 - done.
/bin/rm -f ./scratch/dem.bsq ./scratch/dem.hdr ./scratch/dem.prj ./scratch/dem.bsq.aux.xml
/usr/bin/gdal_translate -of ENVI -co "INTERLEAVE=BSQ" ./inputs/dem.tif ./scratch/dem.bsq
Input file size is 1200, 1200
0...10...20...30...40...50...60...70...80...90...100 - done.
/bin/rm -f ./scratch/fbfm40.bsq ./scratch/fbfm40.hdr ./scratch/fbfm40.prj ./scratch/fbfm40.bsq.aux.xml
/usr/bin/gdal_translate -of ENVI -co "INTERLEAVE=BSQ" ./inputs/fbfm40.tif ./scratch/fbfm40.bsq
Input file size is 1200, 1200
0...10...20...30...40...50...60...70...80...90...100 - done.
/bin/rm -f ./scratch/slp.bsq ./scratch/slp.hdr ./scratch/slp.prj ./scratch/slp.bsq.aux.xml
/usr/bin/gdal_translate -of ENVI -co "INTERLEAVE=BSQ" ./inputs/slp.tif ./scratch/slp.bsq
Input file size is 1200, 1200
0...10...20...30...40...50...60...70...80...90...100 - done.
/bin/rm -f ./scratch/adj.bsq ./scratch/adj.hdr ./scratch/adj.prj ./scratch/adj.bsq.aux.xml
/usr/bin/gdal_translate -of ENVI -co "INTERLEAVE=BSQ" ./inputs/adj.tif ./scratch/adj.bsq
Input file size is 1200, 1200
0...10...20...30...40...50...60...70...80...90...100 - done.
/bin/rm -f ./scratch/phi.bsq ./scratch/phi.hdr ./scratch/phi.prj ./scratch/phi.bsq.aux.xml
/usr/bin/gdal_translate -of ENVI -co "INTERLEAVE=BSQ" ./inputs/phi.tif ./scratch/phi.bsq
Input file size is 1200, 1200
0...10...20...30...40...50...60...70...80...90...100 - done.
 Allocating additional rasters
 Setting up shared memory, part 2
 Setting up statistics arrays
 ELMFIRE is running each ensemble member
Meteorology band      1: Case #       1 complete.  Fire area:      0.0 acres.
 End of simulation reached successfully. Shutting down.
+ for f in $OUTPUTS_DIR/*.bil
++ basename ./outputs_C10.0_W0.0/flin_0000001_0043980.bil
++ cut -d. -f1
+ gdal_translate -a_srs 'EPSG: 32610' -co COMPRESS=DEFLATE -co ZLEVEL=9 ./outputs_C10.0_W0.0/flin_0000001_0043980.bil ./outputs_C10.0_W0.0/flin_0000001_0043980.tif
Input file size is 1200, 1200
0...10...20...30...40...50...60...70...80...90...100 - done.
+ for f in $OUTPUTS_DIR/*.bil
++ basename ./outputs_C10.0_W0.0/time_of_arrival_0000001_0043980.bil
++ cut -d. -f1
+ gdal_translate -a_srs 'EPSG: 32610' -co COMPRESS=DEFLATE -co ZLEVEL=9 ./outputs_C10.0_W0.0/time_of_arrival_0000001_0043980.bil ./outputs_C10.0_W0.0/time_of_arrival_0000001_0043980.tif
Input file size is 1200, 1200
0...10...20...30...40...50...60...70...80...90...100 - done.
+ for f in $OUTPUTS_DIR/*.bil
++ basename ./outputs_C10.0_W0.0/vs_0000001_0043980.bil
++ cut -d. -f1
+ gdal_translate -a_srs 'EPSG: 32610' -co COMPRESS=DEFLATE -co ZLEVEL=9 ./outputs_C10.0_W0.0/vs_0000001_0043980.bil ./outputs_C10.0_W0.0/vs_0000001_0043980.tif
Input file size is 1200, 1200
0...10...20...30...40...50...60...70...80...90...100 - done.
+ rm -f -r ./outputs_C10.0_W0.0/fire_size_stats.csv ./outputs_C10.0_W0.0/timings_firelabserver.csv ./outputs_C10.0_W0.0/flin_0000001_0043980.bil ./outputs_C10.0_W0.0/time_of_arrival_0000001_0043980.bil ./outputs_C10.0_W0.0/vs_0000001_0043980.bil ./outputs_C10.0_W0.0/flin_0000001_0043980.hdr ./outputs_C10.0_W0.0/time_of_arrival_0000001_0043980.hdr ./outputs_C10.0_W0.0/vs_0000001_0043980.hdr ./inputs/ws.tif
+ for WIND_SPEED in 0.0 15.0 30.0
+ OUTPUTS_DIR=./outputs_C10.0_W15.0
+ replace_line OUTPUTS_DIRECTORY ./outputs_C10.0_W15.0 yes
+ MATCH_PATTERN=OUTPUTS_DIRECTORY
+ NEW_VALUE=./outputs_C10.0_W15.0
+ IS_STRING=yes
++ grep -n OUTPUTS_DIRECTORY ./inputs/elmfire.data
++ cut -d: -f1
+ LINE=25
+ sed -i '25 d' ./inputs/elmfire.data
+ '[' yes = yes ']'
+ sed -i '25 i OUTPUTS_DIRECTORY = '\''./outputs_C10.0_W15.0'\''' ./inputs/elmfire.data
+ '[' -d ./outputs_C10.0_W15.0 ']'
+ mkdir ./outputs_C10.0_W15.0
+ gdal_calc.py -A ./scratch/float.tif --co=COMPRESS=DEFLATE --co=ZLEVEL=9 --NoDataValue=-9999 --outfile=./inputs/ws.tif '--calc=A + 15.0'
0...10...20...30...40...50...60...70...80...90...100 - done.
+ /home/dwip/binYiren_SU2/elmfire_2024.0916 ./inputs/elmfire.data
 ELMFIRE 2024.0916
 Reading &MISCELLANEOUS namelist group
 Reading &INPUTS namelist group
 Reading &OUTPUTS namelist group
 Reading &COMPUTATIONAL_DOMAIN namelist group
 Reading &TIME_CONTROL namelist group
 Reading &SIMULATOR namelist group
 Reading &WUI namelist group
 Reading &CALIBRATION namelist group
 Reading &SUPPRESSION namelist group
 Reading &SPOTTING namelist group
 Reading &SMOKE namelist group
 Reading &MONTE_CARLO namelist group
 Reading headers for fuels/topography and weather rasters
/usr/bin/gdal_translate -of ENVI -co "INTERLEAVE=BSQ" ./inputs/asp.tif ./scratch/asp.bsq
Input file size is 1200, 1200
0...10...20...30...40...50...60...70...80...90...100 - done.
/usr/bin/gdal_translate -of ENVI -co "INTERLEAVE=BSQ" ./inputs/ws.tif ./scratch/ws.bsq
Input file size is 1200, 1200
0...10...20...30...40...50...60...70...80...90...100 - done.
 Setting up shared memory, part 1
 Reading weather, fuel, and topography rasters
/bin/rm -f ./scratch/ws.bsq ./scratch/ws.hdr ./scratch/ws.prj ./scratch/ws.bsq.aux.xml
/usr/bin/gdal_translate -of ENVI -co "INTERLEAVE=BSQ" ./inputs/ws.tif ./scratch/ws.bsq
Input file size is 1200, 1200
0...10...20...30...40...50...60...70...80...90...100 - done.
/bin/rm -f ./scratch/wd.bsq ./scratch/wd.hdr ./scratch/wd.prj ./scratch/wd.bsq.aux.xml
/usr/bin/gdal_translate -of ENVI -co "INTERLEAVE=BSQ" ./inputs/wd.tif ./scratch/wd.bsq
Input file size is 1200, 1200
0...10...20...30...40...50...60...70...80...90...100 - done.
/bin/rm -f ./scratch/m1.bsq ./scratch/m1.hdr ./scratch/m1.prj ./scratch/m1.bsq.aux.xml
/usr/bin/gdal_translate -of ENVI -co "INTERLEAVE=BSQ" ./inputs/m1.tif ./scratch/m1.bsq
Input file size is 1200, 1200
0...10...20...30...40...50...60...70...80...90...100 - done.
/bin/rm -f ./scratch/m10.bsq ./scratch/m10.hdr ./scratch/m10.prj ./scratch/m10.bsq.aux.xml
/usr/bin/gdal_translate -of ENVI -co "INTERLEAVE=BSQ" ./inputs/m10.tif ./scratch/m10.bsq
Input file size is 1200, 1200
0...10...20...30...40...50...60...70...80...90...100 - done.
/bin/rm -f ./scratch/m100.bsq ./scratch/m100.hdr ./scratch/m100.prj ./scratch/m100.bsq.aux.xml
/usr/bin/gdal_translate -of ENVI -co "INTERLEAVE=BSQ" ./inputs/m100.tif ./scratch/m100.bsq
Input file size is 1200, 1200
0...10...20...30...40...50...60...70...80...90...100 - done.
 Reading fuel and topography rasters
/bin/rm -f ./scratch/asp.bsq ./scratch/asp.hdr ./scratch/asp.prj ./scratch/asp.bsq.aux.xml
/usr/bin/gdal_translate -of ENVI -co "INTERLEAVE=BSQ" ./inputs/asp.tif ./scratch/asp.bsq
Input file size is 1200, 1200
0...10...20...30...40...50...60...70...80...90...100 - done.
/bin/rm -f ./scratch/cbh.bsq ./scratch/cbh.hdr ./scratch/cbh.prj ./scratch/cbh.bsq.aux.xml
/usr/bin/gdal_translate -of ENVI -co "INTERLEAVE=BSQ" ./inputs/cbh.tif ./scratch/cbh.bsq
Input file size is 1200, 1200
0...10...20...30...40...50...60...70...80...90...100 - done.
/bin/rm -f ./scratch/cbd.bsq ./scratch/cbd.hdr ./scratch/cbd.prj ./scratch/cbd.bsq.aux.xml
/usr/bin/gdal_translate -of ENVI -co "INTERLEAVE=BSQ" ./inputs/cbd.tif ./scratch/cbd.bsq
Input file size is 1200, 1200
0...10...20...30...40...50...60...70...80...90...100 - done.
/bin/rm -f ./scratch/cc.bsq ./scratch/cc.hdr ./scratch/cc.prj ./scratch/cc.bsq.aux.xml
/usr/bin/gdal_translate -of ENVI -co "INTERLEAVE=BSQ" ./inputs/cc.tif ./scratch/cc.bsq
Input file size is 1200, 1200
0...10...20...30...40...50...60...70...80...90...100 - done.
/bin/rm -f ./scratch/ch.bsq ./scratch/ch.hdr ./scratch/ch.prj ./scratch/ch.bsq.aux.xml
/usr/bin/gdal_translate -of ENVI -co "INTERLEAVE=BSQ" ./inputs/ch.tif ./scratch/ch.bsq
Input file size is 1200, 1200
0...10...20...30...40...50...60...70...80...90...100 - done.
/bin/rm -f ./scratch/dem.bsq ./scratch/dem.hdr ./scratch/dem.prj ./scratch/dem.bsq.aux.xml
/usr/bin/gdal_translate -of ENVI -co "INTERLEAVE=BSQ" ./inputs/dem.tif ./scratch/dem.bsq
Input file size is 1200, 1200
0...10...20...30...40...50...60...70...80...90...100 - done.
/bin/rm -f ./scratch/fbfm40.bsq ./scratch/fbfm40.hdr ./scratch/fbfm40.prj ./scratch/fbfm40.bsq.aux.xml
/usr/bin/gdal_translate -of ENVI -co "INTERLEAVE=BSQ" ./inputs/fbfm40.tif ./scratch/fbfm40.bsq
Input file size is 1200, 1200
0...10...20...30...40...50...60...70...80...90...100 - done.
/bin/rm -f ./scratch/slp.bsq ./scratch/slp.hdr ./scratch/slp.prj ./scratch/slp.bsq.aux.xml
/usr/bin/gdal_translate -of ENVI -co "INTERLEAVE=BSQ" ./inputs/slp.tif ./scratch/slp.bsq
Input file size is 1200, 1200
0...10...20...30...40...50...60...70...80...90...100 - done.
/bin/rm -f ./scratch/adj.bsq ./scratch/adj.hdr ./scratch/adj.prj ./scratch/adj.bsq.aux.xml
/usr/bin/gdal_translate -of ENVI -co "INTERLEAVE=BSQ" ./inputs/adj.tif ./scratch/adj.bsq
Input file size is 1200, 1200
0...10...20...30...40...50...60...70...80...90...100 - done.
/bin/rm -f ./scratch/phi.bsq ./scratch/phi.hdr ./scratch/phi.prj ./scratch/phi.bsq.aux.xml
/usr/bin/gdal_translate -of ENVI -co "INTERLEAVE=BSQ" ./inputs/phi.tif ./scratch/phi.bsq
Input file size is 1200, 1200
0...10...20...30...40...50...60...70...80...90...100 - done.
Terminated
+ for f in $OUTPUTS_DIR/*.bil
++ basename './outputs_C10.0_W15.0/*.bil'
++ cut -d. -f1
+ gdal_translate -a_srs 'EPSG: 32610' -co COMPRESS=DEFLATE -co ZLEVEL=9 './outputs_C10.0_W15.0/*.bil' './outputs_C10.0_W15.0/*.tif'
ERROR 4: ./outputs_C10.0_W15.0/*.bil: No such file or directory
+ rm -f -r './outputs_C10.0_W15.0/*.csv' './outputs_C10.0_W15.0/*.bil' './outputs_C10.0_W15.0/*.hdr' ./inputs/ws.tif
+ for WIND_SPEED in 0.0 15.0 30.0
+ OUTPUTS_DIR=./outputs_C10.0_W30.0
+ replace_line OUTPUTS_DIRECTORY ./outputs_C10.0_W30.0 yes
+ MATCH_PATTERN=OUTPUTS_DIRECTORY
+ NEW_VALUE=./outputs_C10.0_W30.0
+ IS_STRING=yes
++ grep -n OUTPUTS_DIRECTORY ./inputs/elmfire.data
++ cut -d: -f1
+ LINE=25
+ sed -i '25 d' ./inputs/elmfire.data
+ '[' yes = yes ']'
+ sed -i '25 i OUTPUTS_DIRECTORY = '\''./outputs_C10.0_W30.0'\''' ./inputs/elmfire.data
+ '[' -d ./outputs_C10.0_W30.0 ']'
+ mkdir ./outputs_C10.0_W30.0
+ gdal_calc.py -A ./scratch/float.tif --co=COMPRESS=DEFLATE --co=ZLEVEL=9 --NoDataValue=-9999 --outfile=./inputs/ws.tif '--calc=A + 30.0'
0...10...20...30...40...50...60...70...80...90...100 - done.
+ /home/dwip/binYiren_SU2/elmfire_2024.0916 ./inputs/elmfire.data
 ELMFIRE 2024.0916
 Reading &MISCELLANEOUS namelist group
 Reading &INPUTS namelist group
 Reading &OUTPUTS namelist group
 Reading &COMPUTATIONAL_DOMAIN namelist group
 Reading &TIME_CONTROL namelist group
 Reading &SIMULATOR namelist group
 Reading &WUI namelist group
 Reading &CALIBRATION namelist group
 Reading &SUPPRESSION namelist group
 Reading &SPOTTING namelist group
 Reading &SMOKE namelist group
 Reading &MONTE_CARLO namelist group
 Reading headers for fuels/topography and weather rasters
/usr/bin/gdal_translate -of ENVI -co "INTERLEAVE=BSQ" ./inputs/asp.tif ./scratch/asp.bsq
Input file size is 1200, 1200
0...10...20...30...40...50...60...70...80...90...100 - done.
/usr/bin/gdal_translate -of ENVI -co "INTERLEAVE=BSQ" ./inputs/ws.tif ./scratch/ws.bsq
Input file size is 1200, 1200
0...10...20...30...40...50...60...70...80...90...100 - done.
 Setting up shared memory, part 1
 Reading weather, fuel, and topography rasters
/bin/rm -f ./scratch/ws.bsq ./scratch/ws.hdr ./scratch/ws.prj ./scratch/ws.bsq.aux.xml
/usr/bin/gdal_translate -of ENVI -co "INTERLEAVE=BSQ" ./inputs/ws.tif ./scratch/ws.bsq
Input file size is 1200, 1200
0...10...20...30...40...50...60...70...80...90...100 - done.
/bin/rm -f ./scratch/wd.bsq ./scratch/wd.hdr ./scratch/wd.prj ./scratch/wd.bsq.aux.xml
/usr/bin/gdal_translate -of ENVI -co "INTERLEAVE=BSQ" ./inputs/wd.tif ./scratch/wd.bsq
Input file size is 1200, 1200
0...10...20...30...40...50...60...70...80...90...100 - done.
/bin/rm -f ./scratch/m1.bsq ./scratch/m1.hdr ./scratch/m1.prj ./scratch/m1.bsq.aux.xml
/usr/bin/gdal_translate -of ENVI -co "INTERLEAVE=BSQ" ./inputs/m1.tif ./scratch/m1.bsq
Input file size is 1200, 1200
0...10...20...30...40...50...60...70...80...90...100 - done.
/bin/rm -f ./scratch/m10.bsq ./scratch/m10.hdr ./scratch/m10.prj ./scratch/m10.bsq.aux.xml
/usr/bin/gdal_translate -of ENVI -co "INTERLEAVE=BSQ" ./inputs/m10.tif ./scratch/m10.bsq
Input file size is 1200, 1200
0...10...20...30...40...50...60...70...80...90...100 - done.
/bin/rm -f ./scratch/m100.bsq ./scratch/m100.hdr ./scratch/m100.prj ./scratch/m100.bsq.aux.xml
/usr/bin/gdal_translate -of ENVI -co "INTERLEAVE=BSQ" ./inputs/m100.tif ./scratch/m100.bsq
Input file size is 1200, 1200
0...10...20...30...40...50...60...70...80...90...100 - done.
 Reading fuel and topography rasters
/bin/rm -f ./scratch/asp.bsq ./scratch/asp.hdr ./scratch/asp.prj ./scratch/asp.bsq.aux.xml
/usr/bin/gdal_translate -of ENVI -co "INTERLEAVE=BSQ" ./inputs/asp.tif ./scratch/asp.bsq
Input file size is 1200, 1200
0...10...20...30...40...50...60...70...80...90...100 - done.
/bin/rm -f ./scratch/cbh.bsq ./scratch/cbh.hdr ./scratch/cbh.prj ./scratch/cbh.bsq.aux.xml
/usr/bin/gdal_translate -of ENVI -co "INTERLEAVE=BSQ" ./inputs/cbh.tif ./scratch/cbh.bsq
Input file size is 1200, 1200
0...10...20...30...40...50...60...70...80...90...100 - done.
/bin/rm -f ./scratch/cbd.bsq ./scratch/cbd.hdr ./scratch/cbd.prj ./scratch/cbd.bsq.aux.xml
/usr/bin/gdal_translate -of ENVI -co "INTERLEAVE=BSQ" ./inputs/cbd.tif ./scratch/cbd.bsq
Input file size is 1200, 1200
0...10...20...30...40...50...60...70...80...90...100 - done.
/bin/rm -f ./scratch/cc.bsq ./scratch/cc.hdr ./scratch/cc.prj ./scratch/cc.bsq.aux.xml
/usr/bin/gdal_translate -of ENVI -co "INTERLEAVE=BSQ" ./inputs/cc.tif ./scratch/cc.bsq
Input file size is 1200, 1200
0...10...20...30...40...50...60...70...80...90...100 - done.
/bin/rm -f ./scratch/ch.bsq ./scratch/ch.hdr ./scratch/ch.prj ./scratch/ch.bsq.aux.xml
/usr/bin/gdal_translate -of ENVI -co "INTERLEAVE=BSQ" ./inputs/ch.tif ./scratch/ch.bsq
Input file size is 1200, 1200
0...10...20...30...40...50...60...70...80...90...100 - done.
/bin/rm -f ./scratch/dem.bsq ./scratch/dem.hdr ./scratch/dem.prj ./scratch/dem.bsq.aux.xml
/usr/bin/gdal_translate -of ENVI -co "INTERLEAVE=BSQ" ./inputs/dem.tif ./scratch/dem.bsq
Input file size is 1200, 1200
0...10...20...30...40...50...60...70...80...90...100 - done.
/bin/rm -f ./scratch/fbfm40.bsq ./scratch/fbfm40.hdr ./scratch/fbfm40.prj ./scratch/fbfm40.bsq.aux.xml
/usr/bin/gdal_translate -of ENVI -co "INTERLEAVE=BSQ" ./inputs/fbfm40.tif ./scratch/fbfm40.bsq
Input file size is 1200, 1200
0...10...20...30...40...50...60...70...80...90...100 - done.
/bin/rm -f ./scratch/slp.bsq ./scratch/slp.hdr ./scratch/slp.prj ./scratch/slp.bsq.aux.xml
/usr/bin/gdal_translate -of ENVI -co "INTERLEAVE=BSQ" ./inputs/slp.tif ./scratch/slp.bsq
Input file size is 1200, 1200
0...10...20...30...40...50...60...70...80...90...100 - done.
/bin/rm -f ./scratch/adj.bsq ./scratch/adj.hdr ./scratch/adj.prj ./scratch/adj.bsq.aux.xml
/usr/bin/gdal_translate -of ENVI -co "INTERLEAVE=BSQ" ./inputs/adj.tif ./scratch/adj.bsq
Input file size is 1200, 1200
0...10...20...30...40...50...60...70...80...90...100 - done.
/bin/rm -f ./scratch/phi.bsq ./scratch/phi.hdr ./scratch/phi.prj ./scratch/phi.bsq.aux.xml
/usr/bin/gdal_translate -of ENVI -co "INTERLEAVE=BSQ" ./inputs/phi.tif ./scratch/phi.bsq
Input file size is 1200, 1200
0...10...20...30...40...50...60...70...80...90...100 - done.
